-- phpMyAdmin SQL Dump
-- version 5.2.0
-- https://www.phpmyadmin.net/
--
-- Хост: 127.0.0.1:3306
-- Время создания: Июн 04 2026 г., 17:40
-- Версия сервера: 8.0.30
-- Версия PHP: 8.1.9

SET SQL_MODE = "NO_AUTO_VALUE_ON_ZERO";
START TRANSACTION;
SET time_zone = "+00:00";


/*!40101 SET @OLD_CHARACTER_SET_CLIENT=@@CHARACTER_SET_CLIENT */;
/*!40101 SET @OLD_CHARACTER_SET_RESULTS=@@CHARACTER_SET_RESULTS */;
/*!40101 SET @OLD_COLLATION_CONNECTION=@@COLLATION_CONNECTION */;
/*!40101 SET NAMES utf8mb4 */;

--
-- База данных: `combats`
--

-- --------------------------------------------------------

--
-- Структура таблицы `auction`
--

CREATE TABLE `auction` (
  `id` int NOT NULL,
  `user_id` int NOT NULL,
  `item_id` int NOT NULL,
  `cost` int NOT NULL,
  `create_time` int NOT NULL
) ENGINE=InnoDB DEFAULT CHARSET=utf8mb4 COLLATE=utf8mb4_0900_ai_ci;

-- --------------------------------------------------------

--
-- Структура таблицы `avatar`
--

CREATE TABLE `avatar` (
  `id` int NOT NULL,
  `name` varchar(255) NOT NULL,
  `img` varchar(255) NOT NULL
) ENGINE=InnoDB DEFAULT CHARSET=utf8mb4 COLLATE=utf8mb4_0900_ai_ci;

--
-- Дамп данных таблицы `avatar`
--

INSERT INTO `avatar` (`id`, `name`, `img`) VALUES
(1, 'Рыцарь', '/img/player/1.png'),
(2, 'Вор', '/img/player/2.png'),
(3, 'Осада', '/img/player/3.png'),
(4, 'Маг', '/img/player/4.png');

-- --------------------------------------------------------

--
-- Структура таблицы `battle`
--

CREATE TABLE `battle` (
  `id` int NOT NULL,
  `started` int DEFAULT NULL,
  `daemon` int DEFAULT NULL,
  `start_time` bigint DEFAULT NULL,
  `type` int DEFAULT NULL,
  `level` int NOT NULL,
  `bots` int DEFAULT NULL
) ENGINE=InnoDB DEFAULT CHARSET=utf8mb4 COLLATE=utf8mb4_0900_ai_ci;

--
-- Дамп данных таблицы `battle`
--

INSERT INTO `battle` (`id`, `started`, `daemon`, `start_time`, `type`, `level`, `bots`) VALUES
(55, 2, NULL, 1780135651, 1, 1, NULL),
(56, 2, NULL, 1780135758, 1, 2, NULL),
(57, 2, NULL, 1780136209, 1, 3, NULL),
(58, 2, NULL, 1780136695, 1, 4, NULL),
(59, 2, NULL, 1780136978, 1, 5, NULL),
(60, 2, NULL, 1780137233, 1, 6, NULL),
(61, 2, NULL, 1780138184, 1, 7, NULL),
(62, 2, NULL, 1780138442, 1, 8, NULL),
(63, 2, NULL, 1780138748, 1, 9, NULL),
(64, 2, NULL, 1780138790, 1, 9, NULL),
(65, 2, NULL, 1780139077, 1, 10, NULL),
(66, 2, NULL, 1780149179, 1, 10, NULL),
(67, 2, NULL, 1780149304, 1, 10, NULL),
(68, 2, NULL, 1780149330, 1, 10, NULL),
(69, 2, NULL, 1780149366, 1, 10, NULL),
(70, 2, NULL, 1780149395, 1, 10, NULL),
(71, 2, NULL, 1780238450, 1, 10, NULL),
(72, 2, NULL, 1780323533, 1, 10, NULL),
(73, 2, NULL, 1780324008, 1, 10, NULL),
(74, 2, NULL, 1780340609, 1, 10, NULL),
(75, 2, NULL, 1780341056, 1, 10, NULL),
(76, 2, NULL, 1780344610, 1, 10, NULL),
(77, 2, NULL, 1780345050, 1, 10, NULL),
(78, 2, NULL, 1780345269, 1, 10, NULL),
(79, 2, NULL, 1780345338, 1, 10, NULL),
(80, 2, NULL, 1780400594, 1, 10, NULL),
(81, 2, NULL, 1780410616, 1, 10, NULL),
(82, 2, NULL, 1780414851, 1, 10, NULL),
(83, 2, NULL, 1780415157, 1, 10, NULL),
(84, 2, NULL, 1780415731, 1, 10, NULL),
(85, 2, NULL, 1780418643, 1, 10, NULL),
(86, 2, NULL, 1780418717, 1, 10, NULL),
(87, 2, NULL, 1780418739, 1, 10, NULL),
(88, 2, NULL, 1780419190, 1, 10, NULL),
(89, 2, NULL, 1780419195, 1, 10, NULL),
(90, 2, NULL, 1780419223, 1, 10, NULL),
(91, 2, NULL, 1780419225, 1, 10, NULL),
(92, 2, NULL, 1780419276, 1, 10, NULL),
(93, 2, NULL, 1780425262, 1, 10, NULL),
(94, 2, NULL, 1780427162, 1, 10, NULL),
(95, 2, NULL, 1780427172, 1, 10, NULL),
(96, 2, NULL, 1780427223, 1, 10, NULL),
(97, 2, NULL, 1780427238, 1, 10, NULL),
(98, 2, NULL, 1780427268, 1, 10, NULL),
(99, 2, NULL, 1780427271, 1, 10, NULL),
(100, 2, NULL, 1780427451, 1, 10, NULL),
(101, 2, NULL, 1780427460, 1, 10, NULL),
(102, 2, NULL, 1780427509, 1, 10, NULL),
(103, 2, NULL, 1780427515, 1, 10, NULL),
(104, 2, NULL, 1780487996, 1, 10, NULL),
(105, 2, NULL, 1780488550, 1, 10, NULL),
(106, 2, NULL, 1780492649, 1, 10, NULL),
(107, 2, NULL, 1780495737, 1, 10, NULL),
(108, 2, NULL, 1780496657, 1, 10, NULL),
(109, 2, NULL, 1780513433, 1, 10, NULL),
(110, 2, NULL, 1780513764, 1, 10, NULL),
(111, 2, NULL, 1780514358, 1, 10, NULL),
(112, 2, NULL, 1780514362, 1, 10, NULL),
(113, 2, NULL, 1780517595, 1, 10, NULL),
(114, 2, NULL, 1780566256, 1, 10, NULL),
(115, 2, NULL, 1780583549, 1, 10, NULL),
(116, 2, NULL, 1780583933, 1, 10, NULL);

-- --------------------------------------------------------

--
-- Структура таблицы `battle_attack`
--

CREATE TABLE `battle_attack` (
  `id` int NOT NULL,
  `battle_id` int NOT NULL,
  `user_id` int NOT NULL,
  `enemy_id` int NOT NULL,
  `attack` int DEFAULT NULL,
  `block` int NOT NULL DEFAULT '1',
  `skill` varchar(255) CHARACTER SET utf8mb4 COLLATE utf8mb4_0900_ai_ci DEFAULT NULL,
  `attack_time` int DEFAULT NULL,
  `isBot` int DEFAULT '0'
) ENGINE=InnoDB DEFAULT CHARSET=utf8mb4 COLLATE=utf8mb4_0900_ai_ci;

-- --------------------------------------------------------

--
-- Структура таблицы `battle_log`
--

CREATE TABLE `battle_log` (
  `id` int NOT NULL,
  `battle_id` int NOT NULL,
  `user_id` int NOT NULL,
  `enemy_id` int NOT NULL,
  `log` text NOT NULL,
  `attack_time` int NOT NULL
) ENGINE=InnoDB DEFAULT CHARSET=utf8mb4 COLLATE=utf8mb4_0900_ai_ci;

--
-- Дамп данных таблицы `battle_log`
--

INSERT INTO `battle_log` (`id`, `battle_id`, `user_id`, `enemy_id`, `log`, `attack_time`) VALUES
(508, 55, 6, 2, '[BOT] Скелет нанес удар в пах, но [PLAYER] Admin заблокировал, урон составил 11', 1780135656),
(509, 55, 2, 6, '[PLAYER] Admin нанес удар в голову, но [BOT] Скелет заблокировал, урон составил 1', 1780135656),
(510, 55, 6, 2, '[BOT] Скелет нанес удар в ноги, но [PLAYER] Admin заблокировал, урон составил 11', 1780135661),
(511, 55, 2, 6, '[PLAYER] Admin нанес удар в голову, но [BOT] Скелет заблокировал, урон составил 1', 1780135661),
(512, 55, 6, 2, '[BOT] Скелет нанес удар в корпус [PLAYER] Admin и нанес 22 урона', 1780135666),
(513, 55, 2, 6, '[PLAYER] Admin нанес удар в голову, но [BOT] Скелет заблокировал, урон составил 1', 1780135666),
(514, 55, 6, 2, '[BOT] Скелет нанес удар в пах, но [PLAYER] Admin заблокировал, урон составил 11', 1780135671),
(515, 55, 2, 6, '[PLAYER] Admin нанес удар в голову, но [BOT] Скелет заблокировал, урон составил 1', 1780135671),
(516, 56, 7, 2, '[BOT] Зомби нанес удар в голову, но [PLAYER] Admin заблокировал, урон составил 16', 1780135761),
(517, 56, 2, 7, '[PLAYER] Admin нанес удар в голову, но [BOT] Зомби заблокировал, урон составил 1', 1780135761),
(518, 56, 7, 2, '[BOT] Зомби нанес удар в корпус [PLAYER] Admin и нанес 32 урона', 1780135766),
(519, 56, 2, 7, '[PLAYER] Admin нанес удар в голову, но [BOT] Зомби заблокировал, урон составил 1', 1780135766),
(520, 56, 7, 2, '[BOT] Зомби нанес удар в голову, но [PLAYER] Admin заблокировал, урон составил 16', 1780135771),
(521, 56, 2, 7, '[PLAYER] Admin нанес удар в голову, но [BOT] Зомби заблокировал, урон составил 1', 1780135771),
(522, 57, 8, 2, '[BOT] Гоблин нанес удар в корпус [PLAYER] Admin и нанес 37 урона', 1780136217),
(523, 57, 2, 8, '[PLAYER] Admin нанес удар в голову, но [BOT] Гоблин заблокировал, урон составил 1', 1780136217),
(524, 57, 8, 2, '[BOT] Гоблин нанес удар в голову, но [PLAYER] Admin заблокировал, урон составил 18', 1780136222),
(525, 57, 2, 8, '[PLAYER] Admin нанес удар в голову, но [BOT] Гоблин заблокировал, урон составил 1', 1780136222),
(526, 58, 9, 2, '[BOT] Гарпия нанес удар в голову, но [PLAYER] Admin заблокировал, урон составил 23', 1780136698),
(527, 58, 2, 9, '[PLAYER] Admin нанес удар в голову, но [BOT] Гарпия заблокировал, урон составил 1', 1780136698),
(528, 58, 9, 2, '[BOT] Гарпия нанес удар в корпус [PLAYER] Admin и нанес 47 урона', 1780136703),
(529, 58, 2, 9, '[PLAYER] Admin нанес удар в голову, но [BOT] Гарпия заблокировал, урон составил 1', 1780136703),
(530, 59, 10, 2, '[BOT] Голем нанес удар в голову [PLAYER] Admin и нанес 52 урона', 1780136983),
(531, 59, 2, 10, '[PLAYER] Admin нанес удар в голову, но [BOT] Голем заблокировал, урон составил 1', 1780136983),
(532, 60, 11, 2, '[BOT] Вампир нанес удар в ноги, но [PLAYER] Admin заблокировал, урон составил 31', 1780137243),
(533, 60, 2, 11, '[PLAYER] Admin нанес удар в голову, но [BOT] Вампир заблокировал, урон составил 1', 1780137243),
(534, 60, 11, 2, '[BOT] Вампир нанес удар в ноги [PLAYER] Admin и нанес 62 урона', 1780137248),
(535, 60, 2, 11, '[PLAYER] Admin нанес удар в голову, но [BOT] Вампир заблокировал, урон составил 1', 1780137248),
(536, 61, 12, 2, '[BOT] Элементаль нанес удар в ноги [PLAYER] Admin и нанес 72 урона', 1780138190),
(537, 61, 2, 12, '[PLAYER] Admin нанес удар в голову, но [BOT] Элементаль заблокировал, урон составил 1', 1780138190),
(538, 62, 13, 2, '[BOT] Дракон нанес удар в пах, но [PLAYER] Admin заблокировал, урон составил 43', 1780138450),
(539, 62, 2, 13, '[PLAYER] Admin нанес удар в голову, но [BOT] Дракон заблокировал, урон составил 1', 1780138450),
(540, 62, 13, 2, '[BOT] Дракон нанес удар в голову, но [PLAYER] Admin заблокировал, урон составил 43', 1780138455),
(541, 62, 2, 13, '[PLAYER] Admin нанес удар в голову, но [BOT] Дракон заблокировал, урон составил 1', 1780138455),
(542, 63, 15, 2, '[BOT] Лич нанес удар в пах, но [PLAYER] Admin заблокировал, урон составил 61', 1780138771),
(543, 63, 2, 15, '[PLAYER] Admin нанес удар в голову, но [BOT] Лич заблокировал, урон составил 1', 1780138771),
(544, 64, 14, 2, '[BOT] Демон нанес удар в голову [PLAYER] Admin и нанес 102 урона', 1780138851),
(545, 64, 2, 14, '[PLAYER] Admin нанес удар в голову, но [BOT] Демон заблокировал, урон составил 1', 1780138851),
(546, 65, 15, 2, '[BOT] Лич нанес удар в голову, но [PLAYER] Admin заблокировал, урон составил 61', 1780139106),
(547, 65, 2, 15, '[PLAYER] Admin нанес удар в голову, но [BOT] Лич заблокировал, урон составил 1', 1780139106),
(548, 66, 15, 2, '[BOT] Лич нанес удар в ноги, но [PLAYER] Admin заблокировал, урон составил 61', 1780149181),
(549, 66, 2, 15, '[PLAYER] Admin нанес удар в голову, но [BOT] Лич заблокировал, урон составил 1', 1780149181),
(550, 67, 15, 2, '[BOT] Лич нанес удар в пах [PLAYER] Admin и нанес 122 урона', 1780149307),
(551, 67, 2, 15, '[PLAYER] Admin нанес удар в голову, но [BOT] Лич заблокировал, урон составил 1', 1780149307),
(552, 68, 15, 2, '[BOT] Лич нанес удар в пах [PLAYER] Admin и нанес 122 урона', 1780149332),
(553, 68, 2, 15, '[PLAYER] Admin нанес удар в голову, но [BOT] Лич заблокировал, урон составил 1', 1780149332),
(554, 69, 15, 2, '[BOT] Лич нанес удар в корпус [PLAYER] Admin и нанес 122 урона', 1780149372),
(555, 69, 2, 15, '[PLAYER] Admin нанес удар в голову, но [BOT] Лич заблокировал, урон составил 1', 1780149372),
(556, 70, 15, 2, '[BOT] Лич нанес удар в корпус, но [PLAYER] Admin заблокировал, урон составил 61', 1780149397),
(557, 70, 2, 15, '[PLAYER] Admin нанес удар в голову, но [BOT] Лич заблокировал, урон составил 1', 1780149397),
(558, 71, 15, 2, '[BOT] Лич нанес удар в пах [PLAYER] Admin и нанес 37 урона', 1780238471),
(559, 71, 2, 15, '[PLAYER] Admin нанес удар в голову, но [BOT] Лич заблокировал, урон составил 109', 1780238471),
(560, 71, 15, 2, '[BOT] Лич нанес удар в корпус, но [PLAYER] Admin заблокировал, урон составил 18', 1780238476),
(561, 71, 2, 15, '[PLAYER] Admin нанес удар в голову, но [BOT] Лич заблокировал, урон составил 109', 1780238476),
(562, 71, 15, 2, '[BOT] Лич нанес удар в корпус, но [PLAYER] Admin заблокировал, урон составил 18', 1780238496),
(563, 71, 2, 15, '[PLAYER] Admin нанес удар в голову, но [BOT] Лич заблокировал, урон составил 109', 1780238496),
(564, 71, 15, 2, '[BOT] Лич нанес удар в пах [PLAYER] Admin и нанес 37 урона', 1780238687),
(565, 71, 2, 15, '[PLAYER] Admin нанес удар в голову, но [BOT] Лич заблокировал, урон составил 109', 1780238687),
(566, 71, 15, 2, '[BOT] Лич нанес удар в пах [PLAYER] Admin и нанес 37 урона', 1780238692),
(567, 71, 2, 15, '[PLAYER] Admin нанес удар в голову, но [BOT] Лич заблокировал, урон составил 109', 1780238692),
(568, 71, 15, 2, '[BOT] Лич нанес удар в ноги, но [PLAYER] Admin заблокировал, урон составил 18', 1780238697),
(569, 71, 2, 0, '<span style=\"color: orange;\">[PLAYER] Admin использовал КАМНЕПАД и нанес 11 урона всем врагам!</span>', 1780238697),
(570, 71, 15, 2, '[BOT] Лич нанес удар в пах [PLAYER] Admin и нанес 37 урона', 1780238702),
(571, 71, 2, 15, '<span style=\"color: red;\">[PLAYER] Admin использовал МЕТЕОРИТ на [BOT] Лич и нанес 21 урона!</span>', 1780238702),
(572, 71, 15, 2, '[BOT] Лич нанес удар в пах [PLAYER] Admin и нанес 37 урона', 1780238707),
(573, 71, 2, 15, '[PLAYER] Admin нанес удар в голову, но [BOT] Лич заблокировал, урон составил 109', 1780238707),
(574, 71, 15, 2, '[BOT] Лич нанес удар в корпус [PLAYER] Admin и нанес 37 урона', 1780238712),
(575, 71, 2, 15, '[PLAYER] Admin нанес удар в голову, но [BOT] Лич заблокировал, урон составил 109', 1780238712),
(576, 71, 15, 2, '[BOT] Лич нанес удар в голову, но [PLAYER] Admin заблокировал, урон составил 18', 1780238717),
(577, 71, 2, 15, '[PLAYER] Admin нанес удар в голову, но [BOT] Лич заблокировал, урон составил 109', 1780238717),
(578, 71, 15, 2, '[BOT] Лич нанес удар в корпус, но [PLAYER] Admin заблокировал, урон составил 18', 1780238727),
(579, 71, 2, 15, '[PLAYER] Admin нанес удар в голову, но [BOT] Лич заблокировал, урон составил 109', 1780238727),
(580, 71, 15, 2, '[BOT] Лич нанес удар в ноги, но [PLAYER] Admin заблокировал, урон составил 18', 1780238732),
(581, 71, 2, 15, '[PLAYER] Admin нанес удар в голову, но [BOT] Лич заблокировал, урон составил 109', 1780238732),
(582, 72, 15, 2, '[BOT] Лич нанес удар в пах, но [PLAYER] Admin заблокировал, урон составил 18', 1780323546),
(583, 72, 2, 15, '[PLAYER] Admin нанес удар в корпус [BOT] Лич и нанес 248 урона', 1780323546),
(584, 72, 15, 2, '[BOT] Лич нанес удар в корпус, но [PLAYER] Admin заблокировал, урон составил 18', 1780323561),
(585, 72, 2, 0, '<span style=\"color: orange;\">[PLAYER] Admin использовал КАМНЕПАД и нанес 11 урона всем врагам!</span>', 1780323561),
(586, 72, 15, 2, '[BOT] Лич нанес удар в голову, но [PLAYER] Admin заблокировал, урон составил 18', 1780323576),
(587, 72, 2, 15, '<span style=\"color: red;\">[PLAYER] Admin использовал МЕТЕОРИТ на [BOT] Лич и нанес 21 урона!</span>', 1780323576),
(588, 72, 15, 2, '[BOT] Лич нанес удар в голову [PLAYER] Admin и нанес 37 урона', 1780323586),
(589, 72, 2, 0, '<span style=\"color: green;\">[PLAYER] Admin использовал ИСЦЕЛЕНИЕ и восстановил 29 HP союзникам!</span>', 1780323586),
(590, 72, 15, 2, '[BOT] Лич нанес удар в пах, но [PLAYER] Admin заблокировал, урон составил 18', 1780323596),
(591, 72, 2, 0, '<span style=\"color: yellow;\">[PLAYER] Admin использовал ВОЗДУШНЫЙ ЩИТ, поглощение 38 урона!</span>', 1780323596),
(592, 72, 15, 2, '[BOT] Лич нанес удар в ноги [PLAYER] Admin и нанес 11 урона', 1780323621),
(593, 72, 2, 15, '[PLAYER] Admin нанес удар в голову, но [BOT] Лич заблокировал, урон составил 124', 1780323621),
(594, 72, 15, 2, '[BOT] Лич нанес удар в пах [PLAYER] Admin и нанес 36 урона', 1780323626),
(595, 72, 2, 15, '[PLAYER] Admin нанес удар в голову, но [BOT] Лич заблокировал, урон составил 124', 1780323626),
(596, 72, 15, 2, '[BOT] Лич нанес удар в голову, но [PLAYER] Admin заблокировал, урон составил 18', 1780323636),
(597, 72, 2, 15, '[PLAYER] Admin нанес удар в голову, но [BOT] Лич заблокировал, урон составил 124', 1780323636),
(598, 72, 15, 2, '[BOT] Лич нанес удар в голову [PLAYER] Admin и нанес 37 урона', 1780323651),
(599, 72, 2, 15, '[PLAYER] Admin нанес удар в голову, но [BOT] Лич заблокировал, урон составил 124', 1780323651),
(600, 72, 15, 2, '[BOT] Лич нанес удар в голову [PLAYER] Admin и нанес 37 урона', 1780323656),
(601, 72, 2, 15, '[PLAYER] Admin нанес удар в голову, но [BOT] Лич заблокировал, урон составил 124', 1780323656),
(602, 72, 15, 2, '[BOT] Лич нанес удар в пах, но [PLAYER] Admin заблокировал, урон составил 18', 1780323661),
(603, 72, 2, 15, '[PLAYER] Admin нанес удар в голову, но [BOT] Лич заблокировал, урон составил 124', 1780323661),
(604, 72, 15, 2, '[BOT] Лич нанес удар в пах [PLAYER] Admin и нанес 37 урона', 1780323666),
(605, 72, 2, 15, '[PLAYER] Admin нанес удар в голову, но [BOT] Лич заблокировал, урон составил 124', 1780323666),
(606, 73, 2, 2, '[BOT] Admin нанес удар в пах, но [PLAYER] Admin заблокировал, урон составил 43', 1780324112),
(607, 73, 2, 2, '[PLAYER] Admin нанес удар в голову, но [BOT] Admin заблокировал, урон составил 43', 1780324112),
(608, 73, 2, 2, '[BOT] Admin нанес удар в пах, но [PLAYER] Admin заблокировал, урон составил 43', 1780324122),
(609, 73, 2, 2, '[PLAYER] Admin нанес удар в голову, но [BOT] Admin заблокировал, урон составил 43', 1780324122),
(610, 73, 2, 2, '[BOT] Admin нанес удар в корпус [PLAYER] Admin и нанес 87 урона', 1780324172),
(611, 73, 2, 2, '<span style=\"color: red;\">[PLAYER] Admin использовал МЕТЕОРИТ на [BOT] Admin и нанес 2402 урона!</span>', 1780324172),
(612, 73, 2, 2, '[BOT] Admin нанес удар в корпус, но [PLAYER] Admin заблокировал, урон составил 43', 1780324177),
(613, 73, 2, 2, '<span style=\"color: red;\">[PLAYER] Admin использовал МЕТЕОРИТ на [BOT] Admin и нанес 2402 урона!</span>', 1780324177),
(614, 73, 2, 2, '[BOT] Admin нанес удар в пах [PLAYER] Admin и нанес 87 урона', 1780324182),
(615, 73, 2, 2, '<span style=\"color: red;\">[PLAYER] Admin использовал МЕТЕОРИТ на [BOT] Admin и нанес 2402 урона!</span>', 1780324182),
(616, 73, 2, 2, '[BOT] Admin нанес удар в ноги, но [PLAYER] Admin заблокировал, урон составил 43', 1780324202),
(617, 73, 2, 2, '<span style=\"color: red;\">[PLAYER] Admin использовал МЕТЕОРИТ на [BOT] Admin и нанес 2402 урона!</span>', 1780324202),
(618, 74, 15, 2, '<span style=\"color: blue;\">[BOT] Лич атаковал в голову, но [PLAYER] Admin увернулся и нанес контрудар 85 урона!</span>', 1780340612),
(619, 74, 2, 15, '[PLAYER] Admin нанес удар в голову, но [BOT] Лич заблокировал, урон составил 1', 1780340612),
(620, 75, 2, 2, '<span style=\"color: red;\">[BOT] Admin нанес КРИТИЧЕСКИЙ удар в голову [PLAYER] Admin и нанес 1546 урона!</span>', 1780341063),
(621, 75, 2, 2, '[PLAYER] Admin нанес удар в голову, но [BOT] Admin заблокировал, урон составил 515', 1780341063),
(622, 75, 2, 2, '<span style=\"color: red;\">[BOT] Admin нанес КРИТИЧЕСКИЙ удар в голову [PLAYER] Admin и нанес 1546 урона!</span>', 1780341068),
(623, 75, 2, 2, '[PLAYER] Admin нанес удар в голову, но [BOT] Admin заблокировал, урон составил 515', 1780341068),
(624, 75, 2, 2, '[BOT] Admin нанес удар в корпус, но [PLAYER] Admin заблокировал, урон составил 515', 1780341073),
(625, 75, 2, 2, '[PLAYER] Admin нанес удар в голову, но [BOT] Admin заблокировал, урон составил 515', 1780341073),
(626, 75, 2, 2, '[BOT] Admin нанес удар в ноги, но [PLAYER] Admin заблокировал, урон составил 515', 1780341078),
(627, 75, 2, 2, '[PLAYER] Admin нанес удар в голову, но [BOT] Admin заблокировал, урон составил 515', 1780341078),
(628, 75, 2, 2, '[BOT] Admin нанес удар в ноги, но [PLAYER] Admin заблокировал, урон составил 515', 1780341083),
(629, 75, 2, 2, '[PLAYER] Admin нанес удар в голову, но [BOT] Admin заблокировал, урон составил 515', 1780341083),
(630, 75, 2, 2, '[BOT] Admin нанес удар в ноги, но [PLAYER] Admin заблокировал, урон составил 515', 1780341088),
(631, 75, 2, 2, '[PLAYER] Admin нанес удар в голову, но [BOT] Admin заблокировал, урон составил 515', 1780341088),
(632, 75, 2, 2, '[BOT] Admin нанес удар в корпус, но [PLAYER] Admin заблокировал, урон составил 515', 1780341093),
(633, 75, 2, 2, '[PLAYER] Admin нанес удар в голову, но [BOT] Admin заблокировал, урон составил 515', 1780341093),
(634, 75, 2, 2, '[BOT] Admin нанес удар в ноги, но [PLAYER] Admin заблокировал, урон составил 515', 1780341098),
(635, 75, 2, 2, '[PLAYER] Admin нанес удар в голову, но [BOT] Admin заблокировал, урон составил 515', 1780341098),
(636, 75, 2, 2, '<span style=\"color: red;\">[BOT] Admin нанес КРИТИЧЕСКИЙ удар в пах [PLAYER] Admin и нанес 1546 урона!</span>', 1780341103),
(637, 75, 2, 2, '[PLAYER] Admin нанес удар в голову, но [BOT] Admin заблокировал, урон составил 515', 1780341103),
(638, 75, 2, 2, '[BOT] Admin нанес удар в корпус, но [PLAYER] Admin заблокировал, урон составил 515', 1780341108),
(639, 75, 2, 2, '[PLAYER] Admin нанес удар в голову, но [BOT] Admin заблокировал, урон составил 515', 1780341108),
(640, 75, 2, 2, '<span style=\"color: red;\">[BOT] Admin нанес КРИТИЧЕСКИЙ удар в голову [PLAYER] Admin и нанес 1546 урона!</span>', 1780341113),
(641, 75, 2, 2, '[PLAYER] Admin нанес удар в голову, но [BOT] Admin заблокировал, урон составил 515', 1780341113),
(642, 76, 2, 2, '<span style=\"color: blue;\">[BOT] Admin атаковал в ноги, но [PLAYER] Admin увернулся и нанес контрудар 65 урона!</span>', 1780344619),
(643, 76, 2, 2, '[PLAYER] Admin нанес удар в голову, но [BOT] Admin заблокировал, урон составил 46', 1780344619),
(644, 76, 2, 2, '[BOT] Admin нанес удар в голову [PLAYER] Admin и нанес 93 урона', 1780344629),
(645, 76, 2, 2, '<span style=\"color: red;\">[PLAYER] Admin использовал МЕТЕОРИТ на [BOT] Admin и нанес 79 урона!</span>', 1780344629),
(646, 76, 2, 2, '[BOT] Admin нанес удар в голову, но [PLAYER] Admin заблокировал, урон составил 46', 1780344634),
(647, 76, 2, 2, '<span style=\"color: red;\">[PLAYER] Admin использовал МЕТЕОРИТ на [BOT] Admin и нанес 79 урона!</span>', 1780344634),
(648, 76, 2, 2, '<span style=\"color: blue;\">[BOT] Admin атаковал в корпус, но [PLAYER] Admin увернулся и нанес контрудар 65 урона!</span>', 1780344639),
(649, 76, 2, 2, '[PLAYER] Admin нанес удар в голову, но [BOT] Admin заблокировал, урон составил 46', 1780344639),
(650, 76, 2, 2, '[BOT] Admin нанес удар в корпус [PLAYER] Admin и нанес 93 урона', 1780344644),
(651, 76, 2, 2, '[PLAYER] Admin нанес удар в голову, но [BOT] Admin заблокировал, урон составил 46', 1780344644),
(652, 76, 2, 2, '[BOT] Admin нанес удар в голову, но [PLAYER] Admin заблокировал, урон составил 46', 1780344649),
(653, 76, 2, 2, '[PLAYER] Admin нанес удар в голову, но [BOT] Admin заблокировал, урон составил 46', 1780344649),
(654, 76, 2, 2, '[BOT] Admin нанес удар в пах, но [PLAYER] Admin заблокировал, урон составил 46', 1780344654),
(655, 76, 2, 2, '[PLAYER] Admin нанес удар в голову, но [BOT] Admin заблокировал, урон составил 46', 1780344654),
(656, 76, 2, 2, '[BOT] Admin нанес удар в корпус [PLAYER] Admin и нанес 93 урона', 1780344659),
(657, 76, 2, 2, '[PLAYER] Admin нанес удар в голову, но [BOT] Admin заблокировал, урон составил 46', 1780344659),
(658, 76, 2, 2, '[BOT] Admin нанес удар в голову [PLAYER] Admin и нанес 93 урона', 1780344664),
(659, 76, 2, 2, '[PLAYER] Admin нанес удар в голову, но [BOT] Admin заблокировал, урон составил 46', 1780344664),
(660, 76, 2, 2, '[BOT] Admin нанес удар в голову, но [PLAYER] Admin заблокировал, урон составил 46', 1780344669),
(661, 76, 2, 2, '[PLAYER] Admin нанес удар в голову, но [BOT] Admin заблокировал, урон составил 46', 1780344669),
(662, 76, 2, 2, '[BOT] Admin нанес удар в голову [PLAYER] Admin и нанес 93 урона', 1780344834),
(663, 76, 2, 2, '<span style=\"color: red;\">[PLAYER] Admin использовал МЕТЕОРИТ на [BOT] Admin и нанес 3098 урона!</span>', 1780344834),
(664, 76, 2, 2, '[BOT] Admin нанес удар в ноги [PLAYER] Admin и нанес 93 урона', 1780344839),
(665, 76, 2, 2, '<span style=\"color: red;\">[PLAYER] Admin использовал МЕТЕОРИТ на [BOT] Admin и нанес 3098 урона!</span>', 1780344839),
(666, 77, 2, 2, '[BOT] Admin нанес удар в ноги, но [PLAYER] Admin заблокировал, урон составил 92', 1780345059),
(667, 77, 2, 2, '[PLAYER] Admin нанес удар в голову, но [BOT] Admin заблокировал, урон составил 92', 1780345059),
(668, 77, 2, 2, '<span style=\"color: blue;\">[BOT] Admin атаковал в ноги, но [PLAYER] Admin увернулся и нанес контрудар 128 урона!</span>', 1780345069),
(669, 77, 2, 2, '[PLAYER] Admin нанес удар в голову, но [BOT] Admin заблокировал, урон составил 92', 1780345069),
(670, 77, 2, 2, '[BOT] Admin нанес удар в голову [PLAYER] Admin и нанес 184 урона', 1780345079),
(671, 77, 2, 2, '[PLAYER] Admin нанес удар в голову, но [BOT] Admin заблокировал, урон составил 92', 1780345079),
(672, 77, 2, 2, '[BOT] Admin нанес удар в голову, но [PLAYER] Admin заблокировал, урон составил 92', 1780345084),
(673, 77, 2, 2, '[PLAYER] Admin нанес удар в голову, но [BOT] Admin заблокировал, урон составил 92', 1780345084),
(674, 77, 2, 2, '[BOT] Admin нанес удар в пах [PLAYER] Admin и нанес 184 урона', 1780345089),
(675, 77, 2, 2, '[PLAYER] Admin нанес удар в голову, но [BOT] Admin заблокировал, урон составил 92', 1780345089),
(676, 77, 2, 2, '[BOT] Admin нанес удар в пах [PLAYER] Admin и нанес 184 урона', 1780345094),
(677, 77, 2, 2, '[PLAYER] Admin нанес удар в голову, но [BOT] Admin заблокировал, урон составил 92', 1780345094),
(678, 77, 2, 2, '[BOT] Admin нанес удар в ноги, но [PLAYER] Admin заблокировал, урон составил 92', 1780345099),
(679, 77, 2, 2, '[PLAYER] Admin нанес удар в голову, но [BOT] Admin заблокировал, урон составил 92', 1780345099),
(680, 77, 2, 2, '[BOT] Admin нанес удар в голову, но [PLAYER] Admin заблокировал, урон составил 92', 1780345104),
(681, 77, 2, 2, '[PLAYER] Admin нанес удар в голову, но [BOT] Admin заблокировал, урон составил 92', 1780345104),
(682, 77, 2, 2, '[BOT] Admin нанес удар в корпус, но [PLAYER] Admin заблокировал, урон составил 92', 1780345109),
(683, 77, 2, 2, '[PLAYER] Admin нанес удар в голову, но [BOT] Admin заблокировал, урон составил 92', 1780345109),
(684, 77, 2, 2, '[BOT] Admin нанес удар в ноги, но [PLAYER] Admin заблокировал, урон составил 92', 1780345114),
(685, 77, 2, 2, '[PLAYER] Admin нанес удар в голову, но [BOT] Admin заблокировал, урон составил 92', 1780345114),
(686, 77, 2, 2, '[BOT] Admin нанес удар в ноги [PLAYER] Admin и нанес 184 урона', 1780345119),
(687, 77, 2, 2, '[PLAYER] Admin нанес удар в голову, но [BOT] Admin заблокировал, урон составил 92', 1780345119),
(688, 77, 2, 2, '[BOT] Admin нанес удар в голову [PLAYER] Admin и нанес 184 урона', 1780345124),
(689, 77, 2, 2, '<span style=\"color: red;\">[PLAYER] Admin использовал МЕТЕОРИТ на [BOT] Admin и нанес 79 урона!</span>', 1780345124),
(690, 77, 2, 2, '[BOT] Admin нанес удар в ноги, но [PLAYER] Admin заблокировал, урон составил 92', 1780345129),
(691, 77, 2, 2, '<span style=\"color: red;\">[PLAYER] Admin использовал МЕТЕОРИТ на [BOT] Admin и нанес 79 урона!</span>', 1780345129),
(692, 77, 2, 2, '[BOT] Admin нанес удар в ноги [PLAYER] Admin и нанес 184 урона', 1780345139),
(693, 77, 2, 2, '[PLAYER] Admin нанес удар в голову, но [BOT] Admin заблокировал, урон составил 92', 1780345139),
(694, 77, 2, 2, '[BOT] Admin нанес удар в пах [PLAYER] Admin и нанес 184 урона', 1780345144),
(695, 77, 2, 2, '[PLAYER] Admin нанес удар в голову, но [BOT] Admin заблокировал, урон составил 92', 1780345144),
(696, 77, 2, 2, '<span style=\"color: red;\">[BOT] Admin нанес КРИТИЧЕСКИЙ удар в корпус [PLAYER] Admin и нанес 276 урона!</span>', 1780345195),
(697, 77, 2, 2, '<span style=\"color: red;\">[PLAYER] Admin использовал МЕТЕОРИТ на [BOT] Admin и нанес 1204 урона!</span>', 1780345195),
(698, 77, 2, 2, '[BOT] Admin нанес удар в пах [PLAYER] Admin и нанес 184 урона', 1780345200),
(699, 77, 2, 2, '[PLAYER] Admin нанес удар в голову, но [BOT] Admin заблокировал, урон составил 92', 1780345200),
(700, 77, 2, 2, '[BOT] Admin нанес удар в корпус, но [PLAYER] Admin заблокировал, урон составил 92', 1780345205),
(701, 77, 2, 2, '<span style=\"color: red;\">[PLAYER] Admin использовал МЕТЕОРИТ на [BOT] Admin и нанес 1204 урона!</span>', 1780345205),
(702, 77, 2, 2, '[BOT] Admin нанес удар в голову [PLAYER] Admin и нанес 184 урона', 1780345210),
(703, 77, 2, 2, '<span style=\"color: red;\">[PLAYER] Admin использовал МЕТЕОРИТ на [BOT] Admin и нанес 1204 урона!</span>', 1780345210),
(704, 77, 2, 2, '[BOT] Admin нанес удар в ноги [PLAYER] Admin и нанес 184 урона', 1780345215),
(705, 77, 2, 2, '<span style=\"color: red;\">[PLAYER] Admin использовал МЕТЕОРИТ на [BOT] Admin и нанес 1204 урона!</span>', 1780345215),
(706, 78, 2, 2, '[BOT] Admin нанес удар в пах [PLAYER] Admin и нанес 3 урона', 1780345275),
(707, 78, 2, 2, '[PLAYER] Admin нанес удар в голову, но [BOT] Admin заблокировал, урон составил 1', 1780345275),
(708, 78, 2, 2, '[BOT] Admin нанес удар в пах, но [PLAYER] Admin заблокировал, урон составил 1', 1780345285),
(709, 78, 2, 2, '[PLAYER] Admin нанес удар в голову, но [BOT] Admin заблокировал, урон составил 1', 1780345285),
(710, 78, 2, 2, '[BOT] Admin нанес удар в пах, но [PLAYER] Admin заблокировал, урон составил 1', 1780345290),
(711, 78, 2, 2, '<span style=\"color: red;\">[PLAYER] Admin использовал МЕТЕОРИТ на [BOT] Admin и нанес 1107 урона!</span>', 1780345290),
(712, 78, 2, 2, '[BOT] Admin нанес удар в корпус [PLAYER] Admin и нанес 3 урона', 1780345295),
(713, 78, 2, 2, '<span style=\"color: red;\">[PLAYER] Admin использовал МЕТЕОРИТ на [BOT] Admin и нанес 1107 урона!</span>', 1780345295),
(714, 78, 2, 2, '[BOT] Admin нанес удар в голову, но [PLAYER] Admin заблокировал, урон составил 1', 1780345300),
(715, 78, 2, 2, '<span style=\"color: red;\">[PLAYER] Admin использовал МЕТЕОРИТ на [BOT] Admin и нанес 1107 урона!</span>', 1780345300),
(716, 78, 2, 2, '[BOT] Admin нанес удар в ноги, но [PLAYER] Admin заблокировал, урон составил 1', 1780345305),
(717, 78, 2, 2, '<span style=\"color: red;\">[PLAYER] Admin использовал МЕТЕОРИТ на [BOT] Admin и нанес 1107 урона!</span>', 1780345305),
(718, 78, 2, 2, '[BOT] Admin нанес удар в корпус [PLAYER] Admin и нанес 3 урона', 1780345310),
(719, 78, 2, 2, '<span style=\"color: red;\">[PLAYER] Admin использовал МЕТЕОРИТ на [BOT] Admin и нанес 1107 урона!</span>', 1780345310),
(720, 78, 2, 2, '[BOT] Admin нанес удар в пах [PLAYER] Admin и нанес 3 урона', 1780345315),
(721, 78, 2, 2, '<span style=\"color: red;\">[PLAYER] Admin использовал МЕТЕОРИТ на [BOT] Admin и нанес 1107 урона!</span>', 1780345315),
(722, 79, 2, 2, '[BOT] Admin нанес удар в голову, но [PLAYER] Admin заблокировал, урон составил 152', 1780345345),
(723, 79, 2, 2, '[PLAYER] Admin нанес удар в голову, но [BOT] Admin заблокировал, урон составил 152', 1780345345),
(724, 79, 2, 2, '[BOT] Admin нанес удар в голову [PLAYER] Admin и нанес 304 урона', 1780345350),
(725, 79, 2, 2, '[PLAYER] Admin нанес удар в голову, но [BOT] Admin заблокировал, урон составил 152', 1780345350),
(726, 79, 2, 2, '[BOT] Admin нанес удар в ноги [PLAYER] Admin и нанес 304 урона', 1780345355),
(727, 79, 2, 2, '[PLAYER] Admin нанес удар в голову, но [BOT] Admin заблокировал, урон составил 152', 1780345355),
(728, 79, 2, 2, '[BOT] Admin нанес удар в пах, но [PLAYER] Admin заблокировал, урон составил 152', 1780345360),
(729, 79, 2, 2, '[PLAYER] Admin нанес удар в голову, но [BOT] Admin заблокировал, урон составил 152', 1780345360),
(730, 79, 2, 2, '[BOT] Admin нанес удар в пах, но [PLAYER] Admin заблокировал, урон составил 152', 1780345365),
(731, 79, 2, 2, '[PLAYER] Admin нанес удар в голову, но [BOT] Admin заблокировал, урон составил 152', 1780345365),
(732, 79, 2, 2, '<span style=\"color: red;\">[BOT] Admin нанес КРИТИЧЕСКИЙ удар в пах [PLAYER] Admin и нанес 456 урона!</span>', 1780345370),
(733, 79, 2, 2, '[PLAYER] Admin нанес удар в голову, но [BOT] Admin заблокировал, урон составил 152', 1780345370),
(734, 79, 2, 2, '[BOT] Admin нанес удар в корпус [PLAYER] Admin и нанес 304 урона', 1780345375),
(735, 79, 2, 2, '[PLAYER] Admin нанес удар в голову, но [BOT] Admin заблокировал, урон составил 152', 1780345375),
(736, 79, 2, 2, '[BOT] Admin нанес удар в голову [PLAYER] Admin и нанес 304 урона', 1780345380),
(737, 79, 2, 2, '[PLAYER] Admin нанес удар в голову, но [BOT] Admin заблокировал, урон составил 152', 1780345380),
(738, 79, 2, 2, '[BOT] Admin нанес удар в ноги, но [PLAYER] Admin заблокировал, урон составил 152', 1780345385),
(739, 79, 2, 2, '[PLAYER] Admin нанес удар в голову, но [BOT] Admin заблокировал, урон составил 152', 1780345385),
(740, 79, 2, 2, '[BOT] Admin нанес удар в пах [PLAYER] Admin и нанес 304 урона', 1780345390),
(741, 79, 2, 2, '[PLAYER] Admin нанес удар в голову, но [BOT] Admin заблокировал, урон составил 152', 1780345390),
(742, 79, 2, 2, '[BOT] Admin нанес удар в пах, но [PLAYER] Admin заблокировал, урон составил 152', 1780345395),
(743, 79, 2, 2, '<span style=\"color: red;\">[PLAYER] Admin использовал МЕТЕОРИТ на [BOT] Admin и нанес 1204 урона!</span>', 1780345395),
(744, 79, 2, 2, '[BOT] Admin нанес удар в голову [PLAYER] Admin и нанес 304 урона', 1780345400),
(745, 79, 2, 2, '<span style=\"color: red;\">[PLAYER] Admin использовал МЕТЕОРИТ на [BOT] Admin и нанес 1204 урона!</span>', 1780345400),
(746, 79, 2, 2, '[BOT] Admin нанес удар в пах, но [PLAYER] Admin заблокировал, урон составил 152', 1780345405),
(747, 79, 2, 2, '<span style=\"color: red;\">[PLAYER] Admin использовал МЕТЕОРИТ на [BOT] Admin и нанес 1204 урона!</span>', 1780345405),
(748, 79, 2, 2, '[BOT] Admin нанес удар в голову, но [PLAYER] Admin заблокировал, урон составил 152', 1780345410),
(749, 79, 2, 2, '<span style=\"color: red;\">[PLAYER] Admin использовал МЕТЕОРИТ на [BOT] Admin и нанес 1204 урона!</span>', 1780345410),
(750, 80, 2, 2, '<span style=\"color: red;\">[BOT] Admin нанес КРИТИЧЕСКИЙ удар в пах [PLAYER] Admin и нанес 478 урона!</span>', 1780400601),
(751, 80, 2, 2, '<span style=\"color: red;\">[PLAYER] Admin использовал МЕТЕОРИТ на [BOT] Admin и нанес 1193 урона!</span>', 1780400601),
(752, 80, 2, 2, '<span style=\"color: blue;\">[BOT] Admin атаковал в корпус, но [PLAYER] Admin увернулся и нанес контрудар 223 урона!</span>', 1780400606),
(753, 80, 2, 2, '<span style=\"color: red;\">[PLAYER] Admin использовал МЕТЕОРИТ на [BOT] Admin и нанес 1193 урона!</span>', 1780400606),
(754, 80, 2, 2, '[BOT] Admin нанес удар в пах [PLAYER] Admin и нанес 319 урона', 1780400611),
(755, 80, 2, 2, '<span style=\"color: red;\">[PLAYER] Admin использовал КРИТИЧЕСКИЙ МЕТЕОРИТ на [BOT] Admin и нанес 1846 урона!</span>', 1780400611),
(756, 80, 2, 2, '[BOT] Admin нанес удар в пах [PLAYER] Admin и нанес 319 урона', 1780400616),
(757, 80, 2, 2, '<span style=\"color: red;\">[PLAYER] Admin использовал МЕТЕОРИТ на [BOT] Admin и нанес 1193 урона!</span>', 1780400616),
(758, 80, 2, 2, '[BOT] Admin нанес удар в пах, но [PLAYER] Admin заблокировал, урон составил 159', 1780400621),
(759, 80, 2, 2, '<span style=\"color: red;\">[PLAYER] Admin использовал МЕТЕОРИТ на [BOT] Admin и нанес 1193 урона!</span>', 1780400621),
(760, 81, 2, 2, '[BOT] Admin нанес удар в голову, но [PLAYER] Admin заблокировал, урон составил 159', 1780410927),
(761, 81, 2, 0, '<span style=\"color: orange;\">[PLAYER] Admin использовал КАМНЕПАД и нанес 766 урона всем врагам!</span>', 1780410927),
(762, 81, 2, 2, '<span style=\"color: red;\">[BOT] Admin нанес КРИТИЧЕСКИЙ удар в ноги [PLAYER] Admin и нанес 478 урона!</span>', 1780410932),
(763, 81, 2, 2, '<span style=\"color: red;\">[PLAYER] Admin использовал МЕТЕОРИТ на [BOT] Admin и нанес 1193 урона!</span>', 1780410932),
(764, 81, 2, 2, '[BOT] Admin нанес удар в корпус, но [PLAYER] Admin заблокировал, урон составил 159', 1780410937),
(765, 81, 2, 2, '<span style=\"color: red;\">[PLAYER] Admin использовал КРИТИЧЕСКИЙ МЕТЕОРИТ на [BOT] Admin и нанес 1846 урона!</span>', 1780410937),
(766, 81, 2, 2, '[BOT] Admin нанес удар в голову, но [PLAYER] Admin заблокировал, урон составил 159', 1780410942),
(767, 81, 2, 2, '<span style=\"color: red;\">[PLAYER] Admin использовал МЕТЕОРИТ на [BOT] Admin и нанес 1193 урона!</span>', 1780410942),
(768, 81, 2, 2, '[BOT] Admin нанес удар в пах, но [PLAYER] Admin заблокировал, урон составил 159', 1780410947),
(769, 81, 2, 2, '<span style=\"color: red;\">[PLAYER] Admin использовал МЕТЕОРИТ на [BOT] Admin и нанес 1193 урона!</span>', 1780410947),
(770, 81, 2, 2, '<span style=\"color: red;\">[BOT] Admin нанес КРИТИЧЕСКИЙ удар в корпус [PLAYER] Admin и нанес 478 урона!</span>', 1780410952),
(771, 81, 2, 2, '<span style=\"color: red;\">[PLAYER] Admin использовал КРИТИЧЕСКИЙ МЕТЕОРИТ на [BOT] Admin и нанес 1846 урона!</span>', 1780410952),
(772, 82, 16, 2, '[BOT] Общий враг нанес удар в ноги [PLAYER] Admin и нанес 37 урона', 1780414863),
(773, 82, 2, 16, '<span style=\"color: red;\">[PLAYER] Admin использовал МЕТЕОРИТ на [BOT] Общий враг и нанес 1270 урона!</span>', 1780414863),
(774, 82, 16, 2, '[BOT] Общий враг нанес удар в голову, но [PLAYER] Admin заблокировал, урон составил 18', 1780415003),
(775, 82, 2, 16, '<span style=\"color: red;\">[PLAYER] Admin использовал МЕТЕОРИТ на [BOT] Общий враг и нанес 1270 урона!</span>', 1780415003),
(776, 82, 16, 2, '[BOT] Общий враг нанес удар в пах [PLAYER] Admin и нанес 37 урона', 1780415008),
(777, 82, 2, 16, '<span style=\"color: red;\">[PLAYER] Admin использовал МЕТЕОРИТ на [BOT] Общий враг и нанес 1270 урона!</span>', 1780415008),
(778, 83, 16, 2, '[BOT] Общий враг нанес удар в голову [PLAYER] Admin и нанес 37 урона', 1780415479),
(779, 83, 2, 16, '<span style=\"color: red;\">[PLAYER] Admin использовал МЕТЕОРИТ на [BOT] Общий враг и нанес 1270 урона!</span>', 1780415479),
(780, 83, 16, 2, '[BOT] Общий враг нанес удар в ноги, но [PLAYER] Admin заблокировал, урон составил 18', 1780415484),
(781, 83, 2, 16, '<span style=\"color: red;\">[PLAYER] Admin использовал МЕТЕОРИТ на [BOT] Общий враг и нанес 1270 урона!</span>', 1780415484),
(782, 83, 16, 2, '[BOT] Общий враг нанес удар в голову, но [PLAYER] Admin заблокировал, урон составил 18', 1780415489),
(783, 83, 2, 16, '<span style=\"color: red;\">[PLAYER] Admin использовал МЕТЕОРИТ на [BOT] Общий враг и нанес 1270 урона!</span>', 1780415489),
(784, 84, 16, 3, '[BOT] Общий враг нанес удар в голову [PLAYER] test2 и нанес 83 урона', 1780416190),
(785, 84, 3, 16, '[PLAYER] test2 нанес удар в голову, но [BOT] Общий враг заблокировал, урон составил 49', 1780416190),
(786, 84, 16, 2, '[BOT] Общий враг нанес удар в пах [PLAYER] Admin и нанес 37 урона', 1780416205),
(787, 84, 2, 16, '<span style=\"color: red;\">[PLAYER] Admin использовал МЕТЕОРИТ на [BOT] Общий враг и нанес 1270 урона!</span>', 1780416205),
(788, 84, 16, 2, '[BOT] Общий враг нанес удар в пах [PLAYER] Admin и нанес 37 урона', 1780416210),
(789, 84, 2, 16, '<span style=\"color: red;\">[PLAYER] Admin использовал МЕТЕОРИТ на [BOT] Общий враг и нанес 1270 урона!</span>', 1780416210),
(790, 84, 16, 2, '[BOT] Общий враг нанес удар в корпус [PLAYER] Admin и нанес 37 урона', 1780416215),
(791, 84, 2, 16, '<span style=\"color: red;\">[PLAYER] Admin использовал МЕТЕОРИТ на [BOT] Общий враг и нанес 1270 урона!</span>', 1780416215),
(792, 85, 16, 2, '[BOT] Общий враг нанес удар в пах [PLAYER] Admin и нанес 37 урона', 1780418648),
(793, 85, 2, 16, '<span style=\"color: red;\">[PLAYER] Admin использовал МЕТЕОРИТ на [BOT] Общий враг и нанес 1270 урона!</span>', 1780418648),
(794, 85, 16, 2, '[BOT] Общий враг нанес удар в корпус [PLAYER] Admin и нанес 37 урона', 1780418653),
(795, 85, 2, 16, '<span style=\"color: red;\">[PLAYER] Admin использовал МЕТЕОРИТ на [BOT] Общий враг и нанес 1270 урона!</span>', 1780418653),
(796, 85, 16, 3, '[BOT] Общий враг нанес удар в корпус, но [PLAYER] test2 заблокировал, урон составил 41', 1780418669),
(797, 85, 3, 16, '[PLAYER] test2 нанес удар в голову, но [BOT] Общий враг заблокировал, урон составил 49', 1780418669),
(798, 85, 16, 2, '[BOT] Общий враг нанес удар в голову, но [PLAYER] Admin заблокировал, урон составил 18', 1780418679),
(799, 85, 2, 16, '<span style=\"color: red;\">[PLAYER] Admin использовал МЕТЕОРИТ на [BOT] Общий враг и нанес 1270 урона!</span>', 1780418679),
(800, 86, 16, 2, '[BOT] Общий враг нанес удар в корпус [PLAYER] Admin и нанес 37 урона', 1780418724),
(801, 86, 2, 16, '<span style=\"color: red;\">[PLAYER] Admin использовал МЕТЕОРИТ на [BOT] Общий враг и нанес 1270 урона!</span>', 1780418724),
(802, 86, 16, 2, '[BOT] Общий враг нанес удар в корпус, но [PLAYER] Admin заблокировал, урон составил 18', 1780418729),
(803, 86, 2, 16, '<span style=\"color: red;\">[PLAYER] Admin использовал МЕТЕОРИТ на [BOT] Общий враг и нанес 1270 урона!</span>', 1780418729),
(804, 86, 16, 2, '[BOT] Общий враг нанес удар в пах [PLAYER] Admin и нанес 37 урона', 1780418734),
(805, 86, 2, 16, '<span style=\"color: red;\">[PLAYER] Admin использовал МЕТЕОРИТ на [BOT] Общий враг и нанес 1270 урона!</span>', 1780418734),
(806, 87, 16, 3, '[BOT] Общий враг нанес удар в голову, но [PLAYER] test2 заблокировал, урон составил 41', 1780418904),
(807, 87, 3, 16, '[PLAYER] test2 нанес удар в голову, но [BOT] Общий враг заблокировал, урон составил 49', 1780418904),
(808, 87, 16, 3, '[BOT] Общий враг нанес удар в ноги [PLAYER] test2 и нанес 83 урона', 1780418909),
(809, 87, 3, 16, '[PLAYER] test2 нанес удар в голову, но [BOT] Общий враг заблокировал, урон составил 49', 1780418909),
(810, 87, 16, 3, '[BOT] Общий враг нанес удар в ноги, но [PLAYER] test2 заблокировал, урон составил 41', 1780418914),
(811, 87, 3, 16, '[PLAYER] test2 нанес удар в голову, но [BOT] Общий враг заблокировал, урон составил 49', 1780418914),
(812, 87, 16, 3, '[BOT] Общий враг нанес удар в ноги, но [PLAYER] test2 заблокировал, урон составил 41', 1780418919),
(813, 87, 3, 16, '[PLAYER] test2 нанес удар в голову, но [BOT] Общий враг заблокировал, урон составил 49', 1780418919),
(814, 87, 16, 3, '[BOT] Общий враг нанес удар в пах, но [PLAYER] test2 заблокировал, урон составил 41', 1780419049),
(815, 87, 3, 16, '[PLAYER] test2 нанес удар в голову, но [BOT] Общий враг заблокировал, урон составил 49', 1780419049),
(816, 89, 16, 2, '[BOT] Общий враг нанес удар в ноги [PLAYER] Admin и нанес 37 урона', 1780419199),
(817, 89, 2, 16, '<span style=\"color: red;\">[PLAYER] Admin использовал МЕТЕОРИТ на [BOT] Общий враг и нанес 1270 урона!</span>', 1780419199),
(818, 89, 16, 2, '[BOT] Общий враг нанес удар в корпус [PLAYER] Admin и нанес 37 урона', 1780419204),
(819, 89, 2, 16, '<span style=\"color: red;\">[PLAYER] Admin использовал МЕТЕОРИТ на [BOT] Общий враг и нанес 1270 урона!</span>', 1780419204),
(820, 89, 16, 2, '[BOT] Общий враг нанес удар в ноги, но [PLAYER] Admin заблокировал, урон составил 18', 1780419209),
(821, 89, 2, 16, '<span style=\"color: red;\">[PLAYER] Admin использовал МЕТЕОРИТ на [BOT] Общий враг и нанес 1270 урона!</span>', 1780419209),
(822, 91, 16, 2, '[BOT] Общий враг нанес удар в голову [PLAYER] Admin и нанес 37 урона', 1780419229),
(823, 91, 2, 16, '<span style=\"color: red;\">[PLAYER] Admin использовал МЕТЕОРИТ на [BOT] Общий враг и нанес 1270 урона!</span>', 1780419229),
(824, 91, 16, 3, '[BOT] Общий враг нанес удар в пах, но [PLAYER] test2 заблокировал, урон составил 41', 1780419249),
(825, 91, 3, 16, '<span style=\"color: red;\">[PLAYER] test2 использовал МЕТЕОРИТ на [BOT] Общий враг и нанес 418 урона!</span>', 1780419249),
(826, 91, 16, 2, '[BOT] Общий враг нанес удар в ноги [PLAYER] Admin и нанес 37 урона', 1780419264),
(827, 91, 2, 16, '<span style=\"color: red;\">[PLAYER] Admin использовал МЕТЕОРИТ на [BOT] Общий враг и нанес 1270 урона!</span>', 1780419264),
(828, 91, 16, 2, '[BOT] Общий враг нанес удар в ноги, но [PLAYER] Admin заблокировал, урон составил 18', 1780419269),
(829, 91, 2, 16, '<span style=\"color: red;\">[PLAYER] Admin использовал МЕТЕОРИТ на [BOT] Общий враг и нанес 1270 урона!</span>', 1780419269),
(830, 92, 16, 2, '[BOT] Общий враг нанес удар в пах, но [PLAYER] Admin заблокировал, урон составил 18', 1780419284),
(831, 92, 2, 16, '<span style=\"color: red;\">[PLAYER] Admin использовал МЕТЕОРИТ на [BOT] Общий враг и нанес 1270 урона!</span>', 1780419284),
(832, 92, 16, 2, '[BOT] Общий враг нанес удар в голову, но [PLAYER] Admin заблокировал, урон составил 18', 1780419294),
(833, 92, 2, 16, '<span style=\"color: red;\">[PLAYER] Admin использовал МЕТЕОРИТ на [BOT] Общий враг и нанес 1270 урона!</span>', 1780419294),
(834, 92, 16, 2, '[BOT] Общий враг нанес удар в ноги [PLAYER] Admin и нанес 37 урона', 1780419299),
(835, 92, 2, 16, '<span style=\"color: red;\">[PLAYER] Admin использовал МЕТЕОРИТ на [BOT] Общий враг и нанес 1270 урона!</span>', 1780419299),
(836, 93, 16, 2, '[BOT] Общий враг нанес удар в корпус, но [PLAYER] Admin заблокировал, урон составил 18', 1780425298),
(837, 93, 2, 16, '<span style=\"color: red;\">[PLAYER] Admin использовал МЕТЕОРИТ на [BOT] Общий враг и нанес 1270 урона!</span>', 1780425298),
(838, 93, 16, 2, '[BOT] Общий враг нанес удар в ноги [PLAYER] Admin и нанес 37 урона', 1780425303),
(839, 93, 2, 16, '<span style=\"color: red;\">[PLAYER] Admin использовал МЕТЕОРИТ на [BOT] Общий враг и нанес 1270 урона!</span>', 1780425303),
(840, 93, 16, 2, '[BOT] Общий враг нанес удар в ноги, но [PLAYER] Admin заблокировал, урон составил 18', 1780425308),
(841, 93, 2, 16, '<span style=\"color: red;\">[PLAYER] Admin использовал МЕТЕОРИТ на [BOT] Общий враг и нанес 1270 урона!</span>', 1780425308),
(842, 95, 16, 2, '[BOT] Общий враг нанес удар в корпус, но [PLAYER] Admin заблокировал, урон составил 18', 1780427176),
(843, 95, 2, 16, '<span style=\"color: red;\">[PLAYER] Admin использовал МЕТЕОРИТ на [BOT] Общий враг и нанес 1270 урона!</span>', 1780427176),
(844, 95, 16, 2, '[BOT] Общий враг нанес удар в пах, но [PLAYER] Admin заблокировал, урон составил 18', 1780427181),
(845, 95, 2, 16, '<span style=\"color: red;\">[PLAYER] Admin использовал МЕТЕОРИТ на [BOT] Общий враг и нанес 1270 урона!</span>', 1780427181),
(846, 95, 16, 2, '[BOT] Общий враг нанес удар в ноги, но [PLAYER] Admin заблокировал, урон составил 18', 1780427186),
(847, 95, 2, 16, '<span style=\"color: red;\">[PLAYER] Admin использовал МЕТЕОРИТ на [BOT] Общий враг и нанес 1270 урона!</span>', 1780427186),
(848, 97, 16, 2, '[BOT] Общий враг нанес удар в корпус [PLAYER] Admin и нанес 37 урона', 1780427246),
(849, 97, 2, 16, '<span style=\"color: red;\">[PLAYER] Admin использовал МЕТЕОРИТ на [BOT] Общий враг и нанес 1270 урона!</span>', 1780427246),
(850, 97, 16, 2, '[BOT] Общий враг нанес удар в корпус [PLAYER] Admin и нанес 37 урона', 1780427251),
(851, 97, 2, 16, '<span style=\"color: red;\">[PLAYER] Admin использовал МЕТЕОРИТ на [BOT] Общий враг и нанес 1270 урона!</span>', 1780427251),
(852, 97, 16, 2, '[BOT] Общий враг нанес удар в голову [PLAYER] Admin и нанес 37 урона', 1780427256),
(853, 97, 2, 16, '<span style=\"color: red;\">[PLAYER] Admin использовал МЕТЕОРИТ на [BOT] Общий враг и нанес 1270 урона!</span>', 1780427256),
(854, 99, 16, 3, '[BOT] Общий враг нанес удар в ноги, но [PLAYER] test2 заблокировал, урон составил 41', 1780427286),
(855, 99, 3, 16, '<span style=\"color: red;\">[PLAYER] test2 использовал КРИТИЧЕСКИЙ МЕТЕОРИТ на [BOT] Общий враг и нанес 645 урона!</span>', 1780427286),
(856, 99, 16, 2, '[BOT] Общий враг нанес удар в корпус, но [PLAYER] Admin заблокировал, урон составил 18', 1780427296),
(857, 99, 2, 16, '<span style=\"color: red;\">[PLAYER] Admin использовал МЕТЕОРИТ на [BOT] Общий враг и нанес 1270 урона!</span>', 1780427296),
(858, 99, 16, 2, '[BOT] Общий враг нанес удар в корпус [PLAYER] Admin и нанес 37 урона', 1780427301),
(859, 99, 2, 16, '<span style=\"color: red;\">[PLAYER] Admin использовал МЕТЕОРИТ на [BOT] Общий враг и нанес 1270 урона!</span>', 1780427301),
(860, 101, 16, 2, '[BOT] Общий враг нанес удар в пах [PLAYER] Admin и нанес 37 урона', 1780427471),
(861, 101, 2, 16, '<span style=\"color: red;\">[PLAYER] Admin использовал МЕТЕОРИТ на [BOT] Общий враг и нанес 1270 урона!</span>', 1780427471),
(862, 101, 16, 2, '[BOT] Общий враг нанес удар в пах [PLAYER] Admin и нанес 37 урона', 1780427476),
(863, 101, 2, 16, '<span style=\"color: red;\">[PLAYER] Admin использовал МЕТЕОРИТ на [BOT] Общий враг и нанес 1270 урона!</span>', 1780427476),
(864, 101, 16, 2, '[BOT] Общий враг нанес удар в пах, но [PLAYER] Admin заблокировал, урон составил 18', 1780427482),
(865, 101, 2, 16, '<span style=\"color: red;\">[PLAYER] Admin использовал МЕТЕОРИТ на [BOT] Общий враг и нанес 1270 урона!</span>', 1780427482),
(866, 103, 16, 3, '[BOT] Общий враг нанес удар в пах [PLAYER] test2 и нанес 83 урона', 1780427527),
(867, 103, 3, 16, '<span style=\"color: red;\">[PLAYER] test2 использовал МЕТЕОРИТ на [BOT] Общий враг и нанес 418 урона!</span>', 1780427527),
(868, 103, 16, 2, '[BOT] Общий враг нанес удар в корпус, но [PLAYER] Admin заблокировал, урон составил 18', 1780427532),
(869, 103, 2, 16, '<span style=\"color: red;\">[PLAYER] Admin использовал МЕТЕОРИТ на [BOT] Общий враг и нанес 1270 урона!</span>', 1780427532),
(870, 103, 16, 2, '[BOT] Общий враг нанес удар в голову, но [PLAYER] Admin заблокировал, урон составил 18', 1780427537),
(871, 103, 2, 16, '<span style=\"color: red;\">[PLAYER] Admin использовал МЕТЕОРИТ на [BOT] Общий враг и нанес 1270 урона!</span>', 1780427537),
(872, 103, 16, 2, '[BOT] Общий враг нанес удар в голову [PLAYER] Admin и нанес 37 урона', 1780427542),
(873, 103, 2, 16, '<span style=\"color: red;\">[PLAYER] Admin использовал МЕТЕОРИТ на [BOT] Общий враг и нанес 1270 урона!</span>', 1780427542),
(874, 105, 2, 2, '[BOT] Admin нанес удар в корпус [PLAYER] Admin и нанес 304 урона', 1780491124),
(875, 105, 2, 2, '[PLAYER] Admin нанес удар в голову, но [BOT] Admin заблокировал, урон составил 152', 1780491124),
(876, 105, 2, 2, '[BOT] Admin нанес удар в пах [PLAYER] Admin и нанес 304 урона', 1780491164),
(877, 105, 2, 2, '[PLAYER] Admin нанес удар в голову, но [BOT] Admin заблокировал, урон составил 152', 1780491164),
(878, 105, 2, 2, '[BOT] Admin нанес удар в пах [PLAYER] Admin и нанес 304 урона', 1780491244),
(879, 105, 2, 2, '[PLAYER] Admin нанес удар в голову, но [BOT] Admin заблокировал, урон составил 152', 1780491244),
(880, 105, 2, 2, '[BOT] Admin нанес удар в корпус, но [PLAYER] Admin заблокировал, урон составил 152', 1780491249),
(881, 105, 2, 2, '[PLAYER] Admin нанес удар в голову, но [BOT] Admin заблокировал, урон составил 152', 1780491249),
(882, 105, 2, 2, '[BOT] Admin нанес удар в корпус [PLAYER] Admin и нанес 304 урона', 1780491269),
(883, 105, 2, 2, '[PLAYER] Admin нанес удар в голову, но [BOT] Admin заблокировал, урон составил 152', 1780491269),
(884, 105, 2, 2, '[BOT] Admin нанес удар в голову, но [PLAYER] Admin заблокировал, урон составил 152', 1780491340),
(885, 105, 2, 2, '[PLAYER] Admin нанес удар в голову, но [BOT] Admin заблокировал, урон составил 152', 1780491340),
(886, 105, 2, 2, '[BOT] Admin нанес удар в пах [PLAYER] Admin и нанес 304 урона', 1780491360),
(887, 105, 2, 2, '[PLAYER] Admin нанес удар в голову, но [BOT] Admin заблокировал, урон составил 152', 1780491360),
(888, 105, 2, 2, '[BOT] Admin нанес удар в пах [PLAYER] Admin и нанес 304 урона', 1780491365),
(889, 105, 2, 2, '<span style=\"color: red;\">[PLAYER] Admin использовал МЕТЕОРИТ на [BOT] Admin и нанес 1218 урона!</span>', 1780491365),
(890, 105, 2, 2, '[BOT] Admin нанес удар в ноги [PLAYER] Admin и нанес 304 урона', 1780491420),
(891, 105, 2, 2, '[PLAYER] Admin нанес удар в голову, но [BOT] Admin заблокировал, урон составил 152', 1780491420),
(892, 105, 2, 2, '[BOT] Admin нанес удар в пах, но [PLAYER] Admin заблокировал, урон составил 152', 1780491425),
(893, 105, 2, 0, '<span style=\"color: orange;\">[PLAYER] Admin использовал КАМНЕПАД и нанес 777 урона всем врагам!</span>', 1780491425),
(894, 105, 2, 2, '[BOT] Admin нанес удар в пах, но [PLAYER] Admin заблокировал, урон составил 152', 1780491435),
(895, 105, 2, 0, '<span style=\"color: green;\">[PLAYER] Admin использовал ИСЦЕЛЕНИЕ и восстановил 603 HP союзникам!</span>', 1780491435),
(896, 105, 2, 2, '[BOT] Admin нанес удар в корпус, но [PLAYER] Admin заблокировал, урон составил 152', 1780491445),
(897, 105, 2, 0, '<span style=\"color: yellow;\">[PLAYER] Admin использовал ВОЗДУШНЫЙ ЩИТ, поглощение 804 урона!</span>', 1780491445),
(898, 105, 2, 2, '<span style=\"color: blue;\">[BOT] Admin атаковал в пах, но [PLAYER] Admin увернулся и нанес контрудар 212 урона!</span>', 1780492436),
(899, 105, 2, 2, '<span style=\"color: red;\">[PLAYER] Admin использовал МЕТЕОРИТ на [BOT] Admin и нанес 1218 урона!</span>', 1780492436),
(900, 105, 2, 2, '[BOT] Admin нанес удар в голову [PLAYER] Admin и нанес 91 урона', 1780492441),
(901, 105, 2, 2, '<span style=\"color: red;\">[PLAYER] Admin использовал МЕТЕОРИТ на [BOT] Admin и нанес 1218 урона!</span>', 1780492441),
(902, 105, 2, 2, '<span style=\"color: blue;\">[BOT] Admin атаковал в ноги, но [PLAYER] Admin увернулся и нанес контрудар 212 урона!</span>', 1780492446),
(903, 105, 2, 2, '<span style=\"color: red;\">[PLAYER] Admin использовал МЕТЕОРИТ на [BOT] Admin и нанес 1218 урона!</span>', 1780492446),
(904, 106, 2, 2, '[BOT] Admin нанес удар в пах, но [PLAYER] Admin заблокировал, урон составил 152', 1780492687),
(905, 106, 2, 2, '<span style=\"color: red;\">[PLAYER] Admin использовал МЕТЕОРИТ на [BOT] Admin и нанес 1218 урона!</span>', 1780492687),
(906, 106, 2, 2, '[BOT] Admin нанес удар в ноги [PLAYER] Admin и нанес 304 урона', 1780492692),
(907, 106, 2, 2, '<span style=\"color: red;\">[PLAYER] Admin использовал МЕТЕОРИТ на [BOT] Admin и нанес 1218 урона!</span>', 1780492692),
(908, 106, 2, 2, '[BOT] Admin нанес удар в ноги, но [PLAYER] Admin заблокировал, урон составил 152', 1780492697),
(909, 106, 2, 2, '<span style=\"color: red;\">[PLAYER] Admin использовал МЕТЕОРИТ на [BOT] Admin и нанес 1218 урона!</span>', 1780492697),
(910, 106, 2, 2, '[BOT] Admin нанес удар в корпус [PLAYER] Admin и нанес 304 урона', 1780492702),
(911, 106, 2, 2, '<span style=\"color: red;\">[PLAYER] Admin использовал МЕТЕОРИТ на [BOT] Admin и нанес 1218 урона!</span>', 1780492702),
(912, 106, 2, 2, '[BOT] Admin нанес удар в голову, но [PLAYER] Admin заблокировал, урон составил 152', 1780492707),
(913, 106, 2, 2, '<span style=\"color: red;\">[PLAYER] Admin использовал МЕТЕОРИТ на [BOT] Admin и нанес 1218 урона!</span>', 1780492707),
(914, 106, 2, 2, '[BOT] Admin нанес удар в ноги, но [PLAYER] Admin заблокировал, урон составил 152', 1780492712),
(915, 106, 2, 2, '<span style=\"color: red;\">[PLAYER] Admin использовал МЕТЕОРИТ на [BOT] Admin и нанес 1218 урона!</span>', 1780492712),
(916, 107, 15, 2, '[BOT] Лич нанес удар в корпус, но [PLAYER] Admin заблокировал, урон составил 18', 1780495746),
(917, 107, 2, 15, '<span style=\"color: red;\">[PLAYER] Admin использовал МЕТЕОРИТ на [BOT] Лич и нанес 1284 урона!</span>', 1780495746),
(918, 108, 15, 2, '[BOT] Лич нанес удар в ноги [PLAYER] Admin и нанес 37 урона', 1780496663),
(919, 108, 2, 15, '<span style=\"color: red;\">[PLAYER] Admin использовал МЕТЕОРИТ на [BOT] Лич и нанес 1284 урона!</span>', 1780496663),
(920, 110, 16, 2, '[BOT] Общий враг нанес удар в голову [PLAYER] Admin и нанес 37 урона', 1780514330),
(921, 110, 2, 16, '<span style=\"color: red;\">[PLAYER] Admin использовал МЕТЕОРИТ на [BOT] Общий враг и нанес 3164 урона!</span>', 1780514330),
(922, 110, 16, 3, '[BOT] Общий враг нанес удар в корпус, но [PLAYER] test2 заблокировал, урон составил 41', 1780514330),
(923, 112, 16, 3, '[BOT] Общий враг нанес удар в голову, но [PLAYER] test2 заблокировал, урон составил 41', 1780514375),
(924, 112, 3, 16, '[PLAYER] test2 нанес удар в голову, но [BOT] Общий враг заблокировал, урон составил 49', 1780514375),
(925, 112, 16, 3, '[BOT] Общий враг нанес удар в пах [PLAYER] test2 и нанес 83 урона', 1780514411),
(926, 112, 3, 16, '[PLAYER] test2 нанес удар в голову, но [BOT] Общий враг заблокировал, урон составил 49', 1780514411),
(927, 112, 16, 3, '[BOT] Общий враг нанес удар в корпус, но [PLAYER] test2 заблокировал, урон составил 41', 1780514681),
(928, 112, 3, 16, '[PLAYER] test2 нанес удар в голову, но [BOT] Общий враг заблокировал, урон составил 49', 1780514681),
(929, 112, 16, 2, '[BOT] Общий враг нанес удар в ноги, но [PLAYER] Admin заблокировал, урон составил 18', 1780514711),
(930, 112, 2, 16, '[PLAYER] Admin нанес удар в голову, но [BOT] Общий враг заблокировал, урон составил 194', 1780514711),
(931, 112, 16, 3, '[BOT] Общий враг нанес удар в ноги [PLAYER] test2 и нанес 83 урона', 1780514937),
(932, 112, 3, 16, '[PLAYER] test2 нанес удар в голову, но [BOT] Общий враг заблокировал, урон составил 49', 1780514937),
(933, 112, 16, 2, '[BOT] Общий враг нанес удар в корпус [PLAYER] Admin и нанес 37 урона', 1780515017),
(934, 112, 2, 16, '[PLAYER] Admin нанес удар в голову, но [BOT] Общий враг заблокировал, урон составил 194', 1780515017),
(935, 112, 16, 2, '[BOT] Общий враг нанес удар в корпус [PLAYER] Admin и нанес 37 урона', 1780515147),
(936, 112, 2, 16, '[PLAYER] Admin нанес удар в голову, но [BOT] Общий враг заблокировал, урон составил 194', 1780515147);
INSERT INTO `battle_log` (`id`, `battle_id`, `user_id`, `enemy_id`, `log`, `attack_time`) VALUES
(937, 112, 16, 2, '[BOT] Общий враг нанес удар в ноги, но [PLAYER] Admin заблокировал, урон составил 18', 1780515152),
(938, 112, 2, 16, '[PLAYER] Admin нанес удар в голову, но [BOT] Общий враг заблокировал, урон составил 194', 1780515152),
(939, 112, 16, 2, '[BOT] Общий враг нанес удар в пах, но [PLAYER] Admin заблокировал, урон составил 18', 1780515207),
(940, 112, 2, 16, '<span style=\"color: red;\">[PLAYER] Admin использовал МЕТЕОРИТ на [BOT] Общий враг и нанес 3164 урона!</span>', 1780515207),
(941, 113, 2, 2, '[BOT] Admin нанес удар в пах, но [PLAYER] Admin заблокировал, урон составил 152', 1780517611),
(942, 113, 2, 2, '<span style=\"color: red;\">[PLAYER] Admin использовал МЕТЕОРИТ на [BOT] Admin и нанес 3098 урона!</span>', 1780517611),
(943, 113, 2, 2, '[BOT] Admin нанес удар в ноги [PLAYER] Admin и нанес 304 урона', 1780517616),
(944, 113, 2, 2, '<span style=\"color: red;\">[PLAYER] Admin использовал МЕТЕОРИТ на [BOT] Admin и нанес 3098 урона!</span>', 1780517616),
(945, 113, 2, 2, '[BOT] Admin нанес удар в пах, но [PLAYER] Admin заблокировал, урон составил 152', 1780517626),
(946, 113, 2, 2, '<span style=\"color: red;\">[PLAYER] Admin использовал МЕТЕОРИТ на [BOT] Admin и нанес 3098 урона!</span>', 1780517626),
(947, 114, 2, 2, '[BOT] Admin нанес удар в голову, но [PLAYER] Admin заблокировал, урон составил 152', 1780566273),
(948, 114, 2, 2, '<span style=\"color: red;\">[PLAYER] Admin использовал МЕТЕОРИТ на [BOT] Admin и нанес 3098 урона!</span>', 1780566273),
(949, 114, 2, 2, '[BOT] Admin нанес удар в ноги, но [PLAYER] Admin заблокировал, урон составил 152', 1780566278),
(950, 114, 2, 2, '<span style=\"color: red;\">[PLAYER] Admin использовал МЕТЕОРИТ на [BOT] Admin и нанес 3098 урона!</span>', 1780566278),
(951, 114, 2, 2, '[BOT] Admin нанес удар в голову, но [PLAYER] Admin заблокировал, урон составил 152', 1780566283),
(952, 114, 2, 2, '<span style=\"color: red;\">[PLAYER] Admin использовал МЕТЕОРИТ на [BOT] Admin и нанес 3098 урона!</span>', 1780566283),
(953, 115, 16, 2, '[BOT] Общий враг нанес удар в корпус [PLAYER] Admin и нанес 37 урона', 1780583563),
(954, 115, 2, 16, '<span style=\"color: red;\">[PLAYER] Admin использовал МЕТЕОРИТ на [BOT] Общий враг и нанес 3164 урона!</span>', 1780583563),
(955, 116, 15, 2, '[BOT] Лич нанес удар в пах [PLAYER] Admin и нанес 37 урона', 1780583959),
(956, 116, 2, 15, '<span style=\"color: red;\">[PLAYER] Admin использовал МЕТЕОРИТ на [BOT] Лич и нанес 3164 урона!</span>', 1780583959);

-- --------------------------------------------------------

--
-- Структура таблицы `chat`
--

CREATE TABLE `chat` (
  `id` int NOT NULL,
  `message` varchar(255) NOT NULL,
  `isPrivate` int DEFAULT NULL,
  `from_user` int DEFAULT NULL,
  `to_user` int DEFAULT NULL,
  `create_time` int NOT NULL
) ENGINE=InnoDB DEFAULT CHARSET=utf8mb4 COLLATE=utf8mb4_0900_ai_ci;

--
-- Дамп данных таблицы `chat`
--

INSERT INTO `chat` (`id`, `message`, `isPrivate`, `from_user`, `to_user`, `create_time`) VALUES
(102, 'Бой закончен победой. +474 опыта, +0 очков характеристик, +0 KR.', 1, 0, 2, 1780583563),
(103, 'Бой закончен победой. +474 опыта, +0 очков характеристик, +0 KR.', 1, 0, 2, 1780583959);

-- --------------------------------------------------------

--
-- Структура таблицы `clan`
--

CREATE TABLE `clan` (
  `id` int NOT NULL,
  `name` varchar(255) NOT NULL,
  `img` varchar(255) NOT NULL,
  `admin_id` int NOT NULL,
  `created_at` int NOT NULL DEFAULT '0'
) ENGINE=InnoDB DEFAULT CHARSET=utf8mb4 COLLATE=utf8mb4_0900_ai_ci;

--
-- Дамп данных таблицы `clan`
--

INSERT INTO `clan` (`id`, `name`, `img`, `admin_id`, `created_at`) VALUES
(6, 'test', '/uploads/clan/clan_1780507588_4849.png', 2, 1780507588);

-- --------------------------------------------------------

--
-- Структура таблицы `clan_user`
--

CREATE TABLE `clan_user` (
  `id` int NOT NULL,
  `clan_id` int NOT NULL,
  `user_id` int NOT NULL,
  `description` varchar(255) NOT NULL,
  `status` int NOT NULL,
  `created_at` int NOT NULL DEFAULT '0'
) ENGINE=InnoDB DEFAULT CHARSET=utf8mb4 COLLATE=utf8mb4_0900_ai_ci;

--
-- Дамп данных таблицы `clan_user`
--

INSERT INTO `clan_user` (`id`, `clan_id`, `user_id`, `description`, `status`, `created_at`) VALUES
(10, 6, 2, 'Глава клана', 1, 1780507588);

-- --------------------------------------------------------

--
-- Структура таблицы `class_stats`
--

CREATE TABLE `class_stats` (
  `id` int NOT NULL,
  `level` int NOT NULL,
  `class` varchar(20) NOT NULL,
  `hp` int NOT NULL,
  `damage` int NOT NULL,
  `defence` int NOT NULL,
  `crit` int NOT NULL,
  `anticrit` int NOT NULL,
  `evasion` int NOT NULL,
  `antievasion` int NOT NULL,
  `antimagic` int DEFAULT NULL,
  `inte` int DEFAULT NULL,
  `fire` int DEFAULT NULL,
  `earth` int DEFAULT NULL,
  `water` int DEFAULT NULL,
  `air` int DEFAULT NULL
) ENGINE=InnoDB DEFAULT CHARSET=utf8mb4 COLLATE=utf8mb4_0900_ai_ci;

--
-- Дамп данных таблицы `class_stats`
--

INSERT INTO `class_stats` (`id`, `level`, `class`, `hp`, `damage`, `defence`, `crit`, `anticrit`, `evasion`, `antievasion`, `antimagic`, `inte`, `fire`, `earth`, `water`, `air`) VALUES
(1, 2, 'Критовик', 800, 95, 45, 850, 200, 100, 100, 300, NULL, NULL, NULL, NULL, NULL),
(2, 3, 'Критовик', 1000, 120, 55, 880, 220, 110, 110, 350, NULL, NULL, NULL, NULL, NULL),
(3, 4, 'Критовик', 1200, 145, 65, 910, 240, 120, 120, 400, NULL, NULL, NULL, NULL, NULL),
(4, 5, 'Критовик', 1400, 170, 75, 940, 260, 130, 130, 450, NULL, NULL, NULL, NULL, NULL),
(5, 6, 'Критовик', 1600, 195, 85, 970, 280, 140, 140, 500, NULL, NULL, NULL, NULL, NULL),
(6, 7, 'Критовик', 1800, 220, 95, 1000, 300, 150, 150, 550, NULL, NULL, NULL, NULL, NULL),
(7, 8, 'Критовик', 2000, 245, 105, 1000, 320, 160, 160, 600, NULL, NULL, NULL, NULL, NULL),
(8, 9, 'Критовик', 2200, 270, 115, 1000, 340, 170, 170, 650, NULL, NULL, NULL, NULL, NULL),
(9, 10, 'Критовик', 2400, 300, 125, 1000, 360, 180, 180, 700, NULL, NULL, NULL, NULL, NULL),
(10, 2, 'Маг', 600, 40, 30, 100, 400, 50, 50, NULL, 85, 90, 90, 85, 85),
(11, 3, 'Маг', 700, 50, 35, 110, 450, 60, 60, NULL, 100, 110, 110, 100, 100),
(12, 4, 'Маг', 800, 60, 40, 120, 500, 70, 70, NULL, 115, 130, 130, 115, 115),
(13, 5, 'Маг', 900, 70, 45, 130, 550, 80, 80, NULL, 130, 150, 150, 130, 130),
(14, 6, 'Маг', 1000, 80, 50, 140, 600, 90, 90, NULL, 145, 170, 170, 145, 145),
(15, 7, 'Маг', 1100, 90, 55, 150, 650, 100, 100, NULL, 160, 190, 190, 160, 160),
(16, 8, 'Маг', 1200, 100, 60, 160, 700, 110, 110, NULL, 175, 210, 210, 175, 175),
(17, 9, 'Маг', 1300, 110, 65, 170, 750, 120, 120, NULL, 190, 230, 230, 190, 190),
(18, 10, 'Маг', 1450, 125, 70, 180, 800, 130, 130, NULL, 205, 250, 250, 205, 205),
(19, 2, 'Уворотчик', 700, 85, 40, 500, 400, 850, 200, 100, NULL, NULL, NULL, NULL, NULL),
(20, 3, 'Уворотчик', 850, 105, 50, 530, 440, 880, 220, 120, NULL, NULL, NULL, NULL, NULL),
(21, 4, 'Уворотчик', 1000, 125, 60, 560, 480, 910, 240, 140, NULL, NULL, NULL, NULL, NULL),
(22, 5, 'Уворотчик', 1150, 145, 70, 590, 520, 940, 260, 160, NULL, NULL, NULL, NULL, NULL),
(23, 6, 'Уворотчик', 1300, 165, 80, 620, 560, 970, 280, 180, NULL, NULL, NULL, NULL, NULL),
(24, 7, 'Уворотчик', 1450, 185, 90, 650, 600, 1000, 300, 200, NULL, NULL, NULL, NULL, NULL),
(25, 8, 'Уворотчик', 1600, 205, 100, 680, 640, 1000, 320, 220, NULL, NULL, NULL, NULL, NULL),
(26, 9, 'Уворотчик', 1750, 225, 110, 710, 680, 1000, 340, 240, NULL, NULL, NULL, NULL, NULL),
(27, 10, 'Уворотчик', 1900, 250, 120, 740, 720, 1000, 360, 260, NULL, NULL, NULL, NULL, NULL),
(28, 2, 'Танк', 1500, 100, 120, 50, 600, 50, 800, 150, NULL, NULL, NULL, NULL, NULL),
(29, 3, 'Танк', 1800, 125, 140, 60, 650, 60, 850, 180, NULL, NULL, NULL, NULL, NULL),
(30, 4, 'Танк', 2100, 150, 160, 70, 700, 70, 900, 210, NULL, NULL, NULL, NULL, NULL),
(31, 5, 'Танк', 2400, 175, 180, 80, 750, 80, 950, 240, NULL, NULL, NULL, NULL, NULL),
(32, 6, 'Танк', 2700, 200, 200, 90, 800, 90, 1000, 270, NULL, NULL, NULL, NULL, NULL),
(33, 7, 'Танк', 3000, 225, 220, 100, 850, 100, 1000, 300, NULL, NULL, NULL, NULL, NULL),
(34, 8, 'Танк', 3300, 250, 240, 110, 900, 110, 1000, 330, NULL, NULL, NULL, NULL, NULL),
(35, 9, 'Танк', 3600, 275, 260, 120, 950, 120, 1000, 360, NULL, NULL, NULL, NULL, NULL),
(36, 10, 'Танк', 4000, 300, 280, 130, 1000, 130, 1000, 400, NULL, NULL, NULL, NULL, NULL);

-- --------------------------------------------------------

--
-- Структура таблицы `elexir`
--

CREATE TABLE `elexir` (
  `id` int NOT NULL,
  `name` varchar(255) NOT NULL,
  `type` varchar(255) NOT NULL,
  `cost` int NOT NULL,
  `img` varchar(255) NOT NULL
) ENGINE=InnoDB DEFAULT CHARSET=utf8mb4 COLLATE=utf8mb4_0900_ai_ci;

--
-- Дамп данных таблицы `elexir`
--

INSERT INTO `elexir` (`id`, `name`, `type`, `cost`, `img`) VALUES
(1, 'Эликсир силы', 'str', 10, '/img/str.jpg'),
(2, 'Эликсир ловкости', 'dex', 10, '/img/dex.jpg'),
(3, 'Эликсир интуиции', 'intu', 10, '/img/intu.jpg'),
(4, 'Эликсир интеллекта ', 'inte', 10, '/img/inte.jpg');

-- --------------------------------------------------------

--
-- Структура таблицы `event_boss`
--

CREATE TABLE `event_boss` (
  `id` int NOT NULL,
  `bot_id` int NOT NULL COMMENT 'ID бота из таблицы user',
  `event_date` date NOT NULL COMMENT 'Дата ивента',
  `start_time` datetime NOT NULL COMMENT 'Время начала ивента',
  `end_time` datetime NOT NULL COMMENT 'Время окончания ивента',
  `is_active` tinyint(1) DEFAULT '0' COMMENT 'Активен ли ивент',
  `battle_id` int DEFAULT NULL COMMENT 'ID общей битвы с боссом',
  `current_hp` int DEFAULT NULL COMMENT 'Текущее HP босса',
  `created_at` timestamp NULL DEFAULT CURRENT_TIMESTAMP
) ENGINE=InnoDB DEFAULT CHARSET=utf8mb4 COLLATE=utf8mb4_0900_ai_ci;

--
-- Дамп данных таблицы `event_boss`
--

INSERT INTO `event_boss` (`id`, `bot_id`, `event_date`, `start_time`, `end_time`, `is_active`, `battle_id`, `current_hp`, `created_at`) VALUES
(18, 16, '2026-06-02', '2026-06-02 22:11:49', '2026-06-02 22:21:49', 0, 103, 3100, '2026-06-02 19:11:49'),
(19, 16, '2026-06-03', '2026-06-03 22:03:53', '2026-06-03 22:08:53', 0, 109, 3100, '2026-06-03 19:03:53'),
(20, 16, '2026-06-03', '2026-06-03 22:09:24', '2026-06-03 22:14:24', 0, 110, 3100, '2026-06-03 19:09:24'),
(21, 16, '2026-06-03', '2026-06-03 22:19:18', '2026-06-03 22:24:18', 0, 112, 3100, '2026-06-03 19:19:18'),
(22, 16, '2026-06-04', '2026-06-04 17:32:29', '2026-06-04 17:37:29', 0, 115, 3100, '2026-06-04 14:32:30');

-- --------------------------------------------------------

--
-- Структура таблицы `event_participants`
--

CREATE TABLE `event_participants` (
  `id` int NOT NULL,
  `event_id` int NOT NULL,
  `user_id` int NOT NULL,
  `battle_id` int DEFAULT NULL,
  `is_winner` tinyint(1) DEFAULT '0',
  `joined_at` datetime NOT NULL,
  `reward_given` tinyint(1) DEFAULT '0'
) ENGINE=InnoDB DEFAULT CHARSET=utf8mb4 COLLATE=utf8mb4_0900_ai_ci;

--
-- Дамп данных таблицы `event_participants`
--

INSERT INTO `event_participants` (`id`, `event_id`, `user_id`, `battle_id`, `is_winner`, `joined_at`, `reward_given`) VALUES
(1, 1, 2, 82, 0, '2026-06-02 18:40:51', 0),
(2, 2, 2, 83, 0, '2026-06-02 18:45:57', 0),
(3, 3, 2, 84, 0, '2026-06-02 18:55:31', 0),
(4, 3, 3, 84, 0, '2026-06-02 19:02:59', 0),
(5, 5, 2, 85, 0, '2026-06-02 19:44:03', 0),
(6, 5, 3, 85, 0, '2026-06-02 19:44:19', 0),
(7, 6, 2, 86, 0, '2026-06-02 19:45:17', 0),
(8, 6, 3, 87, 0, '2026-06-02 19:45:39', 0),
(9, 10, 2, 89, 0, '2026-06-02 19:53:15', 0),
(10, 11, 2, 91, 0, '2026-06-02 19:53:45', 0),
(11, 11, 3, 91, 0, '2026-06-02 19:54:00', 0),
(12, 12, 2, 92, 0, '2026-06-02 19:54:39', 0),
(13, 13, 2, 93, 0, '2026-06-02 21:34:30', 0),
(14, 14, 2, 95, 0, '2026-06-02 22:06:12', 0),
(15, 15, 2, 97, 0, '2026-06-02 22:07:18', 0),
(16, 16, 2, 99, 0, '2026-06-02 22:07:51', 0),
(17, 16, 3, 99, 0, '2026-06-02 22:08:01', 0),
(18, 17, 2, 101, 0, '2026-06-02 22:11:00', 0),
(19, 18, 2, 103, 0, '2026-06-02 22:11:55', 0),
(20, 18, 3, 103, 0, '2026-06-02 22:11:59', 0),
(21, 20, 2, 110, 0, '2026-06-03 22:09:43', 0),
(22, 20, 3, 110, 0, '2026-06-03 22:12:06', 0),
(23, 21, 2, 112, 0, '2026-06-03 22:19:22', 0),
(24, 21, 3, 112, 0, '2026-06-03 22:19:28', 0),
(25, 22, 2, 115, 0, '2026-06-04 17:32:33', 0);

-- --------------------------------------------------------

--
-- Структура таблицы `forum_replies`
--

CREATE TABLE `forum_replies` (
  `id` int NOT NULL,
  `topic_id` int NOT NULL,
  `content` text NOT NULL,
  `user_id` int NOT NULL,
  `created_at` int NOT NULL,
  `updated_at` int NOT NULL
) ENGINE=InnoDB DEFAULT CHARSET=utf8mb4 COLLATE=utf8mb4_0900_ai_ci;

--
-- Дамп данных таблицы `forum_replies`
--

INSERT INTO `forum_replies` (`id`, `topic_id`, `content`, `user_id`, `created_at`, `updated_at`) VALUES
(9, 11, 'фыв123', 2, 1780503666, 1780503666);

-- --------------------------------------------------------

--
-- Структура таблицы `forum_topics`
--

CREATE TABLE `forum_topics` (
  `id` int NOT NULL,
  `title` varchar(255) NOT NULL,
  `content` text NOT NULL,
  `user_id` int NOT NULL,
  `views` int NOT NULL DEFAULT '0',
  `replies_count` int NOT NULL DEFAULT '0',
  `last_reply_id` int DEFAULT NULL,
  `last_reply_time` int DEFAULT NULL,
  `status` tinyint NOT NULL DEFAULT '1',
  `created_at` int NOT NULL,
  `updated_at` int NOT NULL
) ENGINE=InnoDB DEFAULT CHARSET=utf8mb4 COLLATE=utf8mb4_0900_ai_ci;

--
-- Дамп данных таблицы `forum_topics`
--

INSERT INTO `forum_topics` (`id`, `title`, `content`, `user_id`, `views`, `replies_count`, `last_reply_id`, `last_reply_time`, `status`, `created_at`, `updated_at`) VALUES
(11, 'test2', 'фывфыв', 2, 4, 0, NULL, NULL, 1, 1780503648, 1780503648);

-- --------------------------------------------------------

--
-- Структура таблицы `instance`
--

CREATE TABLE `instance` (
  `id` int NOT NULL,
  `user_id` int NOT NULL,
  `level` int NOT NULL,
  `map` text NOT NULL,
  `x` varchar(255) NOT NULL,
  `y` varchar(255) NOT NULL,
  `dir` int NOT NULL,
  `cooldown` int NOT NULL,
  `canMove` float NOT NULL
) ENGINE=InnoDB DEFAULT CHARSET=utf8mb4 COLLATE=utf8mb4_0900_ai_ci;

-- --------------------------------------------------------

--
-- Структура таблицы `instance_bots`
--

CREATE TABLE `instance_bots` (
  `id` int NOT NULL,
  `bot_id` int NOT NULL,
  `x` varchar(255) NOT NULL,
  `y` varchar(255) NOT NULL,
  `health` int NOT NULL,
  `maxHelth` int NOT NULL,
  `name` varchar(255) NOT NULL,
  `color` varchar(255) NOT NULL,
  `textureUrl` varchar(255) NOT NULL DEFAULT '',
  `instance_id` int NOT NULL
) ENGINE=InnoDB DEFAULT CHARSET=utf8mb4 COLLATE=utf8mb4_0900_ai_ci;

-- --------------------------------------------------------

--
-- Структура таблицы `inventory`
--

CREATE TABLE `inventory` (
  `id` int NOT NULL,
  `user_id` int NOT NULL,
  `item_id` int NOT NULL,
  `name` varchar(255) DEFAULT NULL,
  `cost` int DEFAULT NULL,
  `type` varchar(255) DEFAULT NULL,
  `exec` text,
  `img` varchar(255) DEFAULT NULL,
  `n_str` int DEFAULT NULL,
  `n_dex` int DEFAULT NULL,
  `n_end` int DEFAULT NULL,
  `n_inte` int DEFAULT NULL,
  `n_intu` int DEFAULT NULL,
  `n_fire` int DEFAULT NULL,
  `n_water` int DEFAULT NULL,
  `n_air` int DEFAULT NULL,
  `n_earth` int DEFAULT NULL,
  `str` int DEFAULT NULL,
  `dex` int DEFAULT NULL,
  `end` int DEFAULT NULL,
  `inte` int DEFAULT NULL,
  `intu` int DEFAULT NULL,
  `fire` int DEFAULT NULL,
  `water` int DEFAULT NULL,
  `air` int DEFAULT NULL,
  `earth` int DEFAULT NULL,
  `damage` int DEFAULT NULL,
  `defence` int DEFAULT NULL,
  `health` int DEFAULT NULL,
  `mana` int DEFAULT NULL,
  `n_level` int DEFAULT NULL,
  `crit` int DEFAULT NULL,
  `anticrit` int DEFAULT NULL,
  `mdef` int DEFAULT NULL,
  `evaision` int DEFAULT NULL,
  `aeveision` int DEFAULT NULL,
  `dressed` int NOT NULL DEFAULT '0',
  `mailed` int NOT NULL DEFAULT '0',
  `isArt` int NOT NULL DEFAULT '0',
  `description` varchar(255) CHARACTER SET utf8mb4 COLLATE utf8mb4_0900_ai_ci DEFAULT NULL,
  `enchant` int NOT NULL DEFAULT '0',
  `shoped` int NOT NULL DEFAULT '0'
) ENGINE=InnoDB DEFAULT CHARSET=utf8mb4 COLLATE=utf8mb4_0900_ai_ci;

--
-- Дамп данных таблицы `inventory`
--

INSERT INTO `inventory` (`id`, `user_id`, `item_id`, `name`, `cost`, `type`, `exec`, `img`, `n_str`, `n_dex`, `n_end`, `n_inte`, `n_intu`, `n_fire`, `n_water`, `n_air`, `n_earth`, `str`, `dex`, `end`, `inte`, `intu`, `fire`, `water`, `air`, `earth`, `damage`, `defence`, `health`, `mana`, `n_level`, `crit`, `anticrit`, `mdef`, `evaision`, `aeveision`, `dressed`, `mailed`, `isArt`, `description`, `enchant`, `shoped`) VALUES
(226, 2, 1003, 'Хаос Доспех', 1000000, 'chest', NULL, '/generated_items/art/chest.png', 10, NULL, 10, NULL, NULL, NULL, NULL, NULL, NULL, 45, 45, 34, 20, 27, NULL, NULL, NULL, NULL, NULL, 80, 2800, NULL, 4, 40, 30, 100, 45, 27, 1, 0, 1, NULL, 0, 0),
(227, 2, 1002, 'Хаос Шлем', 1000000, 'helm', NULL, '/generated_items/art/helm.png', 10, NULL, 10, NULL, NULL, NULL, NULL, NULL, NULL, 40, 34, 27, 15, 21, NULL, NULL, NULL, NULL, NULL, 56, 1800, NULL, 4, 35, 25, 80, 34, 21, 1, 0, 1, NULL, 0, 0),
(228, 2, 1004, 'Хаос Щит', 1000000, 'shild', NULL, '/generated_items/art/shield.png', 10, NULL, 10, NULL, NULL, NULL, NULL, NULL, NULL, 43, 34, 27, 15, 21, NULL, NULL, NULL, NULL, NULL, 68, 1400, NULL, 4, 35, 20, 60, 34, 21, 1, 0, 1, NULL, 0, 0),
(244, 2, 1001, 'Хаос Меч', 0, 'weapon', NULL, '/generated_items/art/sword.png', 10, NULL, 10, NULL, NULL, NULL, NULL, NULL, NULL, 54, 44, 34, 10, 24, 50, NULL, NULL, 50, 420, 205, 250, NULL, 4, 55, 34, 50, 44, 24, 1, 0, 1, NULL, 0, 0);

-- --------------------------------------------------------

--
-- Структура таблицы `invetory_elexir`
--

CREATE TABLE `invetory_elexir` (
  `id` int NOT NULL,
  `name` varchar(255) NOT NULL,
  `type` varchar(255) NOT NULL,
  `img` varchar(255) NOT NULL,
  `user_id` int NOT NULL
) ENGINE=InnoDB DEFAULT CHARSET=utf8mb4 COLLATE=utf8mb4_0900_ai_ci;

--
-- Дамп данных таблицы `invetory_elexir`
--

INSERT INTO `invetory_elexir` (`id`, `name`, `type`, `img`, `user_id`) VALUES
(20, 'Эликсир интеллекта ', 'inte', '/img/inte.jpg', 2),
(35, 'Эликсир силы', 'str', '/img/str.jpg', 2),
(36, 'Эликсир ловкости', 'dex', '/img/dex.jpg', 2),
(37, 'Эликсир интуиции', 'intu', '/img/intu.jpg', 2),
(38, 'Эликсир интеллекта ', 'inte', '/img/inte.jpg', 2);

-- --------------------------------------------------------

--
-- Структура таблицы `item`
--

CREATE TABLE `item` (
  `id` int NOT NULL,
  `name` varchar(255) DEFAULT NULL,
  `cost` int DEFAULT NULL,
  `type` varchar(255) DEFAULT NULL,
  `class` varchar(50) DEFAULT NULL,
  `exec` text,
  `img` varchar(255) DEFAULT NULL,
  `n_str` int DEFAULT NULL,
  `n_dex` int DEFAULT NULL,
  `n_end` int DEFAULT NULL,
  `n_inte` int DEFAULT NULL,
  `n_intu` int DEFAULT NULL,
  `n_fire` int DEFAULT NULL,
  `n_water` int DEFAULT NULL,
  `n_air` int DEFAULT NULL,
  `n_earth` int DEFAULT NULL,
  `str` int DEFAULT NULL,
  `dex` int DEFAULT NULL,
  `end` int DEFAULT NULL,
  `inte` int DEFAULT NULL,
  `intu` int DEFAULT NULL,
  `fire` int DEFAULT NULL,
  `water` int DEFAULT NULL,
  `air` int DEFAULT NULL,
  `earth` int DEFAULT NULL,
  `damage` int DEFAULT NULL,
  `defence` int DEFAULT NULL,
  `health` int DEFAULT NULL,
  `mana` int DEFAULT NULL,
  `n_level` int DEFAULT NULL,
  `crit` int DEFAULT NULL,
  `anticrit` int DEFAULT NULL,
  `mdef` int DEFAULT NULL,
  `evaision` int DEFAULT NULL,
  `aeveision` int DEFAULT NULL,
  `description` varchar(255) NOT NULL,
  `regenerated` int NOT NULL DEFAULT '0',
  `complite` int NOT NULL DEFAULT '0',
  `isArt` int NOT NULL DEFAULT '0',
  `isCraft` int NOT NULL DEFAULT '0',
  `cost_ekr` int NOT NULL DEFAULT '0',
  `repa` int NOT NULL DEFAULT '0'
) ENGINE=InnoDB DEFAULT CHARSET=utf8mb4 COLLATE=utf8mb4_0900_ai_ci;

--
-- Дамп данных таблицы `item`
--

INSERT INTO `item` (`id`, `name`, `cost`, `type`, `class`, `exec`, `img`, `n_str`, `n_dex`, `n_end`, `n_inte`, `n_intu`, `n_fire`, `n_water`, `n_air`, `n_earth`, `str`, `dex`, `end`, `inte`, `intu`, `fire`, `water`, `air`, `earth`, `damage`, `defence`, `health`, `mana`, `n_level`, `crit`, `anticrit`, `mdef`, `evaision`, `aeveision`, `description`, `regenerated`, `complite`, `isArt`, `isCraft`, `cost_ekr`, `repa`) VALUES
(22, 'Теневой Клинок', 11, 'weapon', 'Критовик', NULL, '/generated_items/Критовик_2ур/Теневой_Клинок_weapon.png', 5, NULL, 2, NULL, 3, NULL, NULL, NULL, NULL, 4, NULL, 1, NULL, 2, NULL, NULL, NULL, NULL, 25, NULL, 0, NULL, 2, 150, 30, 50, NULL, NULL, 'Критовик 2ур: Меч', 0, 0, 0, 0, 0, 0),
(23, 'Теневой Шлем', 11, 'helm', 'Критовик', NULL, '/generated_items/Критовик_2ур/Теневой_Шлем_helm.png', 4, NULL, 2, NULL, 2, NULL, NULL, NULL, NULL, 2, NULL, 1, NULL, 2, NULL, NULL, NULL, NULL, 0, NULL, 150, NULL, 2, 100, 25, 40, NULL, NULL, 'Критовик 2ур: Шлем', 0, 0, 0, 0, 0, 0),
(24, 'Теневой Доспех', 11, 'chest', 'Критовик', NULL, '/generated_items/Критовик_2ур/Теневой_Доспех_chest.png', 5, NULL, 3, NULL, 3, NULL, NULL, NULL, NULL, 3, NULL, 2, NULL, 2, NULL, NULL, NULL, NULL, 0, NULL, 250, NULL, 2, 150, 35, 60, NULL, NULL, 'Критовик 2ур: Нагрудник', 0, 0, 0, 0, 0, 0),
(25, 'Теневой Щит', 11, 'shild', 'Критовик', NULL, '/generated_items/Критовик_2ур/Теневой_Щит_shild.png', 4, NULL, 2, NULL, 2, NULL, NULL, NULL, NULL, 2, NULL, 1, NULL, 1, NULL, NULL, NULL, NULL, 0, NULL, 100, NULL, 2, 80, 20, 30, NULL, NULL, 'Критовик 2ур: Щит', 0, 0, 0, 0, 0, 0),
(26, 'Теневые Наручи', 11, 'brasers', 'Критовик', NULL, '/generated_items/Критовик_2ур/Теневые_Наручи_brasers.png', 3, NULL, 1, NULL, 2, NULL, NULL, NULL, NULL, 2, NULL, 1, NULL, 1, NULL, NULL, NULL, NULL, 5, NULL, 50, NULL, 2, 50, 15, 20, NULL, NULL, 'Критовик 2ур: Наручи', 0, 0, 0, 0, 0, 0),
(27, 'Теневой Пояс', 11, 'belt', 'Критовик', NULL, '/generated_items/Критовик_2ур/Теневой_Пояс_belt.png', 3, NULL, 1, NULL, 2, NULL, NULL, NULL, NULL, 2, NULL, 1, NULL, 1, NULL, NULL, NULL, NULL, 5, NULL, 50, NULL, 2, 50, 15, 20, NULL, NULL, 'Критовик 2ур: Пояс', 0, 0, 0, 0, 0, 0),
(28, 'Теневые Перчатки', 11, 'gloves', 'Критовик', NULL, '/generated_items/Критовик_2ур/Теневые_Перчатки_gloves.png', 3, NULL, 2, NULL, 2, NULL, NULL, NULL, NULL, 2, NULL, 1, NULL, 1, NULL, NULL, NULL, NULL, 10, NULL, 100, NULL, 2, 80, 20, 30, NULL, NULL, 'Критовик 2ур: Перчатки', 0, 0, 0, 0, 0, 0),
(29, 'Теневые Сапоги', 11, 'boots', 'Критовик', NULL, '/generated_items/Критовик_2ур/Теневые_Сапоги_boots.png', 3, NULL, 1, NULL, 2, NULL, NULL, NULL, NULL, 2, NULL, 1, NULL, 1, NULL, NULL, NULL, NULL, 10, NULL, 100, NULL, 2, 80, 20, 30, NULL, NULL, 'Критовик 2ур: Сапоги', 0, 0, 0, 0, 0, 0),
(30, 'Теневые Серьги', 11, 'earrings', 'Критовик', NULL, '/generated_items/Критовик_2ур/Теневые_Серьги_earrings.png', 2, NULL, 1, NULL, 2, NULL, NULL, NULL, NULL, 1, NULL, 1, NULL, 1, NULL, NULL, NULL, NULL, 5, NULL, 50, NULL, 2, 50, 10, 15, NULL, NULL, 'Критовик 2ур: Серьги', 0, 0, 0, 0, 0, 0),
(31, 'Теневой Амулет', 11, 'amulet', 'Критовик', NULL, '/generated_items/Критовик_2ур/Теневой_Амулет_amulet.png', 2, NULL, 2, NULL, 2, NULL, NULL, NULL, NULL, 1, NULL, 1, NULL, 1, NULL, NULL, NULL, NULL, 5, NULL, 50, NULL, 2, 50, 10, 15, NULL, NULL, 'Критовик 2ур: Амулет', 0, 0, 0, 0, 0, 0),
(32, 'Теневое Кольцо', 11, 'ring', 'Критовик', NULL, '/generated_items/Критовик_2ур/Теневое_Кольцо_ring.png', 2, NULL, 1, NULL, 2, NULL, NULL, NULL, NULL, 1, NULL, 1, NULL, 1, NULL, NULL, NULL, NULL, 10, NULL, 100, NULL, 2, 80, 10, 20, NULL, NULL, 'Критовик 2ур: Кольцо', 0, 0, 0, 0, 0, 0),
(33, 'Стальной Меч Теней', 23, 'weapon', 'Критовик', NULL, '/generated_items/Критовик_3ур/Стальной_Меч_Теней_weapon.png', 8, NULL, 3, NULL, 5, NULL, NULL, NULL, NULL, 6, NULL, 2, NULL, 3, NULL, NULL, NULL, NULL, 35, NULL, 0, NULL, 3, 200, 45, 70, NULL, NULL, 'Критовик 3ур: Меч', 0, 0, 0, 0, 0, 0),
(34, 'Стальной Шлем Теней', 23, 'helm', 'Критовик', NULL, '/generated_items/Критовик_3ур/Стальной_Шлем_Теней_helm.png', 6, NULL, 3, NULL, 4, NULL, NULL, NULL, NULL, 4, NULL, 2, NULL, 3, NULL, NULL, NULL, NULL, 0, NULL, 200, NULL, 3, 150, 35, 55, NULL, NULL, 'Критовик 3ур: Шлем', 0, 0, 0, 0, 0, 0),
(35, 'Стальной Доспех Теней', 23, 'chest', 'Критовик', NULL, '/generated_items/Критовик_3ур/Стальной_Доспех_Теней_chest.png', 7, NULL, 4, NULL, 5, NULL, NULL, NULL, NULL, 5, NULL, 3, NULL, 3, NULL, NULL, NULL, NULL, 0, NULL, 350, NULL, 3, 200, 50, 80, NULL, NULL, 'Критовик 3ур: Нагрудник', 0, 0, 0, 0, 0, 0),
(36, 'Стальной Щит Теней', 23, 'shild', 'Критовик', NULL, '/generated_items/Критовик_3ур/Стальной_Щит_Теней_shild.png', 6, NULL, 3, NULL, 3, NULL, NULL, NULL, NULL, 3, NULL, 2, NULL, 2, NULL, NULL, NULL, NULL, 0, NULL, 150, NULL, 3, 120, 30, 45, NULL, NULL, 'Критовик 3ур: Щит', 0, 0, 0, 0, 0, 0),
(37, 'Стальные Наручи Теней', 23, 'brasers', 'Критовик', NULL, '/generated_items/Критовик_3ур/Стальные_Наручи_Теней_brasers.png', 5, NULL, 2, NULL, 3, NULL, NULL, NULL, NULL, 3, NULL, 1, NULL, 2, NULL, NULL, NULL, NULL, 10, NULL, 80, NULL, 3, 80, 25, 35, NULL, NULL, 'Критовик 3ур: Наручи', 0, 0, 0, 0, 0, 0),
(38, 'Стальной Пояс Теней', 23, 'belt', 'Критовик', NULL, '/generated_items/Критовик_3ур/Стальной_Пояс_Теней_belt.png', 5, NULL, 2, NULL, 3, NULL, NULL, NULL, NULL, 3, NULL, 1, NULL, 2, NULL, NULL, NULL, NULL, 10, NULL, 80, NULL, 3, 80, 25, 35, NULL, NULL, 'Критовик 3ур: Пояс', 0, 0, 0, 0, 0, 0),
(39, 'Стальные Перчатки Теней', 23, 'gloves', 'Критовик', NULL, '/generated_items/Критовик_3ур/Стальные_Перчатки_Теней_gloves.png', 5, NULL, 3, NULL, 4, NULL, NULL, NULL, NULL, 3, NULL, 2, NULL, 2, NULL, NULL, NULL, NULL, 15, NULL, 150, NULL, 3, 120, 30, 45, NULL, NULL, 'Критовик 3ур: Перчатки', 0, 0, 0, 0, 0, 0),
(40, 'Стальные Сапоги Теней', 23, 'boots', 'Критовик', NULL, '/generated_items/Критовик_3ур/Стальные_Сапоги_Теней_boots.png', 5, NULL, 2, NULL, 3, NULL, NULL, NULL, NULL, 3, NULL, 1, NULL, 2, NULL, NULL, NULL, NULL, 15, NULL, 150, NULL, 3, 120, 30, 45, NULL, NULL, 'Критовик 3ур: Сапоги', 0, 0, 0, 0, 0, 0),
(41, 'Стальные Серьги Теней', 23, 'earrings', 'Критовик', NULL, '/generated_items/Критовик_3ур/Стальные_Серьги_Теней_earrings.png', 4, NULL, 2, NULL, 3, NULL, NULL, NULL, NULL, 2, NULL, 1, NULL, 2, NULL, NULL, NULL, NULL, 10, NULL, 80, NULL, 3, 80, 15, 25, NULL, NULL, 'Критовик 3ур: Серьги', 0, 0, 0, 0, 0, 0),
(42, 'Стальной Амулет Теней', 23, 'amulet', 'Критовик', NULL, '/generated_items/Критовик_3ур/Стальной_Амулет_Теней_amulet.png', 4, NULL, 3, NULL, 4, NULL, NULL, NULL, NULL, 2, NULL, 2, NULL, 2, NULL, NULL, NULL, NULL, 10, NULL, 80, NULL, 3, 80, 15, 25, NULL, NULL, 'Критовик 3ур: Амулет', 0, 0, 0, 0, 0, 0),
(43, 'Стальное Кольцо Теней', 23, 'ring', 'Критовик', NULL, '/generated_items/Критовик_3ур/Стальное_Кольцо_Теней_ring.png', 4, NULL, 2, NULL, 3, NULL, NULL, NULL, NULL, 2, NULL, 1, NULL, 2, NULL, NULL, NULL, NULL, 20, NULL, 150, NULL, 3, 120, 15, 30, NULL, NULL, 'Критовик 3ур: Кольцо', 0, 0, 0, 0, 0, 0),
(44, 'Клинок Бездны', 43, 'weapon', 'Критовик', NULL, '/generated_items/Критовик_4ур/Клинок_Бездны_weapon.png', 12, NULL, 5, NULL, 8, NULL, NULL, NULL, NULL, 9, NULL, 3, NULL, 5, NULL, NULL, NULL, NULL, 50, NULL, 0, NULL, 4, 280, 60, 100, NULL, NULL, 'Критовик 4ур: Меч', 0, 0, 0, 0, 0, 0),
(45, 'Шлем Бездны', 43, 'helm', 'Критовик', NULL, '/generated_items/Критовик_4ур/Шлем_Бездны_helm.png', 10, NULL, 4, NULL, 6, NULL, NULL, NULL, NULL, 6, NULL, 3, NULL, 4, NULL, NULL, NULL, NULL, 0, NULL, 300, NULL, 4, 220, 50, 80, NULL, NULL, 'Критовик 4ур: Шлем', 0, 0, 0, 0, 0, 0),
(46, 'Доспех Бездны', 43, 'chest', 'Критовик', NULL, '/generated_items/Критовик_4ур/Доспех_Бездны_chest.png', 11, NULL, 6, NULL, 8, NULL, NULL, NULL, NULL, 8, NULL, 4, NULL, 5, NULL, NULL, NULL, NULL, 0, NULL, 500, NULL, 4, 280, 70, 110, NULL, NULL, 'Критовик 4ур: Нагрудник', 0, 0, 0, 0, 0, 0),
(47, 'Щит Бездны', 43, 'shild', 'Критовик', NULL, '/generated_items/Критовик_4ур/Щит_Бездны_shild.png', 9, NULL, 4, NULL, 5, NULL, NULL, NULL, NULL, 5, NULL, 3, NULL, 3, NULL, NULL, NULL, NULL, 0, NULL, 200, NULL, 4, 160, 40, 60, NULL, NULL, 'Критовик 4ур: Щит', 0, 0, 0, 0, 0, 0),
(48, 'Наручи Бездны', 43, 'brasers', 'Критовик', NULL, '/generated_items/Критовик_4ур/Наручи_Бездны_brasers.png', 8, NULL, 3, NULL, 5, NULL, NULL, NULL, NULL, 5, NULL, 2, NULL, 3, NULL, NULL, NULL, NULL, 15, NULL, 120, NULL, 4, 120, 35, 50, NULL, NULL, 'Критовик 4ур: Наручи', 0, 0, 0, 0, 0, 0),
(49, 'Пояс Бездны', 43, 'belt', 'Критовик', NULL, '/generated_items/Критовик_4ур/Пояс_Бездны_belt.png', 8, NULL, 3, NULL, 5, NULL, NULL, NULL, NULL, 5, NULL, 2, NULL, 3, NULL, NULL, NULL, NULL, 15, NULL, 120, NULL, 4, 120, 35, 50, NULL, NULL, 'Критовик 4ур: Пояс', 0, 0, 0, 0, 0, 0),
(50, 'Перчатки Бездны', 43, 'gloves', 'Критовик', NULL, '/generated_items/Критовик_4ур/Перчатки_Бездны_gloves.png', 8, NULL, 4, NULL, 6, NULL, NULL, NULL, NULL, 5, NULL, 3, NULL, 4, NULL, NULL, NULL, NULL, 20, NULL, 200, NULL, 4, 180, 45, 65, NULL, NULL, 'Критовик 4ур: Перчатки', 0, 0, 0, 0, 0, 0),
(51, 'Сапоги Бездны', 43, 'boots', 'Критовик', NULL, '/generated_items/Критовик_4ур/Сапоги_Бездны_boots.png', 8, NULL, 3, NULL, 5, NULL, NULL, NULL, NULL, 5, NULL, 2, NULL, 3, NULL, NULL, NULL, NULL, 20, NULL, 200, NULL, 4, 180, 45, 65, NULL, NULL, 'Критовик 4ур: Сапоги', 0, 0, 0, 0, 0, 0),
(52, 'Серьги Бездны', 43, 'earrings', 'Критовик', NULL, '/generated_items/Критовик_4ур/Серьги_Бездны_earrings.png', 6, NULL, 3, NULL, 5, NULL, NULL, NULL, NULL, 4, NULL, 2, NULL, 3, NULL, NULL, NULL, NULL, 15, NULL, 120, NULL, 4, 120, 20, 35, NULL, NULL, 'Критовик 4ур: Серьги', 0, 0, 0, 0, 0, 0),
(53, 'Амулет Бездны', 43, 'amulet', 'Критовик', NULL, '/generated_items/Критовик_4ур/Амулет_Бездны_amulet.png', 6, NULL, 4, NULL, 6, NULL, NULL, NULL, NULL, 4, NULL, 3, NULL, 4, NULL, NULL, NULL, NULL, 15, NULL, 120, NULL, 4, 120, 20, 35, NULL, NULL, 'Критовик 4ур: Амулет', 0, 0, 0, 0, 0, 0),
(54, 'Кольцо Бездны', 43, 'ring', 'Критовик', NULL, '/generated_items/Критовик_4ур/Кольцо_Бездны_ring.png', 6, NULL, 3, NULL, 5, NULL, NULL, NULL, NULL, 4, NULL, 2, NULL, 3, NULL, NULL, NULL, NULL, 30, NULL, 250, NULL, 4, 200, 20, 40, NULL, NULL, 'Критовик 4ур: Кольцо', 0, 0, 0, 0, 0, 0),
(55, 'Клинок Тьмы', 71, 'weapon', 'Критовик', NULL, '/generated_items/Критовик_5ур/Клинок_Тьмы_weapon.png', 16, NULL, 7, NULL, 10, NULL, NULL, NULL, NULL, 12, NULL, 5, NULL, 7, NULL, NULL, NULL, NULL, 70, NULL, 0, NULL, 5, 350, 80, 130, NULL, NULL, 'Критовик 5ур: Меч', 0, 0, 0, 0, 0, 0),
(56, 'Шлем Тьмы', 71, 'helm', 'Критовик', NULL, '/generated_items/Критовик_5ур/Шлем_Тьмы_helm.png', 13, NULL, 5, NULL, 8, NULL, NULL, NULL, NULL, 8, NULL, 4, NULL, 6, NULL, NULL, NULL, NULL, 0, NULL, 400, NULL, 5, 280, 65, 100, NULL, NULL, 'Критовик 5ур: Шлем', 0, 0, 0, 0, 0, 0),
(57, 'Доспех Тьмы', 71, 'chest', 'Критовик', NULL, '/generated_items/Критовик_5ур/Доспех_Тьмы_chest.png', 15, NULL, 8, NULL, 10, NULL, NULL, NULL, NULL, 10, NULL, 6, NULL, 7, NULL, NULL, NULL, NULL, 0, NULL, 650, NULL, 5, 350, 90, 140, NULL, NULL, 'Критовик 5ур: Нагрудник', 0, 0, 0, 0, 0, 0),
(58, 'Щит Тьмы', 71, 'shild', 'Критовик', NULL, '/generated_items/Критовик_5ур/Щит_Тьмы_shild.png', 12, NULL, 5, NULL, 7, NULL, NULL, NULL, NULL, 7, NULL, 4, NULL, 5, NULL, NULL, NULL, NULL, 0, NULL, 250, NULL, 5, 200, 50, 75, NULL, NULL, 'Критовик 5ур: Щит', 0, 0, 0, 0, 0, 0),
(59, 'Наручи Тьмы', 71, 'brasers', 'Критовик', NULL, '/generated_items/Критовик_5ур/Наручи_Тьмы_brasers.png', 10, NULL, 4, NULL, 7, NULL, NULL, NULL, NULL, 7, NULL, 3, NULL, 5, NULL, NULL, NULL, NULL, 20, NULL, 150, NULL, 5, 160, 45, 65, NULL, NULL, 'Критовик 5ур: Наручи', 0, 0, 0, 0, 0, 0),
(60, 'Пояс Тьмы', 71, 'belt', 'Критовик', NULL, '/generated_items/Критовик_5ур/Пояс_Тьмы_belt.png', 10, NULL, 4, NULL, 7, NULL, NULL, NULL, NULL, 7, NULL, 3, NULL, 5, NULL, NULL, NULL, NULL, 20, NULL, 150, NULL, 5, 160, 45, 65, NULL, NULL, 'Критовик 5ур: Пояс', 0, 0, 0, 0, 0, 0),
(61, 'Перчатки Тьмы', 71, 'gloves', 'Критовик', NULL, '/generated_items/Критовик_5ур/Перчатки_Тьмы_gloves.png', 10, NULL, 5, NULL, 8, NULL, NULL, NULL, NULL, 7, NULL, 4, NULL, 6, NULL, NULL, NULL, NULL, 30, NULL, 250, NULL, 5, 240, 55, 80, NULL, NULL, 'Критовик 5ур: Перчатки', 0, 0, 0, 0, 0, 0),
(62, 'Сапоги Тьмы', 71, 'boots', 'Критовик', NULL, '/generated_items/Критовик_5ур/Сапоги_Тьмы_boots.png', 10, NULL, 4, NULL, 7, NULL, NULL, NULL, NULL, 7, NULL, 3, NULL, 5, NULL, NULL, NULL, NULL, 30, NULL, 250, NULL, 5, 240, 55, 80, NULL, NULL, 'Критовик 5ур: Сапоги', 0, 0, 0, 0, 0, 0),
(63, 'Серьги Тьмы', 71, 'earrings', 'Критовик', NULL, '/generated_items/Критовик_5ур/Серьги_Тьмы_earrings.png', 8, NULL, 4, NULL, 6, NULL, NULL, NULL, NULL, 6, NULL, 3, NULL, 4, NULL, NULL, NULL, NULL, 20, NULL, 150, NULL, 5, 160, 25, 45, NULL, NULL, 'Критовик 5ур: Серьги', 0, 0, 0, 0, 0, 0),
(64, 'Амулет Тьмы', 71, 'amulet', 'Критовик', NULL, '/generated_items/Критовик_5ур/Амулет_Тьмы_amulet.png', 8, NULL, 5, NULL, 8, NULL, NULL, NULL, NULL, 6, NULL, 4, NULL, 6, NULL, NULL, NULL, NULL, 20, NULL, 150, NULL, 5, 160, 25, 45, NULL, NULL, 'Критовик 5ур: Амулет', 0, 0, 0, 0, 0, 0),
(65, 'Кольцо Тьмы', 71, 'ring', 'Критовик', NULL, '/generated_items/Критовик_5ур/Кольцо_Тьмы_ring.png', 8, NULL, 4, NULL, 6, NULL, NULL, NULL, NULL, 6, NULL, 3, NULL, 4, NULL, NULL, NULL, NULL, 40, NULL, 300, NULL, 5, 280, 25, 50, NULL, NULL, 'Критовик 5ур: Кольцо', 0, 0, 0, 0, 0, 0),
(66, 'Клинок Ужаса', 104, 'weapon', 'Критовик', NULL, '/generated_items/Критовик_6ур/Клинок_Ужаса_weapon.png', 20, NULL, 9, NULL, 13, NULL, NULL, NULL, NULL, 15, NULL, 6, NULL, 9, NULL, NULL, NULL, NULL, 90, NULL, 0, NULL, 6, 420, 100, 160, NULL, NULL, 'Критовик 6ур: Меч', 0, 0, 0, 0, 0, 0),
(67, 'Шлем Ужаса', 104, 'helm', 'Критовик', NULL, '/generated_items/Критовик_6ур/Шлем_Ужаса_helm.png', 16, NULL, 6, NULL, 10, NULL, NULL, NULL, NULL, 10, NULL, 5, NULL, 7, NULL, NULL, NULL, NULL, 0, NULL, 500, NULL, 6, 340, 80, 120, NULL, NULL, 'Критовик 6ур: Шлем', 0, 0, 0, 0, 0, 0),
(68, 'Доспех Ужаса', 104, 'chest', 'Критовик', NULL, '/generated_items/Критовик_6ур/Доспех_Ужаса_chest.png', 18, NULL, 9, NULL, 12, NULL, NULL, NULL, NULL, 12, NULL, 7, NULL, 9, NULL, NULL, NULL, NULL, 0, NULL, 800, NULL, 6, 420, 110, 170, NULL, NULL, 'Критовик 6ур: Нагрудник', 0, 0, 0, 0, 0, 0),
(69, 'Щит Ужаса', 104, 'shild', 'Критовик', NULL, '/generated_items/Критовик_6ур/Щит_Ужаса_shild.png', 15, NULL, 6, NULL, 9, NULL, NULL, NULL, NULL, 9, NULL, 5, NULL, 6, NULL, NULL, NULL, NULL, 0, NULL, 300, NULL, 6, 250, 65, 95, NULL, NULL, 'Критовик 6ур: Щит', 0, 0, 0, 0, 0, 0),
(70, 'Наручи Ужаса', 104, 'brasers', 'Критовик', NULL, '/generated_items/Критовик_6ур/Наручи_Ужаса_brasers.png', 12, NULL, 5, NULL, 8, NULL, NULL, NULL, NULL, 9, NULL, 4, NULL, 6, NULL, NULL, NULL, NULL, 25, NULL, 180, NULL, 6, 200, 55, 80, NULL, NULL, 'Критовик 6ур: Наручи', 0, 0, 0, 0, 0, 0),
(71, 'Пояс Ужаса', 104, 'belt', 'Критовик', NULL, '/generated_items/Критовик_6ур/Пояс_Ужаса_belt.png', 12, NULL, 5, NULL, 8, NULL, NULL, NULL, NULL, 9, NULL, 4, NULL, 6, NULL, NULL, NULL, NULL, 25, NULL, 180, NULL, 6, 200, 55, 80, NULL, NULL, 'Критовик 6ур: Пояс', 0, 0, 0, 0, 0, 0),
(72, 'Перчатки Ужаса', 104, 'gloves', 'Критовик', NULL, '/generated_items/Критовик_6ур/Перчатки_Ужаса_gloves.png', 13, NULL, 6, NULL, 10, NULL, NULL, NULL, NULL, 9, NULL, 5, NULL, 7, NULL, NULL, NULL, NULL, 40, NULL, 300, NULL, 6, 300, 70, 100, NULL, NULL, 'Критовик 6ур: Перчатки', 0, 0, 0, 0, 0, 0),
(73, 'Сапоги Ужаса', 104, 'boots', 'Критовик', NULL, '/generated_items/Критовик_6ур/Сапоги_Ужаса_boots.png', 12, NULL, 5, NULL, 8, NULL, NULL, NULL, NULL, 9, NULL, 4, NULL, 6, NULL, NULL, NULL, NULL, 40, NULL, 300, NULL, 6, 300, 70, 100, NULL, NULL, 'Критовик 6ур: Сапоги', 0, 0, 0, 0, 0, 0),
(74, 'Серьги Ужаса', 104, 'earrings', 'Критовик', NULL, '/generated_items/Критовик_6ур/Серьги_Ужаса_earrings.png', 10, NULL, 5, NULL, 8, NULL, NULL, NULL, NULL, 8, NULL, 4, NULL, 6, NULL, NULL, NULL, NULL, 25, NULL, 180, NULL, 6, 200, 30, 55, NULL, NULL, 'Критовик 6ур: Серьги', 0, 0, 0, 0, 0, 0),
(75, 'Амулет Ужаса', 104, 'amulet', 'Критовик', NULL, '/generated_items/Критовик_6ур/Амулет_Ужаса_amulet.png', 10, NULL, 6, NULL, 10, NULL, NULL, NULL, NULL, 8, NULL, 5, NULL, 8, NULL, NULL, NULL, NULL, 25, NULL, 180, NULL, 6, 200, 30, 55, NULL, NULL, 'Критовик 6ур: Амулет', 0, 0, 0, 0, 0, 0),
(76, 'Кольцо Ужаса', 104, 'ring', 'Критовик', NULL, '/generated_items/Критовик_6ур/Кольцо_Ужаса_ring.png', 10, NULL, 5, NULL, 8, NULL, NULL, NULL, NULL, 8, NULL, 4, NULL, 6, NULL, NULL, NULL, NULL, 50, NULL, 350, NULL, 6, 360, 30, 60, NULL, NULL, 'Критовик 6ур: Кольцо', 0, 0, 0, 0, 0, 0),
(77, 'Клинок Смерти', 148, 'weapon', 'Критовик', NULL, '/generated_items/Критовик_7ур/Клинок_Смерти_weapon.png', 25, NULL, 11, NULL, 16, NULL, NULL, NULL, NULL, 18, NULL, 8, NULL, 12, NULL, NULL, NULL, NULL, 110, NULL, 0, NULL, 7, 500, 120, 200, NULL, NULL, 'Критовик 7ур: Меч', 0, 0, 0, 0, 0, 0),
(78, 'Шлем Смерти', 148, 'helm', 'Критовик', NULL, '/generated_items/Критовик_7ур/Шлем_Смерти_helm.png', 20, NULL, 8, NULL, 12, NULL, NULL, NULL, NULL, 13, NULL, 6, NULL, 9, NULL, NULL, NULL, NULL, 0, NULL, 600, NULL, 7, 400, 95, 150, NULL, NULL, 'Критовик 7ур: Шлем', 0, 0, 0, 0, 0, 0),
(79, 'Доспех Смерти', 148, 'chest', 'Критовик', NULL, '/generated_items/Критовик_7ур/Доспех_Смерти_chest.png', 22, NULL, 11, NULL, 15, NULL, NULL, NULL, NULL, 15, NULL, 8, NULL, 11, NULL, NULL, NULL, NULL, 0, NULL, 950, NULL, 7, 500, 130, 210, NULL, NULL, 'Критовик 7ур: Нагрудник', 0, 0, 0, 0, 0, 0),
(80, 'Щит Смерти', 148, 'shild', 'Критовик', NULL, '/generated_items/Критовик_7ур/Щит_Смерти_shild.png', 18, NULL, 8, NULL, 11, NULL, NULL, NULL, NULL, 11, NULL, 6, NULL, 8, NULL, NULL, NULL, NULL, 0, NULL, 350, NULL, 7, 300, 80, 120, NULL, NULL, 'Критовик 7ур: Щит', 0, 0, 0, 0, 0, 0),
(81, 'Наручи Смерти', 148, 'brasers', 'Критовик', NULL, '/generated_items/Критовик_7ур/Наручи_Смерти_brasers.png', 15, NULL, 6, NULL, 10, NULL, NULL, NULL, NULL, 11, NULL, 5, NULL, 7, NULL, NULL, NULL, NULL, 30, NULL, 220, NULL, 7, 250, 70, 100, NULL, NULL, 'Критовик 7ур: Наручи', 0, 0, 0, 0, 0, 0),
(82, 'Пояс Смерти', 148, 'belt', 'Критовик', NULL, '/generated_items/Критовик_7ур/Пояс_Смерти_belt.png', 15, NULL, 6, NULL, 10, NULL, NULL, NULL, NULL, 11, NULL, 5, NULL, 7, NULL, NULL, NULL, NULL, 30, NULL, 220, NULL, 7, 250, 70, 100, NULL, NULL, 'Критовик 7ур: Пояс', 0, 0, 0, 0, 0, 0),
(83, 'Перчатки Смерти', 148, 'gloves', 'Критовик', NULL, '/generated_items/Критовик_7ур/Перчатки_Смерти_gloves.png', 16, NULL, 8, NULL, 12, NULL, NULL, NULL, NULL, 11, NULL, 6, NULL, 9, NULL, NULL, NULL, NULL, 50, NULL, 400, NULL, 7, 380, 85, 120, NULL, NULL, 'Критовик 7ур: Перчатки', 0, 0, 0, 0, 0, 0),
(84, 'Сапоги Смерти', 148, 'boots', 'Критовик', NULL, '/generated_items/Критовик_7ур/Сапоги_Смерти_boots.png', 15, NULL, 6, NULL, 10, NULL, NULL, NULL, NULL, 11, NULL, 5, NULL, 7, NULL, NULL, NULL, NULL, 50, NULL, 400, NULL, 7, 380, 85, 120, NULL, NULL, 'Критовик 7ур: Сапоги', 0, 0, 0, 0, 0, 0),
(85, 'Серьги Смерти', 148, 'earrings', 'Критовик', NULL, '/generated_items/Критовик_7ур/Серьги_Смерти_earrings.png', 12, NULL, 6, NULL, 10, NULL, NULL, NULL, NULL, 10, NULL, 5, NULL, 7, NULL, NULL, NULL, NULL, 30, NULL, 220, NULL, 7, 250, 40, 70, NULL, NULL, 'Критовик 7ур: Серьги', 0, 0, 0, 0, 0, 0),
(86, 'Амулет Смерти', 148, 'amulet', 'Критовик', NULL, '/generated_items/Критовик_7ур/Амулет_Смерти_amulet.png', 12, NULL, 8, NULL, 12, NULL, NULL, NULL, NULL, 10, NULL, 6, NULL, 10, NULL, NULL, NULL, NULL, 30, NULL, 220, NULL, 7, 250, 40, 70, NULL, NULL, 'Критовик 7ур: Амулет', 0, 0, 0, 0, 0, 0),
(87, 'Кольцо Смерти', 148, 'ring', 'Критовик', NULL, '/generated_items/Критовик_7ур/Кольцо_Смерти_ring.png', 12, NULL, 6, NULL, 10, NULL, NULL, NULL, NULL, 10, NULL, 5, NULL, 7, NULL, NULL, NULL, NULL, 60, NULL, 450, NULL, 7, 450, 40, 75, NULL, NULL, 'Критовик 7ур: Кольцо', 0, 0, 0, 0, 0, 0),
(88, 'Клинок Кошмара', 202, 'weapon', 'Критовик', NULL, '/generated_items/Критовик_8ур/Клинок_Кошмара_weapon.png', 30, NULL, 14, NULL, 20, NULL, NULL, NULL, NULL, 22, NULL, 10, NULL, 15, NULL, NULL, NULL, NULL, 130, NULL, 0, NULL, 8, 580, 140, 240, NULL, NULL, 'Критовик 8ур: Меч', 0, 0, 0, 0, 0, 0),
(89, 'Шлем Кошмара', 202, 'helm', 'Критовик', NULL, '/generated_items/Критовик_8ур/Шлем_Кошмара_helm.png', 24, NULL, 10, NULL, 15, NULL, NULL, NULL, NULL, 16, NULL, 8, NULL, 11, NULL, NULL, NULL, NULL, 0, NULL, 700, NULL, 8, 480, 110, 180, NULL, NULL, 'Критовик 8ур: Шлем', 0, 0, 0, 0, 0, 0),
(90, 'Доспех Кошмара', 202, 'chest', 'Критовик', NULL, '/generated_items/Критовик_8ур/Доспех_Кошмара_chest.png', 26, NULL, 13, NULL, 18, NULL, NULL, NULL, NULL, 18, NULL, 10, NULL, 13, NULL, NULL, NULL, NULL, 0, NULL, 1100, NULL, 8, 580, 150, 250, NULL, NULL, 'Критовик 8ур: Нагрудник', 0, 0, 0, 0, 0, 0),
(91, 'Щит Кошмара', 202, 'shild', 'Критовик', NULL, '/generated_items/Критовик_8ур/Щит_Кошмара_shild.png', 22, NULL, 10, NULL, 14, NULL, NULL, NULL, NULL, 14, NULL, 8, NULL, 10, NULL, NULL, NULL, NULL, 0, NULL, 400, NULL, 8, 360, 95, 145, NULL, NULL, 'Критовик 8ур: Щит', 0, 0, 0, 0, 0, 0),
(92, 'Наручи Кошмара', 202, 'brasers', 'Критовик', NULL, '/generated_items/Критовик_8ур/Наручи_Кошмара_brasers.png', 18, NULL, 8, NULL, 12, NULL, NULL, NULL, NULL, 13, NULL, 6, NULL, 9, NULL, NULL, NULL, NULL, 35, NULL, 250, NULL, 8, 300, 85, 120, NULL, NULL, 'Критовик 8ур: Наручи', 0, 0, 0, 0, 0, 0),
(93, 'Пояс Кошмара', 202, 'belt', 'Критовик', NULL, '/generated_items/Критовик_8ур/Пояс_Кошмара_belt.png', 18, NULL, 8, NULL, 12, NULL, NULL, NULL, NULL, 13, NULL, 6, NULL, 9, NULL, NULL, NULL, NULL, 35, NULL, 250, NULL, 8, 300, 85, 120, NULL, NULL, 'Критовик 8ур: Пояс', 0, 0, 0, 0, 0, 0),
(94, 'Перчатки Кошмара', 202, 'gloves', 'Критовик', NULL, '/generated_items/Критовик_8ур/Перчатки_Кошмара_gloves.png', 19, NULL, 9, NULL, 14, NULL, NULL, NULL, NULL, 13, NULL, 7, NULL, 10, NULL, NULL, NULL, NULL, 60, NULL, 500, NULL, 8, 460, 100, 140, NULL, NULL, 'Критовик 8ур: Перчатки', 0, 0, 0, 0, 0, 0),
(95, 'Сапоги Кошмара', 202, 'boots', 'Критовик', NULL, '/generated_items/Критовик_8ур/Сапоги_Кошмара_boots.png', 18, NULL, 8, NULL, 12, NULL, NULL, NULL, NULL, 13, NULL, 6, NULL, 9, NULL, NULL, NULL, NULL, 60, NULL, 500, NULL, 8, 460, 100, 140, NULL, NULL, 'Критовик 8ур: Сапоги', 0, 0, 0, 0, 0, 0),
(96, 'Серьги Кошмара', 202, 'earrings', 'Критовик', NULL, '/generated_items/Критовик_8ур/Серьги_Кошмара_earrings.png', 15, NULL, 8, NULL, 12, NULL, NULL, NULL, NULL, 12, NULL, 6, NULL, 9, NULL, NULL, NULL, NULL, 35, NULL, 250, NULL, 8, 300, 50, 85, NULL, NULL, 'Критовик 8ур: Серьги', 0, 0, 0, 0, 0, 0),
(97, 'Амулет Кошмара', 202, 'amulet', 'Критовик', NULL, '/generated_items/Критовик_8ур/Амулет_Кошмара_amulet.png', 15, NULL, 10, NULL, 15, NULL, NULL, NULL, NULL, 12, NULL, 8, NULL, 12, NULL, NULL, NULL, NULL, 35, NULL, 250, NULL, 8, 300, 50, 85, NULL, NULL, 'Критовик 8ур: Амулет', 0, 0, 0, 0, 0, 0),
(98, 'Кольцо Кошмара', 202, 'ring', 'Критовик', NULL, '/generated_items/Критовик_8ур/Кольцо_Кошмара_ring.png', 15, NULL, 8, NULL, 12, NULL, NULL, NULL, NULL, 12, NULL, 6, NULL, 9, NULL, NULL, NULL, NULL, 70, NULL, 550, NULL, 8, 550, 50, 90, NULL, NULL, 'Критовик 8ур: Кольцо', 0, 0, 0, 0, 0, 0),
(99, 'Клинок Ада', 279, 'weapon', 'Критовик', NULL, '/generated_items/Критовик_9ур/Клинок_Ада_weapon.png', 35, NULL, 17, NULL, 24, NULL, NULL, NULL, NULL, 26, NULL, 12, NULL, 18, NULL, NULL, NULL, NULL, 160, NULL, 0, NULL, 9, 680, 170, 290, NULL, NULL, 'Критовик 9ур: Меч', 0, 0, 0, 0, 0, 0),
(100, 'Шлем Ада', 279, 'helm', 'Критовик', NULL, '/generated_items/Критовик_9ур/Шлем_Ада_helm.png', 28, NULL, 12, NULL, 18, NULL, NULL, NULL, NULL, 19, NULL, 9, NULL, 13, NULL, NULL, NULL, NULL, 0, NULL, 850, NULL, 9, 580, 130, 210, NULL, NULL, 'Критовик 9ур: Шлем', 0, 0, 0, 0, 0, 0),
(101, 'Доспех Ада', 279, 'chest', 'Критовик', NULL, '/generated_items/Критовик_9ур/Доспех_Ада_chest.png', 30, NULL, 15, NULL, 21, NULL, NULL, NULL, NULL, 21, NULL, 12, NULL, 15, NULL, NULL, NULL, NULL, 0, NULL, 1300, NULL, 9, 680, 170, 290, NULL, NULL, 'Критовик 9ур: Нагрудник', 0, 0, 0, 0, 0, 0),
(102, 'Щит Ада', 279, 'shild', 'Критовик', NULL, '/generated_items/Критовик_9ур/Щит_Ада_shild.png', 26, NULL, 12, NULL, 17, NULL, NULL, NULL, NULL, 17, NULL, 9, NULL, 12, NULL, NULL, NULL, NULL, 0, NULL, 500, NULL, 9, 450, 115, 175, NULL, NULL, 'Критовик 9ур: Щит', 0, 0, 0, 0, 0, 0),
(103, 'Наручи Ада', 279, 'brasers', 'Критовик', NULL, '/generated_items/Критовик_9ур/Наручи_Ада_brasers.png', 21, NULL, 10, NULL, 14, NULL, NULL, NULL, NULL, 15, NULL, 8, NULL, 10, NULL, NULL, NULL, NULL, 45, NULL, 300, NULL, 9, 360, 100, 145, NULL, NULL, 'Критовик 9ур: Наручи', 0, 0, 0, 0, 0, 0),
(104, 'Пояс Ада', 279, 'belt', 'Критовик', NULL, '/generated_items/Критовик_9ур/Пояс_Ада_belt.png', 21, NULL, 10, NULL, 14, NULL, NULL, NULL, NULL, 15, NULL, 8, NULL, 10, NULL, NULL, NULL, NULL, 45, NULL, 300, NULL, 9, 360, 100, 145, NULL, NULL, 'Критовик 9ур: Пояс', 0, 0, 0, 0, 0, 0),
(105, 'Перчатки Ада', 279, 'gloves', 'Критовик', NULL, '/generated_items/Критовик_9ур/Перчатки_Ада_gloves.png', 22, NULL, 11, NULL, 16, NULL, NULL, NULL, NULL, 15, NULL, 9, NULL, 12, NULL, NULL, NULL, NULL, 75, NULL, 600, NULL, 9, 560, 120, 170, NULL, NULL, 'Критовик 9ур: Перчатки', 0, 0, 0, 0, 0, 0),
(106, 'Сапоги Ада', 279, 'boots', 'Критовик', NULL, '/generated_items/Критовик_9ур/Сапоги_Ада_boots.png', 21, NULL, 10, NULL, 14, NULL, NULL, NULL, NULL, 15, NULL, 8, NULL, 10, NULL, NULL, NULL, NULL, 75, NULL, 600, NULL, 9, 560, 120, 170, NULL, NULL, 'Критовик 9ур: Сапоги', 0, 0, 0, 0, 0, 0),
(107, 'Серьги Ада', 279, 'earrings', 'Критовик', NULL, '/generated_items/Критовик_9ур/Серьги_Ада_earrings.png', 18, NULL, 10, NULL, 14, NULL, NULL, NULL, NULL, 14, NULL, 8, NULL, 10, NULL, NULL, NULL, NULL, 45, NULL, 300, NULL, 9, 360, 60, 100, NULL, NULL, 'Критовик 9ур: Серьги', 0, 0, 0, 0, 0, 0),
(108, 'Амулет Ада', 279, 'amulet', 'Критовик', NULL, '/generated_items/Критовик_9ур/Амулет_Ада_amulet.png', 18, NULL, 12, NULL, 18, NULL, NULL, NULL, NULL, 14, NULL, 10, NULL, 14, NULL, NULL, NULL, NULL, 45, NULL, 300, NULL, 9, 360, 60, 100, NULL, NULL, 'Критовик 9ур: Амулет', 0, 0, 0, 0, 0, 0),
(109, 'Кольцо Ада', 279, 'ring', 'Критовик', NULL, '/generated_items/Критовик_9ур/Кольцо_Ада_ring.png', 18, NULL, 10, NULL, 14, NULL, NULL, NULL, NULL, 14, NULL, 8, NULL, 10, NULL, NULL, NULL, NULL, 85, NULL, 650, NULL, 9, 680, 60, 110, NULL, NULL, 'Критовик 9ур: Кольцо', 0, 0, 0, 0, 0, 0),
(110, 'Легендарный Клинок Теней', 399, 'weapon', 'Критовик', NULL, '/generated_items/Критовик_10ур/Легендарный_Клинок_Теней_weapon.png', 42, NULL, 20, NULL, 28, NULL, NULL, NULL, NULL, 32, NULL, 15, NULL, 22, NULL, NULL, NULL, NULL, 200, NULL, 0, NULL, 10, 800, 200, 350, NULL, NULL, 'Критовик 10ур: Меч', 0, 0, 0, 0, 0, 0),
(111, 'Легендарный Шлем Теней', 399, 'helm', 'Критовик', NULL, '/generated_items/Критовик_10ур/Легендарный_Шлем_Теней_helm.png', 34, NULL, 15, NULL, 22, NULL, NULL, NULL, NULL, 24, NULL, 12, NULL, 16, NULL, NULL, NULL, NULL, 0, NULL, 1000, NULL, 10, 700, 160, 250, NULL, NULL, 'Критовик 10ур: Шлем', 0, 0, 0, 0, 0, 0),
(112, 'Легендарный Доспех Теней', 399, 'chest', 'Критовик', NULL, '/generated_items/Критовик_10ур/Легендарный_Доспех_Теней_chest.png', 38, NULL, 18, NULL, 26, NULL, NULL, NULL, NULL, 28, NULL, 15, NULL, 20, NULL, NULL, NULL, NULL, 0, NULL, 1600, NULL, 10, 800, 200, 350, NULL, NULL, 'Критовик 10ур: Нагрудник', 0, 0, 0, 0, 0, 0),
(113, 'Легендарный Щит Теней', 399, 'shild', 'Критовик', NULL, '/generated_items/Критовик_10ур/Легендарный_Щит_Теней_shild.png', 32, NULL, 15, NULL, 20, NULL, NULL, NULL, NULL, 22, NULL, 12, NULL, 15, NULL, NULL, NULL, NULL, 0, NULL, 600, NULL, 10, 550, 140, 210, NULL, NULL, 'Критовик 10ур: Щит', 0, 0, 0, 0, 0, 0),
(114, 'Легендарные Наручи Теней', 399, 'brasers', 'Критовик', NULL, '/generated_items/Критовик_10ур/Легендарные_Наручи_Теней_brasers.png', 26, NULL, 12, NULL, 18, NULL, NULL, NULL, NULL, 18, NULL, 10, NULL, 12, NULL, NULL, NULL, NULL, 60, NULL, 400, NULL, 10, 450, 120, 180, NULL, NULL, 'Критовик 10ур: Наручи', 0, 0, 0, 0, 0, 0),
(115, 'Легендарный Пояс Теней', 399, 'belt', 'Критовик', NULL, '/generated_items/Критовик_10ур/Легендарный_Пояс_Теней_belt.png', 26, NULL, 12, NULL, 18, NULL, NULL, NULL, NULL, 18, NULL, 10, NULL, 12, NULL, NULL, NULL, NULL, 60, NULL, 400, NULL, 10, 450, 120, 180, NULL, NULL, 'Критовик 10ур: Пояс', 0, 0, 0, 0, 0, 0),
(116, 'Легендарные Перчатки Теней', 399, 'gloves', 'Критовик', NULL, '/generated_items/Критовик_10ур/Легендарные_Перчатки_Теней_gloves.png', 28, NULL, 14, NULL, 20, NULL, NULL, NULL, NULL, 20, NULL, 12, NULL, 14, NULL, NULL, NULL, NULL, 100, NULL, 800, NULL, 10, 700, 150, 220, NULL, NULL, 'Критовик 10ур: Перчатки', 0, 0, 0, 0, 0, 0),
(117, 'Легендарные Сапоги Теней', 399, 'boots', 'Критовик', NULL, '/generated_items/Критовик_10ур/Легендарные_Сапоги_Теней_boots.png', 26, NULL, 12, NULL, 18, NULL, NULL, NULL, NULL, 18, NULL, 10, NULL, 12, NULL, NULL, NULL, NULL, 100, NULL, 800, NULL, 10, 700, 150, 220, NULL, NULL, 'Критовик 10ур: Сапоги', 0, 0, 0, 0, 0, 0),
(118, 'Легендарные Серьги Теней', 399, 'earrings', 'Критовик', NULL, '/generated_items/Критовик_10ур/Легендарные_Серьги_Теней_earrings.png', 22, NULL, 12, NULL, 18, NULL, NULL, NULL, NULL, 16, NULL, 10, NULL, 14, NULL, NULL, NULL, NULL, 60, NULL, 400, NULL, 10, 450, 80, 130, NULL, NULL, 'Критовик 10ур: Серьги', 0, 0, 0, 0, 0, 0),
(119, 'Легендарный Амулет Теней', 399, 'amulet', 'Критовик', NULL, '/generated_items/Критовик_10ур/Легендарный_Амулет_Теней_amulet.png', 22, NULL, 15, NULL, 22, NULL, NULL, NULL, NULL, 16, NULL, 12, NULL, 16, NULL, NULL, NULL, NULL, 60, NULL, 400, NULL, 10, 450, 80, 130, NULL, NULL, 'Критовик 10ур: Амулет', 0, 0, 0, 0, 0, 0),
(120, 'Легендарное Кольцо Теней', 399, 'ring', 'Критовик', NULL, '/generated_items/Критовик_10ур/Легендарное_Кольцо_Теней_ring.png', 22, NULL, 12, NULL, 18, NULL, NULL, NULL, NULL, 16, NULL, 10, NULL, 14, NULL, NULL, NULL, NULL, 120, NULL, 800, NULL, 10, 800, 80, 140, NULL, NULL, 'Критовик 10ур: Кольцо', 0, 0, 0, 0, 0, 0),
(121, 'Ветреный Топор', 11, 'weapon', 'Уворотчик', NULL, '/generated_items/Уворотчик_2ур/Ветреный_Топор_weapon.png', 4, 5, 2, NULL, NULL, NULL, NULL, NULL, NULL, 3, 4, 1, NULL, NULL, NULL, NULL, NULL, NULL, 25, NULL, 0, NULL, 2, 100, 80, NULL, 200, 50, 'Уворотчик 2ур: Топор', 0, 0, 0, 0, 0, 0),
(122, 'Ветреный Шлем', 11, 'helm', 'Уворотчик', NULL, '/generated_items/Уворотчик_2ур/Ветреный_Шлем_helm.png', 3, 4, 2, NULL, NULL, NULL, NULL, NULL, NULL, 2, 3, 1, NULL, NULL, NULL, NULL, NULL, NULL, 0, NULL, 150, NULL, 2, 80, 60, NULL, 150, 40, 'Уворотчик 2ур: Шлем', 0, 0, 0, 0, 0, 0),
(123, 'Ветреный Доспех', 11, 'chest', 'Уворотчик', NULL, '/generated_items/Уворотчик_2ур/Ветреный_Доспех_chest.png', 4, 5, 3, NULL, NULL, NULL, NULL, NULL, NULL, 2, 4, 2, NULL, NULL, NULL, NULL, NULL, NULL, 0, NULL, 250, NULL, 2, 100, 80, NULL, 220, 60, 'Уворотчик 2ур: Нагрудник', 0, 0, 0, 0, 0, 0),
(124, 'Ветреный Щит', 11, 'shild', 'Уворотчик', NULL, '/generated_items/Уворотчик_2ур/Ветреный_Щит_shild.png', 3, 4, 2, NULL, NULL, NULL, NULL, NULL, NULL, 2, 3, 1, NULL, NULL, NULL, NULL, NULL, NULL, 0, NULL, 100, NULL, 2, 60, 50, NULL, 100, 30, 'Уворотчик 2ур: Щит', 0, 0, 0, 0, 0, 0),
(125, 'Ветреные Наручи', 11, 'brasers', 'Уворотчик', NULL, '/generated_items/Уворотчик_2ур/Ветреные_Наручи_brasers.png', 2, 3, 1, NULL, NULL, NULL, NULL, NULL, NULL, 1, 2, 1, NULL, NULL, NULL, NULL, NULL, NULL, 5, NULL, 50, NULL, 2, 40, 30, NULL, 80, 20, 'Уворотчик 2ур: Наручи', 0, 0, 0, 0, 0, 0),
(126, 'Ветреный Пояс', 11, 'belt', 'Уворотчик', NULL, '/generated_items/Уворотчик_2ур/Ветреный_Пояс_belt.png', 2, 3, 1, NULL, NULL, NULL, NULL, NULL, NULL, 1, 2, 1, NULL, NULL, NULL, NULL, NULL, NULL, 5, NULL, 50, NULL, 2, 40, 30, NULL, 80, 20, 'Уворотчик 2ур: Пояс', 0, 0, 0, 0, 0, 0),
(127, 'Ветреные Перчатки', 11, 'gloves', 'Уворотчик', NULL, '/generated_items/Уворотчик_2ур/Ветреные_Перчатки_gloves.png', 2, 4, 2, NULL, NULL, NULL, NULL, NULL, NULL, 1, 3, 1, NULL, NULL, NULL, NULL, NULL, NULL, 10, NULL, 100, NULL, 2, 60, 40, NULL, 120, 30, 'Уворотчик 2ур: Перчатки', 0, 0, 0, 0, 0, 0),
(128, 'Ветреные Сапоги', 11, 'boots', 'Уворотчик', NULL, '/generated_items/Уворотчик_2ур/Ветреные_Сапоги_boots.png', 2, 4, 1, NULL, NULL, NULL, NULL, NULL, NULL, 1, 3, 1, NULL, NULL, NULL, NULL, NULL, NULL, 10, NULL, 100, NULL, 2, 60, 40, NULL, 120, 30, 'Уворотчик 2ур: Сапоги', 0, 0, 0, 0, 0, 0),
(129, 'Ветреные Серьги', 11, 'earrings', 'Уворотчик', NULL, '/generated_items/Уворотчик_2ур/Ветреные_Серьги_earrings.png', 2, 2, 1, NULL, NULL, NULL, NULL, NULL, NULL, 1, 1, 1, NULL, NULL, NULL, NULL, NULL, NULL, 5, NULL, 50, NULL, 2, 30, 20, NULL, 50, 15, 'Уворотчик 2ур: Серьги', 0, 0, 0, 0, 0, 0),
(130, 'Ветреный Амулет', 11, 'amulet', 'Уворотчик', NULL, '/generated_items/Уворотчик_2ур/Ветреный_Амулет_amulet.png', 2, 2, 2, NULL, NULL, NULL, NULL, NULL, NULL, 1, 1, 1, NULL, NULL, NULL, NULL, NULL, NULL, 5, NULL, 50, NULL, 2, 30, 20, NULL, 50, 15, 'Уворотчик 2ур: Амулет', 0, 0, 0, 0, 0, 0),
(131, 'Ветреное Кольцо', 11, 'ring', 'Уворотчик', NULL, '/generated_items/Уворотчик_2ур/Ветреное_Кольцо_ring.png', 2, 2, 1, NULL, NULL, NULL, NULL, NULL, NULL, 1, 1, 1, NULL, NULL, NULL, NULL, NULL, NULL, 10, NULL, 100, NULL, 2, 50, 30, NULL, 80, 20, 'Уворотчик 2ур: Кольцо', 0, 0, 0, 0, 0, 0),
(132, 'Стальной Топор Ветра', 23, 'weapon', 'Уворотчик', NULL, '/generated_items/Уворотчик_3ур/Стальной_Топор_Ветра_weapon.png', 7, 8, 4, NULL, NULL, NULL, NULL, NULL, NULL, 5, 6, 3, NULL, NULL, NULL, NULL, NULL, NULL, 35, NULL, 0, NULL, 3, 140, 110, NULL, 280, 75, 'Уворотчик 3ур: Топор', 0, 0, 0, 0, 0, 0),
(133, 'Стальной Шлем Ветра', 23, 'helm', 'Уворотчик', NULL, '/generated_items/Уворотчик_3ур/Стальной_Шлем_Ветра_helm.png', 5, 6, 4, NULL, NULL, NULL, NULL, NULL, NULL, 3, 4, 3, NULL, NULL, NULL, NULL, NULL, NULL, 0, NULL, 200, NULL, 3, 110, 85, NULL, 210, 55, 'Уворотчик 3ур: Шлем', 0, 0, 0, 0, 0, 0),
(134, 'Стальной Доспех Ветра', 23, 'chest', 'Уворотчик', NULL, '/generated_items/Уворотчик_3ур/Стальной_Доспех_Ветра_chest.png', 6, 8, 5, NULL, NULL, NULL, NULL, NULL, NULL, 4, 6, 4, NULL, NULL, NULL, NULL, NULL, NULL, 0, NULL, 350, NULL, 3, 140, 110, NULL, 300, 85, 'Уворотчик 3ур: Нагрудник', 0, 0, 0, 0, 0, 0),
(135, 'Стальной Щит Ветра', 23, 'shild', 'Уворотчик', NULL, '/generated_items/Уворотчик_3ур/Стальной_Щит_Ветра_shild.png', 5, 6, 4, NULL, NULL, NULL, NULL, NULL, NULL, 3, 4, 3, NULL, NULL, NULL, NULL, NULL, NULL, 0, NULL, 150, NULL, 3, 85, 70, NULL, 150, 45, 'Уворотчик 3ур: Щит', 0, 0, 0, 0, 0, 0),
(136, 'Стальные Наручи Ветра', 23, 'brasers', 'Уворотчик', NULL, '/generated_items/Уворотчик_3ур/Стальные_Наручи_Ветра_brasers.png', 4, 5, 3, NULL, NULL, NULL, NULL, NULL, NULL, 2, 3, 2, NULL, NULL, NULL, NULL, NULL, NULL, 8, NULL, 80, NULL, 3, 60, 45, NULL, 120, 35, 'Уворотчик 3ур: Наручи', 0, 0, 0, 0, 0, 0),
(137, 'Стальной Пояс Ветра', 23, 'belt', 'Уворотчик', NULL, '/generated_items/Уворотчик_3ур/Стальной_Пояс_Ветра_belt.png', 4, 5, 3, NULL, NULL, NULL, NULL, NULL, NULL, 2, 3, 2, NULL, NULL, NULL, NULL, NULL, NULL, 8, NULL, 80, NULL, 3, 60, 45, NULL, 120, 35, 'Уворотчик 3ур: Пояс', 0, 0, 0, 0, 0, 0),
(138, 'Стальные Перчатки Ветра', 23, 'gloves', 'Уворотчик', NULL, '/generated_items/Уворотчик_3ур/Стальные_Перчатки_Ветра_gloves.png', 4, 6, 4, NULL, NULL, NULL, NULL, NULL, NULL, 2, 4, 3, NULL, NULL, NULL, NULL, NULL, NULL, 15, NULL, 150, NULL, 3, 85, 60, NULL, 180, 45, 'Уворотчик 3ур: Перчатки', 0, 0, 0, 0, 0, 0),
(139, 'Стальные Сапоги Ветра', 23, 'boots', 'Уворотчик', NULL, '/generated_items/Уворотчик_3ур/Стальные_Сапоги_Ветра_boots.png', 4, 6, 3, NULL, NULL, NULL, NULL, NULL, NULL, 2, 4, 2, NULL, NULL, NULL, NULL, NULL, NULL, 15, NULL, 150, NULL, 3, 85, 60, NULL, 180, 45, 'Уворотчик 3ур: Сапоги', 0, 0, 0, 0, 0, 0),
(140, 'Стальные Серьги Ветра', 23, 'earrings', 'Уворотчик', NULL, '/generated_items/Уворотчик_3ур/Стальные_Серьги_Ветра_earrings.png', 3, 4, 3, NULL, NULL, NULL, NULL, NULL, NULL, 2, 2, 2, NULL, NULL, NULL, NULL, NULL, NULL, 8, NULL, 80, NULL, 3, 45, 30, NULL, 80, 20, 'Уворотчик 3ур: Серьги', 0, 0, 0, 0, 0, 0),
(141, 'Стальной Амулет Ветра', 23, 'amulet', 'Уворотчик', NULL, '/generated_items/Уворотчик_3ур/Стальной_Амулет_Ветра_amulet.png', 3, 4, 4, NULL, NULL, NULL, NULL, NULL, NULL, 2, 2, 2, NULL, NULL, NULL, NULL, NULL, NULL, 8, NULL, 80, NULL, 3, 45, 30, NULL, 80, 20, 'Уворотчик 3ур: Амулет', 0, 0, 0, 0, 0, 0),
(142, 'Стальное Кольцо Ветра', 23, 'ring', 'Уворотчик', NULL, '/generated_items/Уворотчик_3ур/Стальное_Кольцо_Ветра_ring.png', 3, 4, 3, NULL, NULL, NULL, NULL, NULL, NULL, 2, 2, 2, NULL, NULL, NULL, NULL, NULL, NULL, 20, NULL, 150, NULL, 3, 70, 50, NULL, 120, 25, 'Уворотчик 3ур: Кольцо', 0, 0, 0, 0, 0, 0),
(143, 'Топор Бури', 43, 'weapon', 'Уворотчик', NULL, '/generated_items/Уворотчик_4ур/Топор_Бури_weapon.png', 11, 12, 6, NULL, NULL, NULL, NULL, NULL, NULL, 8, 9, 5, NULL, NULL, NULL, NULL, NULL, NULL, 50, NULL, 0, NULL, 4, 200, 150, NULL, 380, 100, 'Уворотчик 4ур: Топор', 0, 0, 0, 0, 0, 0),
(144, 'Шлем Бури', 43, 'helm', 'Уворотчик', NULL, '/generated_items/Уворотчик_4ур/Шлем_Бури_helm.png', 8, 9, 5, NULL, NULL, NULL, NULL, NULL, NULL, 5, 6, 4, NULL, NULL, NULL, NULL, NULL, NULL, 0, NULL, 300, NULL, 4, 150, 120, NULL, 280, 75, 'Уворотчик 4ур: Шлем', 0, 0, 0, 0, 0, 0),
(145, 'Доспех Бури', 43, 'chest', 'Уворотчик', NULL, '/generated_items/Уворотчик_4ур/Доспех_Бури_chest.png', 10, 12, 7, NULL, NULL, NULL, NULL, NULL, NULL, 7, 9, 5, NULL, NULL, NULL, NULL, NULL, NULL, 0, NULL, 500, NULL, 4, 200, 150, NULL, 400, 110, 'Уворотчик 4ур: Нагрудник', 0, 0, 0, 0, 0, 0),
(146, 'Щит Бури', 43, 'shild', 'Уворотчик', NULL, '/generated_items/Уворотчик_4ур/Щит_Бури_shild.png', 8, 9, 5, NULL, NULL, NULL, NULL, NULL, NULL, 5, 6, 4, NULL, NULL, NULL, NULL, NULL, NULL, 0, NULL, 200, NULL, 4, 120, 90, NULL, 200, 60, 'Уворотчик 4ур: Щит', 0, 0, 0, 0, 0, 0),
(147, 'Наручи Бури', 43, 'brasers', 'Уворотчик', NULL, '/generated_items/Уворотчик_4ур/Наручи_Бури_brasers.png', 6, 7, 4, NULL, NULL, NULL, NULL, NULL, NULL, 4, 5, 3, NULL, NULL, NULL, NULL, NULL, NULL, 12, NULL, 120, NULL, 4, 90, 65, NULL, 160, 50, 'Уворотчик 4ур: Наручи', 0, 0, 0, 0, 0, 0),
(148, 'Пояс Бури', 43, 'belt', 'Уворотчик', NULL, '/generated_items/Уворотчик_4ур/Пояс_Бури_belt.png', 6, 7, 4, NULL, NULL, NULL, NULL, NULL, NULL, 4, 5, 3, NULL, NULL, NULL, NULL, NULL, NULL, 12, NULL, 120, NULL, 4, 90, 65, NULL, 160, 50, 'Уворотчик 4ур: Пояс', 0, 0, 0, 0, 0, 0),
(149, 'Перчатки Бури', 43, 'gloves', 'Уворотчик', NULL, '/generated_items/Уворотчик_4ур/Перчатки_Бури_gloves.png', 7, 9, 5, NULL, NULL, NULL, NULL, NULL, NULL, 4, 6, 4, NULL, NULL, NULL, NULL, NULL, NULL, 25, NULL, 200, NULL, 4, 120, 85, NULL, 240, 60, 'Уворотчик 4ур: Перчатки', 0, 0, 0, 0, 0, 0),
(150, 'Сапоги Бури', 43, 'boots', 'Уворотчик', NULL, '/generated_items/Уворотчик_4ур/Сапоги_Бури_boots.png', 6, 9, 4, NULL, NULL, NULL, NULL, NULL, NULL, 4, 6, 3, NULL, NULL, NULL, NULL, NULL, NULL, 25, NULL, 200, NULL, 4, 120, 85, NULL, 240, 60, 'Уворотчик 4ур: Сапоги', 0, 0, 0, 0, 0, 0),
(151, 'Серьги Бури', 43, 'earrings', 'Уворотчик', NULL, '/generated_items/Уворотчик_4ур/Серьги_Бури_earrings.png', 5, 6, 4, NULL, NULL, NULL, NULL, NULL, NULL, 3, 4, 3, NULL, NULL, NULL, NULL, NULL, NULL, 12, NULL, 120, NULL, 4, 65, 45, NULL, 120, 30, 'Уворотчик 4ур: Серьги', 0, 0, 0, 0, 0, 0),
(152, 'Амулет Бури', 43, 'amulet', 'Уворотчик', NULL, '/generated_items/Уворотчик_4ур/Амулет_Бури_amulet.png', 5, 6, 5, NULL, NULL, NULL, NULL, NULL, NULL, 3, 4, 3, NULL, NULL, NULL, NULL, NULL, NULL, 12, NULL, 120, NULL, 4, 65, 45, NULL, 120, 30, 'Уворотчик 4ур: Амулет', 0, 0, 0, 0, 0, 0),
(153, 'Кольцо Бури', 43, 'ring', 'Уворотчик', NULL, '/generated_items/Уворотчик_4ур/Кольцо_Бури_ring.png', 5, 6, 4, NULL, NULL, NULL, NULL, NULL, NULL, 3, 4, 3, NULL, NULL, NULL, NULL, NULL, NULL, 35, NULL, 250, NULL, 4, 100, 70, NULL, 280, 35, 'Уворотчик 4ур: Кольцо', 0, 0, 0, 0, 0, 0),
(154, 'Топор Урагана', 71, 'weapon', 'Уворотчик', NULL, '/generated_items/Уворотчик_5ур/Топор_Урагана_weapon.png', 15, 16, 8, NULL, NULL, NULL, NULL, NULL, NULL, 11, 12, 6, NULL, NULL, NULL, NULL, NULL, NULL, 70, NULL, 0, NULL, 5, 260, 200, NULL, 480, 130, 'Уворотчик 5ур: Топор', 0, 0, 0, 0, 0, 0),
(155, 'Шлем Урагана', 71, 'helm', 'Уворотчик', NULL, '/generated_items/Уворотчик_5ур/Шлем_Урагана_helm.png', 11, 12, 7, NULL, NULL, NULL, NULL, NULL, NULL, 7, 8, 5, NULL, NULL, NULL, NULL, NULL, NULL, 0, NULL, 400, NULL, 5, 200, 160, NULL, 360, 95, 'Уворотчик 5ур: Шлем', 0, 0, 0, 0, 0, 0),
(156, 'Доспех Урагана', 71, 'chest', 'Уворотчик', NULL, '/generated_items/Уворотчик_5ур/Доспех_Урагана_chest.png', 13, 16, 10, NULL, NULL, NULL, NULL, NULL, NULL, 9, 12, 7, NULL, NULL, NULL, NULL, NULL, NULL, 0, NULL, 650, NULL, 5, 260, 200, NULL, 520, 140, 'Уворотчик 5ур: Нагрудник', 0, 0, 0, 0, 0, 0),
(157, 'Щит Урагана', 71, 'shild', 'Уворотчик', NULL, '/generated_items/Уворотчик_5ур/Щит_Урагана_shild.png', 11, 12, 7, NULL, NULL, NULL, NULL, NULL, NULL, 7, 8, 5, NULL, NULL, NULL, NULL, NULL, NULL, 0, NULL, 250, NULL, 5, 160, 120, NULL, 260, 80, 'Уворотчик 5ур: Щит', 0, 0, 0, 0, 0, 0),
(158, 'Наручи Урагана', 71, 'brasers', 'Уворотчик', NULL, '/generated_items/Уворотчик_5ур/Наручи_Урагана_brasers.png', 8, 10, 5, NULL, NULL, NULL, NULL, NULL, NULL, 5, 7, 4, NULL, NULL, NULL, NULL, NULL, NULL, 18, NULL, 150, NULL, 5, 120, 85, NULL, 210, 65, 'Уворотчик 5ур: Наручи', 0, 0, 0, 0, 0, 0),
(159, 'Пояс Урагана', 71, 'belt', 'Уворотчик', NULL, '/generated_items/Уворотчик_5ур/Пояс_Урагана_belt.png', 8, 10, 5, NULL, NULL, NULL, NULL, NULL, NULL, 5, 7, 4, NULL, NULL, NULL, NULL, NULL, NULL, 18, NULL, 150, NULL, 5, 120, 85, NULL, 210, 65, 'Уворотчик 5ур: Пояс', 0, 0, 0, 0, 0, 0),
(160, 'Перчатки Урагана', 71, 'gloves', 'Уворотчик', NULL, '/generated_items/Уворотчик_5ур/Перчатки_Урагана_gloves.png', 9, 12, 7, NULL, NULL, NULL, NULL, NULL, NULL, 6, 8, 5, NULL, NULL, NULL, NULL, NULL, NULL, 35, NULL, 280, NULL, 5, 160, 110, NULL, 320, 80, 'Уворотчик 5ур: Перчатки', 0, 0, 0, 0, 0, 0),
(161, 'Сапоги Урагана', 71, 'boots', 'Уворотчик', NULL, '/generated_items/Уворотчик_5ур/Сапоги_Урагана_boots.png', 8, 12, 5, NULL, NULL, NULL, NULL, NULL, NULL, 6, 8, 4, NULL, NULL, NULL, NULL, NULL, NULL, 35, NULL, 280, NULL, 5, 160, 110, NULL, 320, 80, 'Уворотчик 5ур: Сапоги', 0, 0, 0, 0, 0, 0),
(162, 'Серьги Урагана', 71, 'earrings', 'Уворотчик', NULL, '/generated_items/Уворотчик_5ур/Серьги_Урагана_earrings.png', 7, 8, 5, NULL, NULL, NULL, NULL, NULL, NULL, 4, 5, 4, NULL, NULL, NULL, NULL, NULL, NULL, 18, NULL, 150, NULL, 5, 85, 60, NULL, 160, 40, 'Уворотчик 5ур: Серьги', 0, 0, 0, 0, 0, 0),
(163, 'Амулет Урагана', 71, 'amulet', 'Уворотчик', NULL, '/generated_items/Уворотчик_5ур/Амулет_Урагана_amulet.png', 7, 8, 6, NULL, NULL, NULL, NULL, NULL, NULL, 4, 5, 4, NULL, NULL, NULL, NULL, NULL, NULL, 18, NULL, 150, NULL, 5, 85, 60, NULL, 160, 40, 'Уворотчик 5ур: Амулет', 0, 0, 0, 0, 0, 0),
(164, 'Кольцо Урагана', 71, 'ring', 'Уворотчик', NULL, '/generated_items/Уворотчик_5ур/Кольцо_Урагана_ring.png', 7, 8, 5, NULL, NULL, NULL, NULL, NULL, NULL, 4, 5, 4, NULL, NULL, NULL, NULL, NULL, NULL, 50, NULL, 350, NULL, 5, 140, 95, NULL, 380, 45, 'Уворотчик 5ур: Кольцо', 0, 0, 0, 0, 0, 0),
(165, 'Топор Шторма', 104, 'weapon', 'Уворотчик', NULL, '/generated_items/Уворотчик_6ур/Топор_Шторма_weapon.png', 19, 20, 11, NULL, NULL, NULL, NULL, NULL, NULL, 14, 15, 8, NULL, NULL, NULL, NULL, NULL, NULL, 90, NULL, 0, NULL, 6, 320, 250, NULL, 580, 160, 'Уворотчик 6ур: Топор', 0, 0, 0, 0, 0, 0),
(166, 'Шлем Шторма', 104, 'helm', 'Уворотчик', NULL, '/generated_items/Уворотчик_6ур/Шлем_Шторма_helm.png', 14, 15, 9, NULL, NULL, NULL, NULL, NULL, NULL, 9, 10, 6, NULL, NULL, NULL, NULL, NULL, NULL, 0, NULL, 500, NULL, 6, 250, 200, NULL, 440, 115, 'Уворотчик 6ур: Шлем', 0, 0, 0, 0, 0, 0),
(167, 'Доспех Шторма', 104, 'chest', 'Уворотчик', NULL, '/generated_items/Уворотчик_6ур/Доспех_Шторма_chest.png', 16, 20, 12, NULL, NULL, NULL, NULL, NULL, NULL, 11, 15, 9, NULL, NULL, NULL, NULL, NULL, NULL, 0, NULL, 800, NULL, 6, 320, 250, NULL, 640, 170, 'Уворотчик 6ур: Нагрудник', 0, 0, 0, 0, 0, 0),
(168, 'Щит Шторма', 104, 'shild', 'Уворотчик', NULL, '/generated_items/Уворотчик_6ур/Щит_Шторма_shild.png', 14, 15, 9, NULL, NULL, NULL, NULL, NULL, NULL, 9, 10, 6, NULL, NULL, NULL, NULL, NULL, NULL, 0, NULL, 300, NULL, 6, 200, 150, NULL, 320, 100, 'Уворотчик 6ур: Щит', 0, 0, 0, 0, 0, 0),
(169, 'Наручи Шторма', 104, 'brasers', 'Уворотчик', NULL, '/generated_items/Уворотчик_6ур/Наручи_Шторма_brasers.png', 10, 12, 7, NULL, NULL, NULL, NULL, NULL, NULL, 6, 8, 5, NULL, NULL, NULL, NULL, NULL, NULL, 22, NULL, 180, NULL, 6, 150, 110, NULL, 260, 80, 'Уворотчик 6ур: Наручи', 0, 0, 0, 0, 0, 0),
(170, 'Пояс Шторма', 104, 'belt', 'Уворотчик', NULL, '/generated_items/Уворотчик_6ур/Пояс_Шторма_belt.png', 10, 12, 7, NULL, NULL, NULL, NULL, NULL, NULL, 6, 8, 5, NULL, NULL, NULL, NULL, NULL, NULL, 22, NULL, 180, NULL, 6, 150, 110, NULL, 260, 80, 'Уворотчик 6ур: Пояс', 0, 0, 0, 0, 0, 0),
(171, 'Перчатки Шторма', 104, 'gloves', 'Уворотчик', NULL, '/generated_items/Уворотчик_6ур/Перчатки_Шторма_gloves.png', 11, 15, 8, NULL, NULL, NULL, NULL, NULL, NULL, 7, 10, 6, NULL, NULL, NULL, NULL, NULL, NULL, 45, NULL, 350, NULL, 6, 200, 140, NULL, 400, 100, 'Уворотчик 6ур: Перчатки', 0, 0, 0, 0, 0, 0),
(172, 'Сапоги Шторма', 104, 'boots', 'Уворотчик', NULL, '/generated_items/Уворотчик_6ур/Сапоги_Шторма_boots.png', 10, 15, 6, NULL, NULL, NULL, NULL, NULL, NULL, 7, 10, 5, NULL, NULL, NULL, NULL, NULL, NULL, 45, NULL, 350, NULL, 6, 200, 140, NULL, 400, 100, 'Уворотчик 6ур: Сапоги', 0, 0, 0, 0, 0, 0),
(173, 'Серьги Шторма', 104, 'earrings', 'Уворотчик', NULL, '/generated_items/Уворотчик_6ур/Серьги_Шторма_earrings.png', 9, 10, 7, NULL, NULL, NULL, NULL, NULL, NULL, 5, 6, 5, NULL, NULL, NULL, NULL, NULL, NULL, 22, NULL, 180, NULL, 6, 110, 75, NULL, 200, 50, 'Уворотчик 6ур: Серьги', 0, 0, 0, 0, 0, 0),
(174, 'Амулет Шторма', 104, 'amulet', 'Уворотчик', NULL, '/generated_items/Уворотчик_6ур/Амулет_Шторма_amulet.png', 9, 10, 8, NULL, NULL, NULL, NULL, NULL, NULL, 5, 6, 5, NULL, NULL, NULL, NULL, NULL, NULL, 22, NULL, 180, NULL, 6, 110, 75, NULL, 200, 50, 'Уворотчик 6ур: Амулет', 0, 0, 0, 0, 0, 0),
(175, 'Кольцо Шторма', 104, 'ring', 'Уворотчик', NULL, '/generated_items/Уворотчик_6ур/Кольцо_Шторма_ring.png', 9, 10, 7, NULL, NULL, NULL, NULL, NULL, NULL, 5, 6, 5, NULL, NULL, NULL, NULL, NULL, NULL, 60, NULL, 450, NULL, 6, 180, 120, NULL, 480, 55, 'Уворотчик 6ур: Кольцо', 0, 0, 0, 0, 0, 0),
(176, 'Топор Циклона', 148, 'weapon', 'Уворотчик', NULL, '/generated_items/Уворотчик_7ур/Топор_Циклона_weapon.png', 24, 25, 14, NULL, NULL, NULL, NULL, NULL, NULL, 18, 19, 10, NULL, NULL, NULL, NULL, NULL, NULL, 115, NULL, 0, NULL, 7, 400, 320, NULL, 700, 200, 'Уворотчик 7ур: Топор', 0, 0, 0, 0, 0, 0),
(177, 'Шлем Циклона', 148, 'helm', 'Уворотчик', NULL, '/generated_items/Уворотчик_7ур/Шлем_Циклона_helm.png', 18, 19, 11, NULL, NULL, NULL, NULL, NULL, NULL, 12, 13, 8, NULL, NULL, NULL, NULL, NULL, NULL, 0, NULL, 650, NULL, 7, 320, 250, NULL, 540, 140, 'Уворотчик 7ур: Шлем', 0, 0, 0, 0, 0, 0),
(178, 'Доспех Циклона', 148, 'chest', 'Уворотчик', NULL, '/generated_items/Уворотчик_7ур/Доспех_Циклона_chest.png', 20, 25, 15, NULL, NULL, NULL, NULL, NULL, NULL, 14, 19, 11, NULL, NULL, NULL, NULL, NULL, NULL, 0, NULL, 1000, NULL, 7, 400, 320, NULL, 780, 210, 'Уворотчик 7ур: Нагрудник', 0, 0, 0, 0, 0, 0),
(179, 'Щит Циклона', 148, 'shild', 'Уворотчик', NULL, '/generated_items/Уворотчик_7ур/Щит_Циклона_shild.png', 18, 19, 11, NULL, NULL, NULL, NULL, NULL, NULL, 12, 13, 8, NULL, NULL, NULL, NULL, NULL, NULL, 0, NULL, 380, NULL, 7, 250, 190, NULL, 400, 120, 'Уворотчик 7ур: Щит', 0, 0, 0, 0, 0, 0),
(180, 'Наручи Циклона', 148, 'brasers', 'Уворотчик', NULL, '/generated_items/Уворотчик_7ур/Наручи_Циклона_brasers.png', 13, 15, 9, NULL, NULL, NULL, NULL, NULL, NULL, 8, 10, 6, NULL, NULL, NULL, NULL, NULL, NULL, 28, NULL, 220, NULL, 7, 190, 140, NULL, 320, 100, 'Уворотчик 7ур: Наручи', 0, 0, 0, 0, 0, 0),
(181, 'Пояс Циклона', 148, 'belt', 'Уворотчик', NULL, '/generated_items/Уворотчик_7ур/Пояс_Циклона_belt.png', 13, 15, 9, NULL, NULL, NULL, NULL, NULL, NULL, 8, 10, 6, NULL, NULL, NULL, NULL, NULL, NULL, 28, NULL, 220, NULL, 7, 190, 140, NULL, 320, 100, 'Уворотчик 7ур: Пояс', 0, 0, 0, 0, 0, 0),
(182, 'Перчатки Циклона', 148, 'gloves', 'Уворотчик', NULL, '/generated_items/Уворотчик_7ур/Перчатки_Циклона_gloves.png', 14, 18, 10, NULL, NULL, NULL, NULL, NULL, NULL, 9, 12, 7, NULL, NULL, NULL, NULL, NULL, NULL, 55, NULL, 450, NULL, 7, 250, 180, NULL, 500, 125, 'Уворотчик 7ур: Перчатки', 0, 0, 0, 0, 0, 0),
(183, 'Сапоги Циклона', 148, 'boots', 'Уворотчик', NULL, '/generated_items/Уворотчик_7ур/Сапоги_Циклона_boots.png', 13, 18, 8, NULL, NULL, NULL, NULL, NULL, NULL, 9, 12, 6, NULL, NULL, NULL, NULL, NULL, NULL, 55, NULL, 450, NULL, 7, 250, 180, NULL, 500, 125, 'Уворотчик 7ур: Сапоги', 0, 0, 0, 0, 0, 0),
(184, 'Серьги Циклона', 148, 'earrings', 'Уворотчик', NULL, '/generated_items/Уворотчик_7ур/Серьги_Циклона_earrings.png', 11, 12, 9, NULL, NULL, NULL, NULL, NULL, NULL, 7, 8, 6, NULL, NULL, NULL, NULL, NULL, NULL, 28, NULL, 220, NULL, 7, 140, 95, NULL, 250, 60, 'Уворотчик 7ур: Серьги', 0, 0, 0, 0, 0, 0),
(185, 'Амулет Циклона', 148, 'amulet', 'Уворотчик', NULL, '/generated_items/Уворотчик_7ур/Амулет_Циклона_amulet.png', 11, 12, 10, NULL, NULL, NULL, NULL, NULL, NULL, 7, 8, 7, NULL, NULL, NULL, NULL, NULL, NULL, 28, NULL, 220, NULL, 7, 140, 95, NULL, 250, 60, 'Уворотчик 7ур: Амулет', 0, 0, 0, 0, 0, 0),
(186, 'Кольцо Циклона', 148, 'ring', 'Уворотчик', NULL, '/generated_items/Уворотчик_7ур/Кольцо_Циклона_ring.png', 11, 12, 9, NULL, NULL, NULL, NULL, NULL, NULL, 7, 8, 6, NULL, NULL, NULL, NULL, NULL, NULL, 75, NULL, 550, NULL, 7, 230, 150, NULL, 600, 70, 'Уворотчик 7ур: Кольцо', 0, 0, 0, 0, 0, 0),
(187, 'Топор Тайфуна', 202, 'weapon', 'Уворотчик', NULL, '/generated_items/Уворотчик_8ур/Топор_Тайфуна_weapon.png', 29, 31, 17, NULL, NULL, NULL, NULL, NULL, NULL, 22, 24, 13, NULL, NULL, NULL, NULL, NULL, NULL, 140, NULL, 0, NULL, 8, 480, 380, NULL, 820, 240, 'Уворотчик 8ур: Топор', 0, 0, 0, 0, 0, 0),
(188, 'Шлем Тайфуна', 202, 'helm', 'Уворотчик', NULL, '/generated_items/Уворотчик_8ур/Шлем_Тайфуна_helm.png', 22, 23, 14, NULL, NULL, NULL, NULL, NULL, NULL, 15, 16, 10, NULL, NULL, NULL, NULL, NULL, NULL, 0, NULL, 800, NULL, 8, 380, 300, NULL, 640, 170, 'Уворотчик 8ур: Шлем', 0, 0, 0, 0, 0, 0);
INSERT INTO `item` (`id`, `name`, `cost`, `type`, `class`, `exec`, `img`, `n_str`, `n_dex`, `n_end`, `n_inte`, `n_intu`, `n_fire`, `n_water`, `n_air`, `n_earth`, `str`, `dex`, `end`, `inte`, `intu`, `fire`, `water`, `air`, `earth`, `damage`, `defence`, `health`, `mana`, `n_level`, `crit`, `anticrit`, `mdef`, `evaision`, `aeveision`, `description`, `regenerated`, `complite`, `isArt`, `isCraft`, `cost_ekr`, `repa`) VALUES
(189, 'Доспех Тайфуна', 202, 'chest', 'Уворотчик', NULL, '/generated_items/Уворотчик_8ур/Доспех_Тайфуна_chest.png', 24, 31, 18, NULL, NULL, NULL, NULL, NULL, NULL, 17, 24, 14, NULL, NULL, NULL, NULL, NULL, NULL, 0, NULL, 1250, NULL, 8, 480, 380, NULL, 920, 250, 'Уворотчик 8ур: Нагрудник', 0, 0, 0, 0, 0, 0),
(190, 'Щит Тайфуна', 202, 'shild', 'Уворотчик', NULL, '/generated_items/Уворотчик_8ур/Щит_Тайфуна_shild.png', 22, 23, 14, NULL, NULL, NULL, NULL, NULL, NULL, 15, 16, 10, NULL, NULL, NULL, NULL, NULL, NULL, 0, NULL, 480, NULL, 8, 300, 230, NULL, 480, 145, 'Уворотчик 8ур: Щит', 0, 0, 0, 0, 0, 0),
(191, 'Наручи Тайфуна', 202, 'brasers', 'Уворотчик', NULL, '/generated_items/Уворотчик_8ур/Наручи_Тайфуна_brasers.png', 16, 19, 11, NULL, NULL, NULL, NULL, NULL, NULL, 10, 13, 8, NULL, NULL, NULL, NULL, NULL, NULL, 35, NULL, 280, NULL, 8, 230, 170, NULL, 390, 120, 'Уворотчик 8ур: Наручи', 0, 0, 0, 0, 0, 0),
(192, 'Пояс Тайфуна', 202, 'belt', 'Уворотчик', NULL, '/generated_items/Уворотчик_8ур/Пояс_Тайфуна_belt.png', 16, 19, 11, NULL, NULL, NULL, NULL, NULL, NULL, 10, 13, 8, NULL, NULL, NULL, NULL, NULL, NULL, 35, NULL, 280, NULL, 8, 230, 170, NULL, 390, 120, 'Уворотчик 8ур: Пояс', 0, 0, 0, 0, 0, 0),
(193, 'Перчатки Тайфуна', 202, 'gloves', 'Уворотчик', NULL, '/generated_items/Уворотчик_8ур/Перчатки_Тайфуна_gloves.png', 17, 22, 12, NULL, NULL, NULL, NULL, NULL, NULL, 11, 15, 9, NULL, NULL, NULL, NULL, NULL, NULL, 70, NULL, 550, NULL, 8, 300, 220, NULL, 620, 150, 'Уворотчик 8ур: Перчатки', 0, 0, 0, 0, 0, 0),
(194, 'Сапоги Тайфуна', 202, 'boots', 'Уворотчик', NULL, '/generated_items/Уворотчик_8ур/Сапоги_Тайфуна_boots.png', 16, 22, 10, NULL, NULL, NULL, NULL, NULL, NULL, 11, 15, 8, NULL, NULL, NULL, NULL, NULL, NULL, 70, NULL, 550, NULL, 8, 300, 220, NULL, 620, 150, 'Уворотчик 8ур: Сапоги', 0, 0, 0, 0, 0, 0),
(195, 'Серьги Тайфуна', 202, 'earrings', 'Уворотчик', NULL, '/generated_items/Уворотчик_8ур/Серьги_Тайфуна_earrings.png', 13, 15, 11, NULL, NULL, NULL, NULL, NULL, NULL, 8, 10, 8, NULL, NULL, NULL, NULL, NULL, NULL, 35, NULL, 280, NULL, 8, 170, 110, NULL, 310, 75, 'Уворотчик 8ур: Серьги', 0, 0, 0, 0, 0, 0),
(196, 'Амулет Тайфуна', 202, 'amulet', 'Уворотчик', NULL, '/generated_items/Уворотчик_8ур/Амулет_Тайфуна_amulet.png', 13, 15, 12, NULL, NULL, NULL, NULL, NULL, NULL, 8, 10, 9, NULL, NULL, NULL, NULL, NULL, NULL, 35, NULL, 280, NULL, 8, 170, 110, NULL, 310, 75, 'Уворотчик 8ур: Амулет', 0, 0, 0, 0, 0, 0),
(197, 'Кольцо Тайфуна', 202, 'ring', 'Уворотчик', NULL, '/generated_items/Уворотчик_8ур/Кольцо_Тайфуна_ring.png', 13, 15, 11, NULL, NULL, NULL, NULL, NULL, NULL, 8, 10, 8, NULL, NULL, NULL, NULL, NULL, NULL, 90, NULL, 680, NULL, 8, 280, 180, NULL, 750, 85, 'Уворотчик 8ур: Кольцо', 0, 0, 0, 0, 0, 0),
(198, 'Топор Смерча', 279, 'weapon', 'Уворотчик', NULL, '/generated_items/Уворотчик_9ур/Топор_Смерча_weapon.png', 34, 37, 20, NULL, NULL, NULL, NULL, NULL, NULL, 26, 28, 15, NULL, NULL, NULL, NULL, NULL, NULL, 170, NULL, 0, NULL, 9, 580, 460, NULL, 950, 290, 'Уворотчик 9ур: Топор', 0, 0, 0, 0, 0, 0),
(199, 'Шлем Смерча', 279, 'helm', 'Уворотчик', NULL, '/generated_items/Уворотчик_9ур/Шлем_Смерча_helm.png', 26, 28, 17, NULL, NULL, NULL, NULL, NULL, NULL, 18, 19, 12, NULL, NULL, NULL, NULL, NULL, NULL, 0, NULL, 950, NULL, 9, 460, 360, NULL, 740, 200, 'Уворотчик 9ур: Шлем', 0, 0, 0, 0, 0, 0),
(200, 'Доспех Смерча', 279, 'chest', 'Уворотчик', NULL, '/generated_items/Уворотчик_9ур/Доспех_Смерча_chest.png', 28, 37, 22, NULL, NULL, NULL, NULL, NULL, NULL, 20, 28, 17, NULL, NULL, NULL, NULL, NULL, NULL, 0, NULL, 1500, NULL, 9, 580, 460, NULL, 1060, 290, 'Уворотчик 9ур: Нагрудник', 0, 0, 0, 0, 0, 0),
(201, 'Щит Смерча', 279, 'shild', 'Уворотчик', NULL, '/generated_items/Уворотчик_9ур/Щит_Смерча_shild.png', 26, 28, 17, NULL, NULL, NULL, NULL, NULL, NULL, 18, 19, 12, NULL, NULL, NULL, NULL, NULL, NULL, 0, NULL, 580, NULL, 9, 360, 280, NULL, 560, 175, 'Уворотчик 9ур: Щит', 0, 0, 0, 0, 0, 0),
(202, 'Наручи Смерча', 279, 'brasers', 'Уворотчик', NULL, '/generated_items/Уворотчик_9ур/Наручи_Смерча_brasers.png', 19, 23, 13, NULL, NULL, NULL, NULL, NULL, NULL, 12, 15, 10, NULL, NULL, NULL, NULL, NULL, NULL, 42, NULL, 350, NULL, 9, 280, 210, NULL, 460, 145, 'Уворотчик 9ур: Наручи', 0, 0, 0, 0, 0, 0),
(203, 'Пояс Смерча', 279, 'belt', 'Уворотчик', NULL, '/generated_items/Уворотчик_9ур/Пояс_Смерча_belt.png', 19, 23, 13, NULL, NULL, NULL, NULL, NULL, NULL, 12, 15, 10, NULL, NULL, NULL, NULL, NULL, NULL, 42, NULL, 350, NULL, 9, 280, 210, NULL, 460, 145, 'Уворотчик 9ур: Пояс', 0, 0, 0, 0, 0, 0),
(204, 'Перчатки Смерча', 279, 'gloves', 'Уворотчик', NULL, '/generated_items/Уворотчик_9ур/Перчатки_Смерча_gloves.png', 20, 26, 14, NULL, NULL, NULL, NULL, NULL, NULL, 13, 18, 11, NULL, NULL, NULL, NULL, NULL, NULL, 85, NULL, 680, NULL, 9, 360, 270, NULL, 740, 180, 'Уворотчик 9ур: Перчатки', 0, 0, 0, 0, 0, 0),
(205, 'Сапоги Смерча', 279, 'boots', 'Уворотчик', NULL, '/generated_items/Уворотчик_9ур/Сапоги_Смерча_boots.png', 19, 26, 12, NULL, NULL, NULL, NULL, NULL, NULL, 13, 18, 9, NULL, NULL, NULL, NULL, NULL, NULL, 85, NULL, 680, NULL, 9, 360, 270, NULL, 740, 180, 'Уворотчик 9ур: Сапоги', 0, 0, 0, 0, 0, 0),
(206, 'Серьги Смерча', 279, 'earrings', 'Уворотчик', NULL, '/generated_items/Уворотчик_9ур/Серьги_Смерча_earrings.png', 16, 18, 13, NULL, NULL, NULL, NULL, NULL, NULL, 10, 12, 10, NULL, NULL, NULL, NULL, NULL, NULL, 42, NULL, 350, NULL, 9, 210, 140, NULL, 380, 90, 'Уворотчик 9ур: Серьги', 0, 0, 0, 0, 0, 0),
(207, 'Амулет Смерча', 279, 'amulet', 'Уворотчик', NULL, '/generated_items/Уворотчик_9ур/Амулет_Смерча_amulet.png', 16, 18, 14, NULL, NULL, NULL, NULL, NULL, NULL, 10, 12, 11, NULL, NULL, NULL, NULL, NULL, NULL, 42, NULL, 350, NULL, 9, 210, 140, NULL, 380, 90, 'Уворотчик 9ур: Амулет', 0, 0, 0, 0, 0, 0),
(208, 'Кольцо Смерча', 279, 'ring', 'Уворотчик', NULL, '/generated_items/Уворотчик_9ур/Кольцо_Смерча_ring.png', 16, 18, 13, NULL, NULL, NULL, NULL, NULL, NULL, 10, 12, 10, NULL, NULL, NULL, NULL, NULL, NULL, 105, NULL, 800, NULL, 9, 340, 230, NULL, 900, 105, 'Уворотчик 9ур: Кольцо', 0, 0, 0, 0, 0, 0),
(209, 'Легендарный Топор Ветра', 399, 'weapon', 'Уворотчик', NULL, '/generated_items/Уворотчик_10ур/Легендарный_Топор_Ветра_weapon.png', 40, 44, 24, NULL, NULL, NULL, NULL, NULL, NULL, 32, 34, 18, NULL, NULL, NULL, NULL, NULL, NULL, 210, NULL, 0, NULL, 10, 700, 550, NULL, 1100, 350, 'Уворотчик 10ур: Топор', 0, 0, 0, 0, 0, 0),
(210, 'Легендарный Шлем Ветра', 399, 'helm', 'Уворотчик', NULL, '/generated_items/Уворотчик_10ур/Легендарный_Шлем_Ветра_helm.png', 32, 34, 20, NULL, NULL, NULL, NULL, NULL, NULL, 22, 24, 15, NULL, NULL, NULL, NULL, NULL, NULL, 0, NULL, 1200, NULL, 10, 550, 440, NULL, 880, 240, 'Уворотчик 10ур: Шлем', 0, 0, 0, 0, 0, 0),
(211, 'Легендарный Доспех Ветра', 399, 'chest', 'Уворотчик', NULL, '/generated_items/Уворотчик_10ур/Легендарный_Доспех_Ветра_chest.png', 34, 44, 26, NULL, NULL, NULL, NULL, NULL, NULL, 24, 34, 20, NULL, NULL, NULL, NULL, NULL, NULL, 0, NULL, 1900, NULL, 10, 700, 550, NULL, 1250, 350, 'Уворотчик 10ур: Нагрудник', 0, 0, 0, 0, 0, 0),
(212, 'Легендарный Щит Ветра', 399, 'shild', 'Уворотчик', NULL, '/generated_items/Уворотчик_10ур/Легендарный_Щит_Ветра_shild.png', 32, 34, 20, NULL, NULL, NULL, NULL, NULL, NULL, 22, 24, 15, NULL, NULL, NULL, NULL, NULL, NULL, 0, NULL, 720, NULL, 10, 440, 330, NULL, 680, 210, 'Уворотчик 10ур: Щит', 0, 0, 0, 0, 0, 0),
(213, 'Легендарные Наручи Ветра', 399, 'brasers', 'Уворотчик', NULL, '/generated_items/Уворотчик_10ур/Легендарные_Наручи_Ветра_brasers.png', 23, 28, 15, NULL, NULL, NULL, NULL, NULL, NULL, 15, 19, 12, NULL, NULL, NULL, NULL, NULL, NULL, 55, NULL, 450, NULL, 10, 330, 250, NULL, 560, 175, 'Уворотчик 10ур: Наручи', 0, 0, 0, 0, 0, 0),
(214, 'Легендарный Пояс Ветра', 399, 'belt', 'Уворотчик', NULL, '/generated_items/Уворотчик_10ур/Легендарный_Пояс_Ветра_belt.png', 23, 28, 15, NULL, NULL, NULL, NULL, NULL, NULL, 15, 19, 12, NULL, NULL, NULL, NULL, NULL, NULL, 55, NULL, 450, NULL, 10, 330, 250, NULL, 560, 175, 'Уворотчик 10ур: Пояс', 0, 0, 0, 0, 0, 0),
(215, 'Легендарные Перчатки Ветра', 399, 'gloves', 'Уворотчик', NULL, '/generated_items/Уворотчик_10ур/Легендарные_Перчатки_Ветра_gloves.png', 24, 32, 17, NULL, NULL, NULL, NULL, NULL, NULL, 16, 22, 14, NULL, NULL, NULL, NULL, NULL, NULL, 110, NULL, 850, NULL, 10, 440, 330, NULL, 900, 220, 'Уворотчик 10ур: Перчатки', 0, 0, 0, 0, 0, 0),
(216, 'Легендарные Сапоги Ветра', 399, 'boots', 'Уворотчик', NULL, '/generated_items/Уворотчик_10ур/Легендарные_Сапоги_Ветра_boots.png', 23, 32, 14, NULL, NULL, NULL, NULL, NULL, NULL, 16, 22, 12, NULL, NULL, NULL, NULL, NULL, NULL, 110, NULL, 850, NULL, 10, 440, 330, NULL, 900, 220, 'Уворотчик 10ур: Сапоги', 0, 0, 0, 0, 0, 0),
(217, 'Легендарные Серьги Ветра', 399, 'earrings', 'Уворотчик', NULL, '/generated_items/Уворотчик_10ур/Легендарные_Серьги_Ветра_earrings.png', 19, 22, 16, NULL, NULL, NULL, NULL, NULL, NULL, 12, 15, 12, NULL, NULL, NULL, NULL, NULL, NULL, 55, NULL, 450, NULL, 10, 250, 180, NULL, 460, 110, 'Уворотчик 10ур: Серьги', 0, 0, 0, 0, 0, 0),
(218, 'Легендарный Амулет Ветра', 399, 'amulet', 'Уворотчик', NULL, '/generated_items/Уворотчик_10ур/Легендарный_Амулет_Ветра_amulet.png', 19, 22, 17, NULL, NULL, NULL, NULL, NULL, NULL, 12, 15, 13, NULL, NULL, NULL, NULL, NULL, NULL, 55, NULL, 450, NULL, 10, 250, 180, NULL, 460, 110, 'Уворотчик 10ур: Амулет', 0, 0, 0, 0, 0, 0),
(219, 'Легендарное Кольцо Ветра', 399, 'ring', 'Уворотчик', NULL, '/generated_items/Уворотчик_10ур/Легендарное_Кольцо_Ветра_ring.png', 19, 22, 16, NULL, NULL, NULL, NULL, NULL, NULL, 12, 15, 12, NULL, NULL, NULL, NULL, NULL, NULL, 130, NULL, 1000, NULL, 10, 410, 300, NULL, 1100, 130, 'Уворотчик 10ур: Кольцо', 0, 0, 0, 0, 0, 0),
(220, 'Каменная Дубина', 11, 'weapon', 'Танк', NULL, '/generated_items/Танк_2ур/Каменная_Дубина_weapon.png', 7, NULL, 5, NULL, NULL, NULL, NULL, NULL, NULL, 5, NULL, 4, NULL, NULL, NULL, NULL, NULL, NULL, 30, 25, 0, NULL, 2, NULL, 100, NULL, NULL, 200, 'Танк 2ур: Дубина', 0, 0, 0, 0, 0, 0),
(221, 'Каменный Шлем', 11, 'helm', 'Танк', NULL, '/generated_items/Танк_2ур/Каменный_Шлем_helm.png', 5, NULL, 5, NULL, NULL, NULL, NULL, NULL, NULL, 3, NULL, 3, NULL, NULL, NULL, NULL, NULL, NULL, 0, 20, 250, NULL, 2, NULL, 120, NULL, NULL, 200, 'Танк 2ур: Шлем', 0, 0, 0, 0, 0, 0),
(222, 'Каменный Доспех', 11, 'chest', 'Танк', NULL, '/generated_items/Танк_2ур/Каменный_Доспех_chest.png', 7, NULL, 6, NULL, NULL, NULL, NULL, NULL, NULL, 5, NULL, 4, NULL, NULL, NULL, NULL, NULL, NULL, 0, 35, 400, NULL, 2, NULL, 150, NULL, NULL, 250, 'Танк 2ур: Нагрудник', 0, 0, 0, 0, 0, 0),
(223, 'Каменный Щит', 11, 'shild', 'Танк', NULL, '/generated_items/Танк_2ур/Каменный_Щит_shild.png', 6, NULL, 5, NULL, NULL, NULL, NULL, NULL, NULL, 4, NULL, 4, NULL, NULL, NULL, NULL, NULL, NULL, 0, 30, 200, NULL, 2, NULL, 100, NULL, NULL, 150, 'Танк 2ур: Щит', 0, 0, 0, 0, 0, 0),
(224, 'Каменные Наручи', 11, 'brasers', 'Танк', NULL, '/generated_items/Танк_2ур/Каменные_Наручи_brasers.png', 4, NULL, 3, NULL, NULL, NULL, NULL, NULL, NULL, 3, NULL, 2, NULL, NULL, NULL, NULL, NULL, NULL, 10, 15, 100, NULL, 2, NULL, 60, NULL, NULL, 80, 'Танк 2ур: Наручи', 0, 0, 0, 0, 0, 0),
(225, 'Каменный Пояс', 11, 'belt', 'Танк', NULL, '/generated_items/Танк_2ур/Каменный_Пояс_belt.png', 4, NULL, 3, NULL, NULL, NULL, NULL, NULL, NULL, 3, NULL, 2, NULL, NULL, NULL, NULL, NULL, NULL, 10, 15, 100, NULL, 2, NULL, 60, NULL, NULL, 80, 'Танк 2ур: Пояс', 0, 0, 0, 0, 0, 0),
(226, 'Каменные Перчатки', 11, 'gloves', 'Танк', NULL, '/generated_items/Танк_2ур/Каменные_Перчатки_gloves.png', 5, NULL, 4, NULL, NULL, NULL, NULL, NULL, NULL, 3, NULL, 3, NULL, NULL, NULL, NULL, NULL, NULL, 15, 20, 150, NULL, 2, NULL, 80, NULL, NULL, 100, 'Танк 2ур: Перчатки', 0, 0, 0, 0, 0, 0),
(227, 'Каменные Сапоги', 11, 'boots', 'Танк', NULL, '/generated_items/Танк_2ур/Каменные_Сапоги_boots.png', 5, NULL, 4, NULL, NULL, NULL, NULL, NULL, NULL, 3, NULL, 3, NULL, NULL, NULL, NULL, NULL, NULL, 15, 20, 150, NULL, 2, NULL, 80, NULL, NULL, 100, 'Танк 2ур: Сапоги', 0, 0, 0, 0, 0, 0),
(228, 'Каменные Серьги', 11, 'earrings', 'Танк', NULL, '/generated_items/Танк_2ур/Каменные_Серьги_earrings.png', 3, NULL, 3, NULL, NULL, NULL, NULL, NULL, NULL, 2, NULL, 2, NULL, NULL, NULL, NULL, NULL, NULL, 10, 10, 80, NULL, 2, NULL, 40, NULL, NULL, 60, 'Танк 2ур: Серьги', 0, 0, 0, 0, 0, 0),
(229, 'Каменный Амулет', 11, 'amulet', 'Танк', NULL, '/generated_items/Танк_2ур/Каменный_Амулет_amulet.png', 3, NULL, 4, NULL, NULL, NULL, NULL, NULL, NULL, 2, NULL, 2, NULL, NULL, NULL, NULL, NULL, NULL, 10, 10, 80, NULL, 2, NULL, 40, NULL, NULL, 60, 'Танк 2ур: Амулет', 0, 0, 0, 0, 0, 0),
(230, 'Каменное Кольцо', 11, 'ring', 'Танк', NULL, '/generated_items/Танк_2ур/Каменное_Кольцо_ring.png', 3, NULL, 3, NULL, NULL, NULL, NULL, NULL, NULL, 2, NULL, 2, NULL, NULL, NULL, NULL, NULL, NULL, 20, 15, 150, NULL, 2, NULL, 50, NULL, NULL, 80, 'Танк 2ур: Кольцо', 0, 0, 0, 0, 0, 0),
(231, 'Стальная Дубина Титана', 23, 'weapon', 'Танк', NULL, '/generated_items/Танк_3ур/Стальная_Дубина_Титана_weapon.png', 11, NULL, 8, NULL, NULL, NULL, NULL, NULL, NULL, 8, NULL, 6, NULL, NULL, NULL, NULL, NULL, NULL, 45, 40, 0, NULL, 3, NULL, 150, NULL, NULL, 300, 'Танк 3ур: Дубина', 0, 0, 0, 0, 0, 0),
(232, 'Стальной Шлем Титана', 23, 'helm', 'Танк', NULL, '/generated_items/Танк_3ур/Стальной_Шлем_Титана_helm.png', 8, NULL, 7, NULL, NULL, NULL, NULL, NULL, NULL, 5, NULL, 5, NULL, NULL, NULL, NULL, NULL, NULL, 0, 30, 350, NULL, 3, NULL, 180, NULL, NULL, 280, 'Танк 3ур: Шлем', 0, 0, 0, 0, 0, 0),
(233, 'Стальной Доспех Титана', 23, 'chest', 'Танк', NULL, '/generated_items/Танк_3ур/Стальной_Доспех_Титана_chest.png', 10, NULL, 9, NULL, NULL, NULL, NULL, NULL, NULL, 7, NULL, 6, NULL, NULL, NULL, NULL, NULL, NULL, 0, 50, 550, NULL, 3, NULL, 220, NULL, NULL, 350, 'Танк 3ур: Нагрудник', 0, 0, 0, 0, 0, 0),
(234, 'Стальной Щит Титана', 23, 'shild', 'Танк', NULL, '/generated_items/Танк_3ур/Стальной_Щит_Титана_shild.png', 9, NULL, 7, NULL, NULL, NULL, NULL, NULL, NULL, 6, NULL, 5, NULL, NULL, NULL, NULL, NULL, NULL, 0, 45, 280, NULL, 3, NULL, 150, NULL, NULL, 220, 'Танк 3ур: Щит', 0, 0, 0, 0, 0, 0),
(235, 'Стальные Наручи Титана', 23, 'brasers', 'Танк', NULL, '/generated_items/Танк_3ур/Стальные_Наручи_Титана_brasers.png', 6, NULL, 5, NULL, NULL, NULL, NULL, NULL, NULL, 4, NULL, 3, NULL, NULL, NULL, NULL, NULL, NULL, 15, 25, 150, NULL, 3, NULL, 90, NULL, NULL, 120, 'Танк 3ур: Наручи', 0, 0, 0, 0, 0, 0),
(236, 'Стальной Пояс Титана', 23, 'belt', 'Танк', NULL, '/generated_items/Танк_3ур/Стальной_Пояс_Титана_belt.png', 6, NULL, 5, NULL, NULL, NULL, NULL, NULL, NULL, 4, NULL, 3, NULL, NULL, NULL, NULL, NULL, NULL, 15, 25, 150, NULL, 3, NULL, 90, NULL, NULL, 120, 'Танк 3ур: Пояс', 0, 0, 0, 0, 0, 0),
(237, 'Стальные Перчатки Титана', 23, 'gloves', 'Танк', NULL, '/generated_items/Танк_3ур/Стальные_Перчатки_Титана_gloves.png', 7, NULL, 6, NULL, NULL, NULL, NULL, NULL, NULL, 5, NULL, 4, NULL, NULL, NULL, NULL, NULL, NULL, 25, 30, 220, NULL, 3, NULL, 120, NULL, NULL, 150, 'Танк 3ур: Перчатки', 0, 0, 0, 0, 0, 0),
(238, 'Стальные Сапоги Титана', 23, 'boots', 'Танк', NULL, '/generated_items/Танк_3ур/Стальные_Сапоги_Титана_boots.png', 7, NULL, 6, NULL, NULL, NULL, NULL, NULL, NULL, 5, NULL, 4, NULL, NULL, NULL, NULL, NULL, NULL, 25, 30, 220, NULL, 3, NULL, 120, NULL, NULL, 150, 'Танк 3ур: Сапоги', 0, 0, 0, 0, 0, 0),
(239, 'Стальные Серьги Титана', 23, 'earrings', 'Танк', NULL, '/generated_items/Танк_3ур/Стальные_Серьги_Титана_earrings.png', 5, NULL, 5, NULL, NULL, NULL, NULL, NULL, NULL, 3, NULL, 3, NULL, NULL, NULL, NULL, NULL, NULL, 15, 15, 120, NULL, 3, NULL, 60, NULL, NULL, 90, 'Танк 3ур: Серьги', 0, 0, 0, 0, 0, 0),
(240, 'Стальной Амулет Титана', 23, 'amulet', 'Танк', NULL, '/generated_items/Танк_3ур/Стальной_Амулет_Титана_amulet.png', 5, NULL, 6, NULL, NULL, NULL, NULL, NULL, NULL, 3, NULL, 4, NULL, NULL, NULL, NULL, NULL, NULL, 15, 15, 120, NULL, 3, NULL, 60, NULL, NULL, 90, 'Танк 3ур: Амулет', 0, 0, 0, 0, 0, 0),
(241, 'Стальное Кольцо Титана', 23, 'ring', 'Танк', NULL, '/generated_items/Танк_3ур/Стальное_Кольцо_Титана_ring.png', 5, NULL, 5, NULL, NULL, NULL, NULL, NULL, NULL, 3, NULL, 3, NULL, NULL, NULL, NULL, NULL, NULL, 30, 25, 220, NULL, 3, NULL, 75, NULL, NULL, 120, 'Танк 3ур: Кольцо', 0, 0, 0, 0, 0, 0),
(242, 'Дубина Грома', 43, 'weapon', 'Танк', NULL, '/generated_items/Танк_4ур/Дубина_Грома_weapon.png', 16, NULL, 12, NULL, NULL, NULL, NULL, NULL, NULL, 12, NULL, 9, NULL, NULL, NULL, NULL, NULL, NULL, 65, 55, 0, NULL, 4, NULL, 220, NULL, NULL, 420, 'Танк 4ур: Дубина', 0, 0, 0, 0, 0, 0),
(243, 'Шлем Грома', 43, 'helm', 'Танк', NULL, '/generated_items/Танк_4ур/Шлем_Грома_helm.png', 12, NULL, 10, NULL, NULL, NULL, NULL, NULL, NULL, 8, NULL, 7, NULL, NULL, NULL, NULL, NULL, NULL, 0, 45, 500, NULL, 4, NULL, 260, NULL, NULL, 380, 'Танк 4ур: Шлем', 0, 0, 0, 0, 0, 0),
(244, 'Доспех Грома', 43, 'chest', 'Танк', NULL, '/generated_items/Танк_4ур/Доспех_Грома_chest.png', 14, NULL, 12, NULL, NULL, NULL, NULL, NULL, NULL, 10, NULL, 9, NULL, NULL, NULL, NULL, NULL, NULL, 0, 70, 800, NULL, 4, NULL, 310, NULL, NULL, 480, 'Танк 4ур: Нагрудник', 0, 0, 0, 0, 0, 0),
(245, 'Щит Грома', 43, 'shild', 'Танк', NULL, '/generated_items/Танк_4ур/Щит_Грома_shild.png', 13, NULL, 10, NULL, NULL, NULL, NULL, NULL, NULL, 9, NULL, 8, NULL, NULL, NULL, NULL, NULL, NULL, 0, 65, 400, NULL, 4, NULL, 210, NULL, NULL, 300, 'Танк 4ур: Щит', 0, 0, 0, 0, 0, 0),
(246, 'Наручи Грома', 43, 'brasers', 'Танк', NULL, '/generated_items/Танк_4ур/Наручи_Грома_brasers.png', 9, NULL, 7, NULL, NULL, NULL, NULL, NULL, NULL, 6, NULL, 5, NULL, NULL, NULL, NULL, NULL, NULL, 22, 35, 200, NULL, 4, NULL, 130, NULL, NULL, 170, 'Танк 4ур: Наручи', 0, 0, 0, 0, 0, 0),
(247, 'Пояс Грома', 43, 'belt', 'Танк', NULL, '/generated_items/Танк_4ур/Пояс_Грома_belt.png', 9, NULL, 7, NULL, NULL, NULL, NULL, NULL, NULL, 6, NULL, 5, NULL, NULL, NULL, NULL, NULL, NULL, 22, 35, 200, NULL, 4, NULL, 130, NULL, NULL, 170, 'Танк 4ур: Пояс', 0, 0, 0, 0, 0, 0),
(248, 'Перчатки Грома', 43, 'gloves', 'Танк', NULL, '/generated_items/Танк_4ур/Перчатки_Грома_gloves.png', 10, NULL, 9, NULL, NULL, NULL, NULL, NULL, NULL, 7, NULL, 6, NULL, NULL, NULL, NULL, NULL, NULL, 35, 45, 320, NULL, 4, NULL, 170, NULL, NULL, 220, 'Танк 4ур: Перчатки', 0, 0, 0, 0, 0, 0),
(249, 'Сапоги Грома', 43, 'boots', 'Танк', NULL, '/generated_items/Танк_4ур/Сапоги_Грома_boots.png', 10, NULL, 9, NULL, NULL, NULL, NULL, NULL, NULL, 7, NULL, 6, NULL, NULL, NULL, NULL, NULL, NULL, 35, 45, 320, NULL, 4, NULL, 170, NULL, NULL, 220, 'Танк 4ур: Сапоги', 0, 0, 0, 0, 0, 0),
(250, 'Серьги Грома', 43, 'earrings', 'Танк', NULL, '/generated_items/Танк_4ур/Серьги_Грома_earrings.png', 7, NULL, 7, NULL, NULL, NULL, NULL, NULL, NULL, 5, NULL, 5, NULL, NULL, NULL, NULL, NULL, NULL, 22, 22, 180, NULL, 4, NULL, 90, NULL, NULL, 130, 'Танк 4ур: Серьги', 0, 0, 0, 0, 0, 0),
(251, 'Амулет Грома', 43, 'amulet', 'Танк', NULL, '/generated_items/Танк_4ур/Амулет_Грома_amulet.png', 7, NULL, 8, NULL, NULL, NULL, NULL, NULL, NULL, 5, NULL, 6, NULL, NULL, NULL, NULL, NULL, NULL, 22, 22, 180, NULL, 4, NULL, 90, NULL, NULL, 130, 'Танк 4ур: Амулет', 0, 0, 0, 0, 0, 0),
(252, 'Кольцо Грома', 43, 'ring', 'Танк', NULL, '/generated_items/Танк_4ур/Кольцо_Грома_ring.png', 7, NULL, 7, NULL, NULL, NULL, NULL, NULL, NULL, 5, NULL, 5, NULL, NULL, NULL, NULL, NULL, NULL, 50, 35, 320, NULL, 4, NULL, 110, NULL, NULL, 170, 'Танк 4ур: Кольцо', 0, 0, 0, 0, 0, 0),
(253, 'Дубина Земли', 71, 'weapon', 'Танк', NULL, '/generated_items/Танк_5ур/Дубина_Земли_weapon.png', 21, NULL, 16, NULL, NULL, NULL, NULL, NULL, NULL, 16, NULL, 12, NULL, NULL, NULL, NULL, NULL, NULL, 85, 70, 0, NULL, 5, NULL, 300, NULL, NULL, 550, 'Танк 5ур: Дубина', 0, 0, 0, 0, 0, 0),
(254, 'Шлем Земли', 71, 'helm', 'Танк', NULL, '/generated_items/Танк_5ур/Шлем_Земли_helm.png', 16, NULL, 13, NULL, NULL, NULL, NULL, NULL, NULL, 10, NULL, 9, NULL, NULL, NULL, NULL, NULL, NULL, 0, 60, 700, NULL, 5, NULL, 340, NULL, NULL, 500, 'Танк 5ур: Шлем', 0, 0, 0, 0, 0, 0),
(255, 'Доспех Земли', 71, 'chest', 'Танк', NULL, '/generated_items/Танк_5ур/Доспех_Земли_chest.png', 18, NULL, 16, NULL, NULL, NULL, NULL, NULL, NULL, 13, NULL, 12, NULL, NULL, NULL, NULL, NULL, NULL, 0, 90, 1050, NULL, 5, NULL, 400, NULL, NULL, 620, 'Танк 5ур: Нагрудник', 0, 0, 0, 0, 0, 0),
(256, 'Щит Земли', 71, 'shild', 'Танк', NULL, '/generated_items/Танк_5ур/Щит_Земли_shild.png', 17, NULL, 13, NULL, NULL, NULL, NULL, NULL, NULL, 12, NULL, 10, NULL, NULL, NULL, NULL, NULL, NULL, 0, 85, 550, NULL, 5, NULL, 280, NULL, NULL, 400, 'Танк 5ур: Щит', 0, 0, 0, 0, 0, 0),
(257, 'Наручи Земли', 71, 'brasers', 'Танк', NULL, '/generated_items/Танк_5ур/Наручи_Земли_brasers.png', 12, NULL, 9, NULL, NULL, NULL, NULL, NULL, NULL, 8, NULL, 7, NULL, NULL, NULL, NULL, NULL, NULL, 30, 45, 280, NULL, 5, NULL, 170, NULL, NULL, 220, 'Танк 5ур: Наручи', 0, 0, 0, 0, 0, 0),
(258, 'Пояс Земли', 71, 'belt', 'Танк', NULL, '/generated_items/Танк_5ур/Пояс_Земли_belt.png', 12, NULL, 9, NULL, NULL, NULL, NULL, NULL, NULL, 8, NULL, 7, NULL, NULL, NULL, NULL, NULL, NULL, 30, 45, 280, NULL, 5, NULL, 170, NULL, NULL, 220, 'Танк 5ур: Пояс', 0, 0, 0, 0, 0, 0),
(259, 'Перчатки Земли', 71, 'gloves', 'Танк', NULL, '/generated_items/Танк_5ур/Перчатки_Земли_gloves.png', 13, NULL, 11, NULL, NULL, NULL, NULL, NULL, NULL, 9, NULL, 8, NULL, NULL, NULL, NULL, NULL, NULL, 50, 60, 450, NULL, 5, NULL, 220, NULL, NULL, 280, 'Танк 5ур: Перчатки', 0, 0, 0, 0, 0, 0),
(260, 'Сапоги Земли', 71, 'boots', 'Танк', NULL, '/generated_items/Танк_5ур/Сапоги_Земли_boots.png', 13, NULL, 11, NULL, NULL, NULL, NULL, NULL, NULL, 9, NULL, 8, NULL, NULL, NULL, NULL, NULL, NULL, 50, 60, 450, NULL, 5, NULL, 220, NULL, NULL, 280, 'Танк 5ур: Сапоги', 0, 0, 0, 0, 0, 0),
(261, 'Серьги Земли', 71, 'earrings', 'Танк', NULL, '/generated_items/Танк_5ур/Серьги_Земли_earrings.png', 9, NULL, 9, NULL, NULL, NULL, NULL, NULL, NULL, 6, NULL, 7, NULL, NULL, NULL, NULL, NULL, NULL, 30, 30, 250, NULL, 5, NULL, 120, NULL, NULL, 170, 'Танк 5ур: Серьги', 0, 0, 0, 0, 0, 0),
(262, 'Амулет Земли', 71, 'amulet', 'Танк', NULL, '/generated_items/Танк_5ур/Амулет_Земли_amulet.png', 9, NULL, 10, NULL, NULL, NULL, NULL, NULL, NULL, 6, NULL, 8, NULL, NULL, NULL, NULL, NULL, NULL, 30, 30, 250, NULL, 5, NULL, 120, NULL, NULL, 170, 'Танк 5ур: Амулет', 0, 0, 0, 0, 0, 0),
(263, 'Кольцо Земли', 71, 'ring', 'Танк', NULL, '/generated_items/Танк_5ур/Кольцо_Земли_ring.png', 9, NULL, 9, NULL, NULL, NULL, NULL, NULL, NULL, 6, NULL, 7, NULL, NULL, NULL, NULL, NULL, NULL, 70, 50, 450, NULL, 5, NULL, 150, NULL, NULL, 220, 'Танк 5ур: Кольцо', 0, 0, 0, 0, 0, 0),
(264, 'Дубина Гор', 104, 'weapon', 'Танк', NULL, '/generated_items/Танк_6ур/Дубина_Гор_weapon.png', 26, NULL, 20, NULL, NULL, NULL, NULL, NULL, NULL, 20, NULL, 15, NULL, NULL, NULL, NULL, NULL, NULL, 110, 90, 0, NULL, 6, NULL, 380, NULL, NULL, 700, 'Танк 6ур: Дубина', 0, 0, 0, 0, 0, 0),
(265, 'Шлем Гор', 104, 'helm', 'Танк', NULL, '/generated_items/Танк_6ур/Шлем_Гор_helm.png', 20, NULL, 16, NULL, NULL, NULL, NULL, NULL, NULL, 13, NULL, 12, NULL, NULL, NULL, NULL, NULL, NULL, 0, 75, 900, NULL, 6, NULL, 430, NULL, NULL, 630, 'Танк 6ур: Шлем', 0, 0, 0, 0, 0, 0),
(266, 'Доспех Гор', 104, 'chest', 'Танк', NULL, '/generated_items/Танк_6ур/Доспех_Гор_chest.png', 22, NULL, 20, NULL, NULL, NULL, NULL, NULL, NULL, 16, NULL, 15, NULL, NULL, NULL, NULL, NULL, NULL, 0, 115, 1350, NULL, 6, NULL, 500, NULL, NULL, 780, 'Танк 6ур: Нагрудник', 0, 0, 0, 0, 0, 0),
(267, 'Щит Гор', 104, 'shild', 'Танк', NULL, '/generated_items/Танк_6ур/Щит_Гор_shild.png', 21, NULL, 16, NULL, NULL, NULL, NULL, NULL, NULL, 15, NULL, 12, NULL, NULL, NULL, NULL, NULL, NULL, 0, 110, 700, NULL, 6, NULL, 360, NULL, NULL, 500, 'Танк 6ур: Щит', 0, 0, 0, 0, 0, 0),
(268, 'Наручи Гор', 104, 'brasers', 'Танк', NULL, '/generated_items/Танк_6ур/Наручи_Гор_brasers.png', 15, NULL, 11, NULL, NULL, NULL, NULL, NULL, NULL, 10, NULL, 9, NULL, NULL, NULL, NULL, NULL, NULL, 40, 60, 360, NULL, 6, NULL, 220, NULL, NULL, 280, 'Танк 6ур: Наручи', 0, 0, 0, 0, 0, 0),
(269, 'Пояс Гор', 104, 'belt', 'Танк', NULL, '/generated_items/Танк_6ур/Пояс_Гор_belt.png', 15, NULL, 11, NULL, NULL, NULL, NULL, NULL, NULL, 10, NULL, 9, NULL, NULL, NULL, NULL, NULL, NULL, 40, 60, 360, NULL, 6, NULL, 220, NULL, NULL, 280, 'Танк 6ур: Пояс', 0, 0, 0, 0, 0, 0),
(270, 'Перчатки Гор', 104, 'gloves', 'Танк', NULL, '/generated_items/Танк_6ур/Перчатки_Гор_gloves.png', 16, NULL, 14, NULL, NULL, NULL, NULL, NULL, NULL, 11, NULL, 10, NULL, NULL, NULL, NULL, NULL, NULL, 65, 80, 580, NULL, 6, NULL, 280, NULL, NULL, 360, 'Танк 6ур: Перчатки', 0, 0, 0, 0, 0, 0),
(271, 'Сапоги Гор', 104, 'boots', 'Танк', NULL, '/generated_items/Танк_6ур/Сапоги_Гор_boots.png', 16, NULL, 14, NULL, NULL, NULL, NULL, NULL, NULL, 11, NULL, 10, NULL, NULL, NULL, NULL, NULL, NULL, 65, 80, 580, NULL, 6, NULL, 280, NULL, NULL, 360, 'Танк 6ур: Сапоги', 0, 0, 0, 0, 0, 0),
(272, 'Серьги Гор', 104, 'earrings', 'Танк', NULL, '/generated_items/Танк_6ур/Серьги_Гор_earrings.png', 11, NULL, 11, NULL, NULL, NULL, NULL, NULL, NULL, 8, NULL, 9, NULL, NULL, NULL, NULL, NULL, NULL, 40, 40, 320, NULL, 6, NULL, 160, NULL, NULL, 220, 'Танк 6ур: Серьги', 0, 0, 0, 0, 0, 0),
(273, 'Амулет Гор', 104, 'amulet', 'Танк', NULL, '/generated_items/Танк_6ур/Амулет_Гор_amulet.png', 11, NULL, 12, NULL, NULL, NULL, NULL, NULL, NULL, 8, NULL, 10, NULL, NULL, NULL, NULL, NULL, NULL, 40, 40, 320, NULL, 6, NULL, 160, NULL, NULL, 220, 'Танк 6ур: Амулет', 0, 0, 0, 0, 0, 0),
(274, 'Кольцо Гор', 104, 'ring', 'Танк', NULL, '/generated_items/Танк_6ур/Кольцо_Гор_ring.png', 11, NULL, 11, NULL, NULL, NULL, NULL, NULL, NULL, 8, NULL, 9, NULL, NULL, NULL, NULL, NULL, NULL, 90, 65, 580, NULL, 6, NULL, 190, NULL, NULL, 280, 'Танк 6ур: Кольцо', 0, 0, 0, 0, 0, 0),
(275, 'Дубина Титана', 148, 'weapon', 'Танк', NULL, '/generated_items/Танк_7ур/Дубина_Титана_weapon.png', 32, NULL, 25, NULL, NULL, NULL, NULL, NULL, NULL, 25, NULL, 19, NULL, NULL, NULL, NULL, NULL, NULL, 140, 115, 0, NULL, 7, NULL, 480, NULL, NULL, 880, 'Танк 7ур: Дубина', 0, 0, 0, 0, 0, 0),
(276, 'Шлем Титана', 148, 'helm', 'Танк', NULL, '/generated_items/Танк_7ур/Шлем_Титана_helm.png', 24, NULL, 20, NULL, NULL, NULL, NULL, NULL, NULL, 16, NULL, 15, NULL, NULL, NULL, NULL, NULL, NULL, 0, 95, 1150, NULL, 7, NULL, 540, NULL, NULL, 790, 'Танк 7ур: Шлем', 0, 0, 0, 0, 0, 0),
(277, 'Доспех Титана', 148, 'chest', 'Танк', NULL, '/generated_items/Танк_7ур/Доспех_Титана_chest.png', 27, NULL, 24, NULL, NULL, NULL, NULL, NULL, NULL, 19, NULL, 18, NULL, NULL, NULL, NULL, NULL, NULL, 0, 145, 1700, NULL, 7, NULL, 630, NULL, NULL, 980, 'Танк 7ур: Нагрудник', 0, 0, 0, 0, 0, 0),
(278, 'Щит Титана', 148, 'shild', 'Танк', NULL, '/generated_items/Танк_7ур/Щит_Титана_shild.png', 26, NULL, 20, NULL, NULL, NULL, NULL, NULL, NULL, 18, NULL, 15, NULL, NULL, NULL, NULL, NULL, NULL, 0, 135, 880, NULL, 7, NULL, 450, NULL, NULL, 630, 'Танк 7ур: Щит', 0, 0, 0, 0, 0, 0),
(279, 'Наручи Титана', 148, 'brasers', 'Танк', NULL, '/generated_items/Танк_7ур/Наручи_Титана_brasers.png', 18, NULL, 14, NULL, NULL, NULL, NULL, NULL, NULL, 12, NULL, 10, NULL, NULL, NULL, NULL, NULL, NULL, 50, 75, 450, NULL, 7, NULL, 280, NULL, NULL, 360, 'Танк 7ур: Наручи', 0, 0, 0, 0, 0, 0),
(280, 'Пояс Титана', 148, 'belt', 'Танк', NULL, '/generated_items/Танк_7ур/Пояс_Титана_belt.png', 18, NULL, 14, NULL, NULL, NULL, NULL, NULL, NULL, 12, NULL, 10, NULL, NULL, NULL, NULL, NULL, NULL, 50, 75, 450, NULL, 7, NULL, 280, NULL, NULL, 360, 'Танк 7ур: Пояс', 0, 0, 0, 0, 0, 0),
(281, 'Перчатки Титана', 148, 'gloves', 'Танк', NULL, '/generated_items/Танк_7ур/Перчатки_Титана_gloves.png', 20, NULL, 17, NULL, NULL, NULL, NULL, NULL, NULL, 14, NULL, 12, NULL, NULL, NULL, NULL, NULL, NULL, 80, 100, 720, NULL, 7, NULL, 360, NULL, NULL, 460, 'Танк 7ур: Перчатки', 0, 0, 0, 0, 0, 0),
(282, 'Сапоги Титана', 148, 'boots', 'Танк', NULL, '/generated_items/Танк_7ур/Сапоги_Титана_boots.png', 19, NULL, 17, NULL, NULL, NULL, NULL, NULL, NULL, 13, NULL, 12, NULL, NULL, NULL, NULL, NULL, NULL, 80, 100, 720, NULL, 7, NULL, 360, NULL, NULL, 460, 'Танк 7ур: Сапоги', 0, 0, 0, 0, 0, 0),
(283, 'Серьги Титана', 148, 'earrings', 'Танк', NULL, '/generated_items/Танк_7ур/Серьги_Титана_earrings.png', 13, NULL, 14, NULL, NULL, NULL, NULL, NULL, NULL, 9, NULL, 10, NULL, NULL, NULL, NULL, NULL, NULL, 50, 50, 400, NULL, 7, NULL, 200, NULL, NULL, 280, 'Танк 7ур: Серьги', 0, 0, 0, 0, 0, 0),
(284, 'Амулет Титана', 148, 'amulet', 'Танк', NULL, '/generated_items/Танк_7ур/Амулет_Титана_amulet.png', 13, NULL, 15, NULL, NULL, NULL, NULL, NULL, NULL, 9, NULL, 11, NULL, NULL, NULL, NULL, NULL, NULL, 50, 50, 400, NULL, 7, NULL, 200, NULL, NULL, 280, 'Танк 7ур: Амулет', 0, 0, 0, 0, 0, 0),
(285, 'Кольцо Титана', 148, 'ring', 'Танк', NULL, '/generated_items/Танк_7ур/Кольцо_Титана_ring.png', 13, NULL, 14, NULL, NULL, NULL, NULL, NULL, NULL, 9, NULL, 10, NULL, NULL, NULL, NULL, NULL, NULL, 110, 80, 720, NULL, 7, NULL, 250, NULL, NULL, 360, 'Танк 7ур: Кольцо', 0, 0, 0, 0, 0, 0),
(286, 'Дубина Колосса', 202, 'weapon', 'Танк', NULL, '/generated_items/Танк_8ур/Дубина_Колосса_weapon.png', 38, NULL, 30, NULL, NULL, NULL, NULL, NULL, NULL, 30, NULL, 23, NULL, NULL, NULL, NULL, NULL, NULL, 175, 140, 0, NULL, 8, NULL, 580, NULL, NULL, 1050, 'Танк 8ур: Дубина', 0, 0, 0, 0, 0, 0),
(287, 'Шлем Колосса', 202, 'helm', 'Танк', NULL, '/generated_items/Танк_8ур/Шлем_Колосса_helm.png', 28, NULL, 24, NULL, NULL, NULL, NULL, NULL, NULL, 19, NULL, 18, NULL, NULL, NULL, NULL, NULL, NULL, 0, 115, 1400, NULL, 8, NULL, 650, NULL, NULL, 950, 'Танк 8ур: Шлем', 0, 0, 0, 0, 0, 0),
(288, 'Доспех Колосса', 202, 'chest', 'Танк', NULL, '/generated_items/Танк_8ур/Доспех_Колосса_chest.png', 32, NULL, 28, NULL, NULL, NULL, NULL, NULL, NULL, 22, NULL, 21, NULL, NULL, NULL, NULL, NULL, NULL, 0, 175, 2100, NULL, 8, NULL, 760, NULL, NULL, 1180, 'Танк 8ур: Нагрудник', 0, 0, 0, 0, 0, 0),
(289, 'Щит Колосса', 202, 'shild', 'Танк', NULL, '/generated_items/Танк_8ур/Щит_Колосса_shild.png', 30, NULL, 24, NULL, NULL, NULL, NULL, NULL, NULL, 21, NULL, 18, NULL, NULL, NULL, NULL, NULL, NULL, 0, 160, 1050, NULL, 8, NULL, 540, NULL, NULL, 750, 'Танк 8ур: Щит', 0, 0, 0, 0, 0, 0),
(290, 'Наручи Колосса', 202, 'brasers', 'Танк', NULL, '/generated_items/Танк_8ур/Наручи_Колосса_brasers.png', 22, NULL, 17, NULL, NULL, NULL, NULL, NULL, NULL, 15, NULL, 12, NULL, NULL, NULL, NULL, NULL, NULL, 60, 90, 550, NULL, 8, NULL, 340, NULL, NULL, 440, 'Танк 8ур: Наручи', 0, 0, 0, 0, 0, 0),
(291, 'Пояс Колосса', 202, 'belt', 'Танк', NULL, '/generated_items/Танк_8ур/Пояс_Колосса_belt.png', 22, NULL, 17, NULL, NULL, NULL, NULL, NULL, NULL, 15, NULL, 12, NULL, NULL, NULL, NULL, NULL, NULL, 60, 90, 550, NULL, 8, NULL, 340, NULL, NULL, 440, 'Танк 8ур: Пояс', 0, 0, 0, 0, 0, 0),
(292, 'Перчатки Колосса', 202, 'gloves', 'Танк', NULL, '/generated_items/Танк_8ур/Перчатки_Колосса_gloves.png', 24, NULL, 20, NULL, NULL, NULL, NULL, NULL, NULL, 17, NULL, 15, NULL, NULL, NULL, NULL, NULL, NULL, 100, 120, 880, NULL, 8, NULL, 440, NULL, NULL, 560, 'Танк 8ур: Перчатки', 0, 0, 0, 0, 0, 0),
(293, 'Сапоги Колосса', 202, 'boots', 'Танк', NULL, '/generated_items/Танк_8ур/Сапоги_Колосса_boots.png', 23, NULL, 20, NULL, NULL, NULL, NULL, NULL, NULL, 16, NULL, 15, NULL, NULL, NULL, NULL, NULL, NULL, 100, 120, 880, NULL, 8, NULL, 440, NULL, NULL, 560, 'Танк 8ур: Сапоги', 0, 0, 0, 0, 0, 0),
(294, 'Серьги Колосса', 202, 'earrings', 'Танк', NULL, '/generated_items/Танк_8ур/Серьги_Колосса_earrings.png', 16, NULL, 17, NULL, NULL, NULL, NULL, NULL, NULL, 11, NULL, 12, NULL, NULL, NULL, NULL, NULL, NULL, 60, 60, 480, NULL, 8, NULL, 240, NULL, NULL, 340, 'Танк 8ур: Серьги', 0, 0, 0, 0, 0, 0),
(295, 'Амулет Колосса', 202, 'amulet', 'Танк', NULL, '/generated_items/Танк_8ур/Амулет_Колосса_amulet.png', 16, NULL, 18, NULL, NULL, NULL, NULL, NULL, NULL, 11, NULL, 13, NULL, NULL, NULL, NULL, NULL, NULL, 60, 60, 480, NULL, 8, NULL, 240, NULL, NULL, 340, 'Танк 8ур: Амулет', 0, 0, 0, 0, 0, 0),
(296, 'Кольцо Колосса', 202, 'ring', 'Танк', NULL, '/generated_items/Танк_8ур/Кольцо_Колосса_ring.png', 16, NULL, 17, NULL, NULL, NULL, NULL, NULL, NULL, 11, NULL, 12, NULL, NULL, NULL, NULL, NULL, NULL, 135, 100, 880, NULL, 8, NULL, 300, NULL, NULL, 440, 'Танк 8ур: Кольцо', 0, 0, 0, 0, 0, 0),
(297, 'Дубина Левиафана', 279, 'weapon', 'Танк', NULL, '/generated_items/Танк_9ур/Дубина_Левиафана_weapon.png', 45, NULL, 36, NULL, NULL, NULL, NULL, NULL, NULL, 36, NULL, 28, NULL, NULL, NULL, NULL, NULL, NULL, 210, 170, 0, NULL, 9, NULL, 700, NULL, NULL, 1250, 'Танк 9ур: Дубина', 0, 0, 0, 0, 0, 0),
(298, 'Шлем Левиафана', 279, 'helm', 'Танк', NULL, '/generated_items/Танк_9ур/Шлем_Левиафана_helm.png', 34, NULL, 29, NULL, NULL, NULL, NULL, NULL, NULL, 23, NULL, 22, NULL, NULL, NULL, NULL, NULL, NULL, 0, 140, 1700, NULL, 9, NULL, 780, NULL, NULL, 1140, 'Танк 9ур: Шлем', 0, 0, 0, 0, 0, 0),
(299, 'Доспех Левиафана', 279, 'chest', 'Танк', NULL, '/generated_items/Танк_9ур/Доспех_Левиафана_chest.png', 38, NULL, 34, NULL, NULL, NULL, NULL, NULL, NULL, 27, NULL, 25, NULL, NULL, NULL, NULL, NULL, NULL, 0, 210, 2600, NULL, 9, NULL, 910, NULL, NULL, 1420, 'Танк 9ур: Нагрудник', 0, 0, 0, 0, 0, 0),
(300, 'Щит Левиафана', 279, 'shild', 'Танк', NULL, '/generated_items/Танк_9ур/Щит_Левиафана_shild.png', 36, NULL, 29, NULL, NULL, NULL, NULL, NULL, NULL, 25, NULL, 22, NULL, NULL, NULL, NULL, NULL, NULL, 0, 195, 1300, NULL, 9, NULL, 650, NULL, NULL, 900, 'Танк 9ур: Щит', 0, 0, 0, 0, 0, 0),
(301, 'Наручи Левиафана', 279, 'brasers', 'Танк', NULL, '/generated_items/Танк_9ур/Наручи_Левиафана_brasers.png', 26, NULL, 20, NULL, NULL, NULL, NULL, NULL, NULL, 18, NULL, 15, NULL, NULL, NULL, NULL, NULL, NULL, 75, 110, 680, NULL, 9, NULL, 410, NULL, NULL, 530, 'Танк 9ур: Наручи', 0, 0, 0, 0, 0, 0),
(302, 'Пояс Левиафана', 279, 'belt', 'Танк', NULL, '/generated_items/Танк_9ур/Пояс_Левиафана_belt.png', 26, NULL, 20, NULL, NULL, NULL, NULL, NULL, NULL, 18, NULL, 15, NULL, NULL, NULL, NULL, NULL, NULL, 75, 110, 680, NULL, 9, NULL, 410, NULL, NULL, 530, 'Танк 9ур: Пояс', 0, 0, 0, 0, 0, 0),
(303, 'Перчатки Левиафана', 279, 'gloves', 'Танк', NULL, '/generated_items/Танк_9ур/Перчатки_Левиафана_gloves.png', 28, NULL, 24, NULL, NULL, NULL, NULL, NULL, NULL, 20, NULL, 18, NULL, NULL, NULL, NULL, NULL, NULL, 125, 145, 1100, NULL, 9, NULL, 530, NULL, NULL, 680, 'Танк 9ур: Перчатки', 0, 0, 0, 0, 0, 0),
(304, 'Сапоги Левиафана', 279, 'boots', 'Танк', NULL, '/generated_items/Танк_9ур/Сапоги_Левиафана_boots.png', 27, NULL, 24, NULL, NULL, NULL, NULL, NULL, NULL, 19, NULL, 18, NULL, NULL, NULL, NULL, NULL, NULL, 125, 145, 1100, NULL, 9, NULL, 530, NULL, NULL, 680, 'Танк 9ур: Сапоги', 0, 0, 0, 0, 0, 0),
(305, 'Серьги Левиафана', 279, 'earrings', 'Танк', NULL, '/generated_items/Танк_9ур/Серьги_Левиафана_earrings.png', 19, NULL, 20, NULL, NULL, NULL, NULL, NULL, NULL, 13, NULL, 15, NULL, NULL, NULL, NULL, NULL, NULL, 75, 75, 600, NULL, 9, NULL, 290, NULL, NULL, 410, 'Танк 9ур: Серьги', 0, 0, 0, 0, 0, 0),
(306, 'Амулет Левиафана', 279, 'amulet', 'Танк', NULL, '/generated_items/Танк_9ур/Амулет_Левиафана_amulet.png', 19, NULL, 22, NULL, NULL, NULL, NULL, NULL, NULL, 13, NULL, 16, NULL, NULL, NULL, NULL, NULL, NULL, 75, 75, 600, NULL, 9, NULL, 290, NULL, NULL, 410, 'Танк 9ур: Амулет', 0, 0, 0, 0, 0, 0),
(307, 'Кольцо Левиафана', 279, 'ring', 'Танк', NULL, '/generated_items/Танк_9ур/Кольцо_Левиафана_ring.png', 19, NULL, 20, NULL, NULL, NULL, NULL, NULL, NULL, 13, NULL, 15, NULL, NULL, NULL, NULL, NULL, NULL, 165, 125, 1100, NULL, 9, NULL, 360, NULL, NULL, 530, 'Танк 9ур: Кольцо', 0, 0, 0, 0, 0, 0),
(308, 'Легендарная Дубина Титана', 399, 'weapon', 'Танк', NULL, '/generated_items/Танк_10ур/Легендарная_Дубина_Титана_weapon.png', 54, NULL, 43, NULL, NULL, NULL, NULL, NULL, NULL, 44, NULL, 34, NULL, NULL, NULL, NULL, NULL, NULL, 250, 205, 0, NULL, 10, NULL, 850, NULL, NULL, 1500, 'Танк 10ур: Дубина', 0, 0, 0, 0, 0, 0),
(309, 'Легендарный Шлем Титана', 399, 'helm', 'Танк', NULL, '/generated_items/Танк_10ур/Легендарный_Шлем_Титана_helm.png', 40, NULL, 35, NULL, NULL, NULL, NULL, NULL, NULL, 28, NULL, 26, NULL, NULL, NULL, NULL, NULL, NULL, 0, 170, 2100, NULL, 10, NULL, 940, NULL, NULL, 1370, 'Танк 10ур: Шлем', 0, 0, 0, 0, 0, 0),
(310, 'Легендарный Доспех Титана', 399, 'chest', 'Танк', NULL, '/generated_items/Танк_10ур/Легендарный_Доспех_Титана_chest.png', 45, NULL, 40, NULL, NULL, NULL, NULL, NULL, NULL, 33, NULL, 31, NULL, NULL, NULL, NULL, NULL, NULL, 0, 255, 3200, NULL, 10, NULL, 1100, NULL, NULL, 1700, 'Танк 10ур: Нагрудник', 0, 0, 0, 0, 0, 0),
(311, 'Легендарный Щит Титана', 399, 'shild', 'Танк', NULL, '/generated_items/Танк_10ур/Легендарный_Щит_Титана_shild.png', 43, NULL, 35, NULL, NULL, NULL, NULL, NULL, NULL, 31, NULL, 27, NULL, NULL, NULL, NULL, NULL, NULL, 0, 235, 1600, NULL, 10, NULL, 780, NULL, NULL, 1080, 'Танк 10ур: Щит', 0, 0, 0, 0, 0, 0),
(312, 'Легендарные Наручи Титана', 399, 'brasers', 'Танк', NULL, '/generated_items/Танк_10ур/Легендарные_Наручи_Титана_brasers.png', 31, NULL, 24, NULL, NULL, NULL, NULL, NULL, NULL, 22, NULL, 18, NULL, NULL, NULL, NULL, NULL, NULL, 90, 135, 850, NULL, 10, NULL, 490, NULL, NULL, 640, 'Танк 10ур: Наручи', 0, 0, 0, 0, 0, 0),
(313, 'Легендарный Пояс Титана', 399, 'belt', 'Танк', NULL, '/generated_items/Танк_10ур/Легендарный_Пояс_Титана_belt.png', 31, NULL, 24, NULL, NULL, NULL, NULL, NULL, NULL, 22, NULL, 18, NULL, NULL, NULL, NULL, NULL, NULL, 90, 135, 850, NULL, 10, NULL, 490, NULL, NULL, 640, 'Танк 10ур: Пояс', 0, 0, 0, 0, 0, 0),
(314, 'Легендарные Перчатки Титана', 399, 'gloves', 'Танк', NULL, '/generated_items/Танк_10ур/Легендарные_Перчатки_Титана_gloves.png', 34, NULL, 29, NULL, NULL, NULL, NULL, NULL, NULL, 24, NULL, 22, NULL, NULL, NULL, NULL, NULL, NULL, 150, 175, 1350, NULL, 10, NULL, 640, NULL, NULL, 820, 'Танк 10ур: Перчатки', 0, 0, 0, 0, 0, 0),
(315, 'Легендарные Сапоги Титана', 399, 'boots', 'Танк', NULL, '/generated_items/Танк_10ур/Легендарные_Сапоги_Титана_boots.png', 32, NULL, 29, NULL, NULL, NULL, NULL, NULL, NULL, 23, NULL, 22, NULL, NULL, NULL, NULL, NULL, NULL, 150, 175, 1350, NULL, 10, NULL, 640, NULL, NULL, 820, 'Танк 10ур: Сапоги', 0, 0, 0, 0, 0, 0),
(316, 'Легендарные Серьги Титана', 399, 'earrings', 'Танк', NULL, '/generated_items/Танк_10ур/Легендарные_Серьги_Титана_earrings.png', 23, NULL, 24, NULL, NULL, NULL, NULL, NULL, NULL, 16, NULL, 18, NULL, NULL, NULL, NULL, NULL, NULL, 90, 90, 750, NULL, 10, NULL, 350, NULL, NULL, 490, 'Танк 10ур: Серьги', 0, 0, 0, 0, 0, 0),
(317, 'Легендарный Амулет Титана', 399, 'amulet', 'Танк', NULL, '/generated_items/Танк_10ур/Легендарный_Амулет_Титана_amulet.png', 23, NULL, 26, NULL, NULL, NULL, NULL, NULL, NULL, 16, NULL, 20, NULL, NULL, NULL, NULL, NULL, NULL, 90, 90, 750, NULL, 10, NULL, 350, NULL, NULL, 490, 'Танк 10ур: Амулет', 0, 0, 0, 0, 0, 0),
(318, 'Легендарное Кольцо Титана', 399, 'ring', 'Танк', NULL, '/generated_items/Танк_10ур/Легендарное_Кольцо_Титана_ring.png', 23, NULL, 24, NULL, NULL, NULL, NULL, NULL, NULL, 16, NULL, 18, NULL, NULL, NULL, NULL, NULL, NULL, 200, 150, 1350, NULL, 10, NULL, 430, NULL, NULL, 640, 'Танк 10ур: Кольцо', 0, 0, 0, 0, 0, 0),
(319, 'Огненный Посох', 11, 'weapon', 'Маг', NULL, '/generated_items/Маг_2ур/Огненный_Посох_weapon.png', NULL, NULL, 3, 5, NULL, 4, NULL, NULL, NULL, NULL, NULL, 2, 4, NULL, 3, NULL, NULL, NULL, 20, NULL, 0, NULL, 2, 30, 100, 50, NULL, NULL, 'Маг 2ур: Посох', 0, 0, 0, 0, 0, 0),
(320, 'Огненный Шлем', 11, 'helm', 'Маг', NULL, '/generated_items/Маг_2ур/Огненный_Шлем_helm.png', NULL, NULL, 2, 4, NULL, 3, NULL, NULL, NULL, NULL, NULL, 1, 3, NULL, 2, NULL, NULL, NULL, 0, NULL, 150, NULL, 2, 20, 80, 40, NULL, NULL, 'Маг 2ур: Шлем', 0, 0, 0, 0, 0, 0),
(321, 'Огненный Доспех', 11, 'chest', 'Маг', NULL, '/generated_items/Маг_2ур/Огненный_Доспех_chest.png', NULL, NULL, 3, 5, NULL, 4, NULL, NULL, NULL, NULL, NULL, 2, 4, NULL, 3, NULL, NULL, NULL, 0, NULL, 250, NULL, 2, 30, 120, 60, NULL, NULL, 'Маг 2ур: Нагрудник', 0, 0, 0, 0, 0, 0),
(322, 'Огненный Щит', 11, 'shild', 'Маг', NULL, '/generated_items/Маг_2ур/Огненный_Щит_shild.png', NULL, NULL, 2, 4, NULL, 3, NULL, NULL, NULL, NULL, NULL, 1, 3, NULL, 2, NULL, NULL, NULL, 0, NULL, 100, NULL, 2, 15, 60, 30, NULL, NULL, 'Маг 2ур: Щит', 0, 0, 0, 0, 0, 0),
(323, 'Огненные Наручи', 11, 'brasers', 'Маг', NULL, '/generated_items/Маг_2ур/Огненные_Наручи_brasers.png', NULL, NULL, 2, 3, NULL, 2, NULL, NULL, NULL, NULL, NULL, 1, 2, NULL, 1, NULL, NULL, NULL, 5, NULL, 50, NULL, 2, 10, 40, 20, NULL, NULL, 'Маг 2ур: Наручи', 0, 0, 0, 0, 0, 0),
(324, 'Огненный Пояс', 11, 'belt', 'Маг', NULL, '/generated_items/Маг_2ур/Огненный_Пояс_belt.png', NULL, NULL, 2, 3, NULL, 2, NULL, NULL, NULL, NULL, NULL, 1, 2, NULL, 1, NULL, NULL, NULL, 5, NULL, 50, NULL, 2, 10, 40, 20, NULL, NULL, 'Маг 2ур: Пояс', 0, 0, 0, 0, 0, 0),
(325, 'Огненные Перчатки', 11, 'gloves', 'Маг', NULL, '/generated_items/Маг_2ур/Огненные_Перчатки_gloves.png', NULL, NULL, 2, 4, NULL, 3, NULL, NULL, NULL, NULL, NULL, 1, 3, NULL, 2, NULL, NULL, NULL, 10, NULL, 100, NULL, 2, 15, 60, 30, NULL, NULL, 'Маг 2ур: Перчатки', 0, 0, 0, 0, 0, 0),
(326, 'Огненные Сапоги', 11, 'boots', 'Маг', NULL, '/generated_items/Маг_2ур/Огненные_Сапоги_boots.png', NULL, NULL, 2, 3, NULL, 2, NULL, NULL, NULL, NULL, NULL, 1, 2, NULL, 1, NULL, NULL, NULL, 10, NULL, 100, NULL, 2, 15, 60, 30, NULL, NULL, 'Маг 2ур: Сапоги', 0, 0, 0, 0, 0, 0),
(327, 'Огненные Серьги', 11, 'earrings', 'Маг', NULL, '/generated_items/Маг_2ур/Огненные_Серьги_earrings.png', NULL, NULL, 2, 2, NULL, 2, NULL, NULL, NULL, NULL, NULL, 1, 1, NULL, 1, NULL, NULL, NULL, 5, NULL, 50, NULL, 2, 10, 30, 15, NULL, NULL, 'Маг 2ур: Серьги', 0, 0, 0, 0, 0, 0),
(328, 'Огненный Амулет', 11, 'amulet', 'Маг', NULL, '/generated_items/Маг_2ур/Огненный_Амулет_amulet.png', NULL, NULL, 2, 3, NULL, 2, NULL, NULL, NULL, NULL, NULL, 1, 2, NULL, 1, NULL, NULL, NULL, 5, NULL, 50, NULL, 2, 10, 30, 15, NULL, NULL, 'Маг 2ур: Амулет', 0, 0, 0, 0, 0, 0),
(329, 'Огненное Кольцо', 11, 'ring', 'Маг', NULL, '/generated_items/Маг_2ур/Огненное_Кольцо_ring.png', NULL, NULL, 2, 2, NULL, 2, NULL, NULL, NULL, NULL, NULL, 1, 1, NULL, 1, NULL, NULL, NULL, 10, NULL, 100, NULL, 2, 15, 40, 20, NULL, NULL, 'Маг 2ур: Кольцо', 0, 0, 0, 0, 0, 0),
(330, 'Магический Посох Пламени', 23, 'weapon', 'Маг', NULL, '/generated_items/Маг_3ур/Магический_Посох_Пламени_weapon.png', NULL, NULL, 5, 8, NULL, 6, NULL, NULL, NULL, NULL, NULL, 3, 6, NULL, 5, NULL, NULL, NULL, 30, NULL, 0, NULL, 3, 50, 150, 75, NULL, NULL, 'Маг 3ур: Посох', 0, 0, 0, 0, 0, 0),
(331, 'Магический Шлем Пламени', 23, 'helm', 'Маг', NULL, '/generated_items/Маг_3ур/Магический_Шлем_Пламени_helm.png', NULL, NULL, 4, 6, NULL, 5, NULL, NULL, NULL, NULL, NULL, 2, 4, NULL, 4, NULL, NULL, NULL, 0, NULL, 200, NULL, 3, 35, 120, 60, NULL, NULL, 'Маг 3ур: Шлем', 0, 0, 0, 0, 0, 0),
(332, 'Магический Доспех Пламени', 23, 'chest', 'Маг', NULL, '/generated_items/Маг_3ур/Магический_Доспех_Пламени_chest.png', NULL, NULL, 5, 8, NULL, 6, NULL, NULL, NULL, NULL, NULL, 3, 6, NULL, 5, NULL, NULL, NULL, 0, NULL, 350, NULL, 3, 50, 180, 90, NULL, NULL, 'Маг 3ур: Нагрудник', 0, 0, 0, 0, 0, 0),
(333, 'Магический Щит Пламени', 23, 'shild', 'Маг', NULL, '/generated_items/Маг_3ур/Магический_Щит_Пламени_shild.png', NULL, NULL, 4, 6, NULL, 5, NULL, NULL, NULL, NULL, NULL, 2, 4, NULL, 4, NULL, NULL, NULL, 0, NULL, 150, NULL, 3, 25, 90, 45, NULL, NULL, 'Маг 3ур: Щит', 0, 0, 0, 0, 0, 0),
(334, 'Магические Наручи Пламени', 23, 'brasers', 'Маг', NULL, '/generated_items/Маг_3ур/Магические_Наручи_Пламени_brasers.png', NULL, NULL, 3, 5, NULL, 4, NULL, NULL, NULL, NULL, NULL, 2, 3, NULL, 3, NULL, NULL, NULL, 8, NULL, 80, NULL, 3, 20, 60, 30, NULL, NULL, 'Маг 3ур: Наручи', 0, 0, 0, 0, 0, 0),
(335, 'Магический Пояс Пламени', 23, 'belt', 'Маг', NULL, '/generated_items/Маг_3ур/Магический_Пояс_Пламени_belt.png', NULL, NULL, 3, 5, NULL, 4, NULL, NULL, NULL, NULL, NULL, 2, 3, NULL, 3, NULL, NULL, NULL, 8, NULL, 80, NULL, 3, 20, 60, 30, NULL, NULL, 'Маг 3ур: Пояс', 0, 0, 0, 0, 0, 0),
(336, 'Магические Перчатки Пламени', 23, 'gloves', 'Маг', NULL, '/generated_items/Маг_3ур/Магические_Перчатки_Пламени_gloves.png', NULL, NULL, 4, 6, NULL, 5, NULL, NULL, NULL, NULL, NULL, 2, 4, NULL, 4, NULL, NULL, NULL, 15, NULL, 150, NULL, 3, 25, 90, 45, NULL, NULL, 'Маг 3ур: Перчатки', 0, 0, 0, 0, 0, 0),
(337, 'Магические Сапоги Пламени', 23, 'boots', 'Маг', NULL, '/generated_items/Маг_3ур/Магические_Сапоги_Пламени_boots.png', NULL, NULL, 3, 5, NULL, 4, NULL, NULL, NULL, NULL, NULL, 2, 3, NULL, 3, NULL, NULL, NULL, 15, NULL, 150, NULL, 3, 25, 90, 45, NULL, NULL, 'Маг 3ур: Сапоги', 0, 0, 0, 0, 0, 0),
(338, 'Магические Серьги Пламени', 23, 'earrings', 'Маг', NULL, '/generated_items/Маг_3ур/Магические_Серьги_Пламени_earrings.png', NULL, NULL, 3, 4, NULL, 4, NULL, NULL, NULL, NULL, NULL, 2, 2, NULL, 2, NULL, NULL, NULL, 8, NULL, 80, NULL, 3, 15, 45, 25, NULL, NULL, 'Маг 3ур: Серьги', 0, 0, 0, 0, 0, 0),
(339, 'Магический Амулет Пламени', 23, 'amulet', 'Маг', NULL, '/generated_items/Маг_3ур/Магический_Амулет_Пламени_amulet.png', NULL, NULL, 3, 5, NULL, 4, NULL, NULL, NULL, NULL, NULL, 2, 3, NULL, 3, NULL, NULL, NULL, 8, NULL, 80, NULL, 3, 15, 45, 25, NULL, NULL, 'Маг 3ур: Амулет', 0, 0, 0, 0, 0, 0),
(340, 'Магическое Кольцо Пламени', 23, 'ring', 'Маг', NULL, '/generated_items/Маг_3ур/Магическое_Кольцо_Пламени_ring.png', NULL, NULL, 3, 4, NULL, 4, NULL, NULL, NULL, NULL, NULL, 2, 2, NULL, 2, NULL, NULL, NULL, 20, NULL, 150, NULL, 3, 25, 60, 30, NULL, NULL, 'Маг 3ур: Кольцо', 0, 0, 0, 0, 0, 0),
(341, 'Посох Феникса', 43, 'weapon', 'Маг', NULL, '/generated_items/Маг_4ур/Посох_Феникса_weapon.png', NULL, NULL, 8, 12, NULL, 9, NULL, NULL, NULL, NULL, NULL, 5, 9, NULL, 7, NULL, NULL, NULL, 45, NULL, 0, NULL, 4, 70, 210, 110, NULL, NULL, 'Маг 4ур: Посох', 0, 0, 0, 0, 0, 0),
(342, 'Шлем Феникса', 43, 'helm', 'Маг', NULL, '/generated_items/Маг_4ур/Шлем_Феникса_helm.png', NULL, NULL, 6, 9, NULL, 7, NULL, NULL, NULL, NULL, NULL, 4, 6, NULL, 5, NULL, NULL, NULL, 0, NULL, 280, NULL, 4, 50, 170, 85, NULL, NULL, 'Маг 4ур: Шлем', 0, 0, 0, 0, 0, 0),
(343, 'Доспех Феникса', 43, 'chest', 'Маг', NULL, '/generated_items/Маг_4ур/Доспех_Феникса_chest.png', NULL, NULL, 8, 12, NULL, 9, NULL, NULL, NULL, NULL, NULL, 5, 9, NULL, 7, NULL, NULL, NULL, 0, NULL, 480, NULL, 4, 70, 250, 130, NULL, NULL, 'Маг 4ур: Нагрудник', 0, 0, 0, 0, 0, 0),
(344, 'Щит Феникса', 43, 'shild', 'Маг', NULL, '/generated_items/Маг_4ур/Щит_Феникса_shild.png', NULL, NULL, 6, 9, NULL, 7, NULL, NULL, NULL, NULL, NULL, 4, 6, NULL, 5, NULL, NULL, NULL, 0, NULL, 200, NULL, 4, 35, 130, 65, NULL, NULL, 'Маг 4ур: Щит', 0, 0, 0, 0, 0, 0),
(345, 'Наручи Феникса', 43, 'brasers', 'Маг', NULL, '/generated_items/Маг_4ур/Наручи_Феникса_brasers.png', NULL, NULL, 5, 7, NULL, 5, NULL, NULL, NULL, NULL, NULL, 3, 5, NULL, 4, NULL, NULL, NULL, 12, NULL, 120, NULL, 4, 30, 85, 45, NULL, NULL, 'Маг 4ур: Наручи', 0, 0, 0, 0, 0, 0),
(346, 'Пояс Феникса', 43, 'belt', 'Маг', NULL, '/generated_items/Маг_4ур/Пояс_Феникса_belt.png', NULL, NULL, 5, 7, NULL, 5, NULL, NULL, NULL, NULL, NULL, 3, 5, NULL, 4, NULL, NULL, NULL, 12, NULL, 120, NULL, 4, 30, 85, 45, NULL, NULL, 'Маг 4ур: Пояс', 0, 0, 0, 0, 0, 0),
(347, 'Перчатки Феникса', 43, 'gloves', 'Маг', NULL, '/generated_items/Маг_4ур/Перчатки_Феникса_gloves.png', NULL, NULL, 6, 9, NULL, 7, NULL, NULL, NULL, NULL, NULL, 4, 6, NULL, 5, NULL, NULL, NULL, 25, NULL, 220, NULL, 4, 35, 130, 65, NULL, NULL, 'Маг 4ур: Перчатки', 0, 0, 0, 0, 0, 0),
(348, 'Сапоги Феникса', 43, 'boots', 'Маг', NULL, '/generated_items/Маг_4ур/Сапоги_Феникса_boots.png', NULL, NULL, 5, 7, NULL, 5, NULL, NULL, NULL, NULL, NULL, 3, 5, NULL, 4, NULL, NULL, NULL, 25, NULL, 220, NULL, 4, 35, 130, 65, NULL, NULL, 'Маг 4ур: Сапоги', 0, 0, 0, 0, 0, 0),
(349, 'Серьги Феникса', 43, 'earrings', 'Маг', NULL, '/generated_items/Маг_4ур/Серьги_Феникса_earrings.png', NULL, NULL, 5, 6, NULL, 6, NULL, NULL, NULL, NULL, NULL, 3, 4, NULL, 4, NULL, NULL, NULL, 12, NULL, 120, NULL, 4, 20, 65, 35, NULL, NULL, 'Маг 4ур: Серьги', 0, 0, 0, 0, 0, 0),
(350, 'Амулет Феникса', 43, 'amulet', 'Маг', NULL, '/generated_items/Маг_4ур/Амулет_Феникса_amulet.png', NULL, NULL, 5, 7, NULL, 6, NULL, NULL, NULL, NULL, NULL, 3, 5, NULL, 4, NULL, NULL, NULL, 12, NULL, 120, NULL, 4, 20, 65, 35, NULL, NULL, 'Маг 4ур: Амулет', 0, 0, 0, 0, 0, 0),
(351, 'Кольцо Феникса', 43, 'ring', 'Маг', NULL, '/generated_items/Маг_4ур/Кольцо_Феникса_ring.png', NULL, NULL, 5, 6, NULL, 6, NULL, NULL, NULL, NULL, NULL, 3, 4, NULL, 4, NULL, NULL, NULL, 35, NULL, 280, NULL, 4, 35, 85, 45, NULL, NULL, 'Маг 4ур: Кольцо', 0, 0, 0, 0, 0, 0),
(352, 'Посох Дракона', 71, 'weapon', 'Маг', NULL, '/generated_items/Маг_5ур/Посох_Дракона_weapon.png', NULL, NULL, 11, 16, NULL, 12, NULL, NULL, NULL, NULL, NULL, 7, 12, NULL, 9, NULL, NULL, NULL, 60, NULL, 0, NULL, 5, 95, 280, 145, NULL, NULL, 'Маг 5ур: Посох', 0, 0, 0, 0, 0, 0),
(353, 'Шлем Дракона', 71, 'helm', 'Маг', NULL, '/generated_items/Маг_5ур/Шлем_Дракона_helm.png', NULL, NULL, 8, 12, NULL, 9, NULL, NULL, NULL, NULL, NULL, 5, 8, NULL, 7, NULL, NULL, NULL, 0, NULL, 380, NULL, 5, 70, 230, 115, NULL, NULL, 'Маг 5ур: Шлем', 0, 0, 0, 0, 0, 0),
(354, 'Доспех Дракона', 71, 'chest', 'Маг', NULL, '/generated_items/Маг_5ур/Доспех_Дракона_chest.png', NULL, NULL, 11, 16, NULL, 12, NULL, NULL, NULL, NULL, NULL, 7, 12, NULL, 9, NULL, NULL, NULL, 0, NULL, 650, NULL, 5, 95, 340, 175, NULL, NULL, 'Маг 5ур: Нагрудник', 0, 0, 0, 0, 0, 0),
(355, 'Щит Дракона', 71, 'shild', 'Маг', NULL, '/generated_items/Маг_5ур/Щит_Дракона_shild.png', NULL, NULL, 8, 12, NULL, 9, NULL, NULL, NULL, NULL, NULL, 5, 8, NULL, 7, NULL, NULL, NULL, 0, NULL, 280, NULL, 5, 50, 180, 90, NULL, NULL, 'Маг 5ур: Щит', 0, 0, 0, 0, 0, 0),
(356, 'Наручи Дракона', 71, 'brasers', 'Маг', NULL, '/generated_items/Маг_5ур/Наручи_Дракона_brasers.png', NULL, NULL, 7, 10, NULL, 7, NULL, NULL, NULL, NULL, NULL, 4, 7, NULL, 5, NULL, NULL, NULL, 18, NULL, 160, NULL, 5, 40, 120, 60, NULL, NULL, 'Маг 5ур: Наручи', 0, 0, 0, 0, 0, 0);
INSERT INTO `item` (`id`, `name`, `cost`, `type`, `class`, `exec`, `img`, `n_str`, `n_dex`, `n_end`, `n_inte`, `n_intu`, `n_fire`, `n_water`, `n_air`, `n_earth`, `str`, `dex`, `end`, `inte`, `intu`, `fire`, `water`, `air`, `earth`, `damage`, `defence`, `health`, `mana`, `n_level`, `crit`, `anticrit`, `mdef`, `evaision`, `aeveision`, `description`, `regenerated`, `complite`, `isArt`, `isCraft`, `cost_ekr`, `repa`) VALUES
(357, 'Пояс Дракона', 71, 'belt', 'Маг', NULL, '/generated_items/Маг_5ур/Пояс_Дракона_belt.png', NULL, NULL, 7, 10, NULL, 7, NULL, NULL, NULL, NULL, NULL, 4, 7, NULL, 5, NULL, NULL, NULL, 18, NULL, 160, NULL, 5, 40, 120, 60, NULL, NULL, 'Маг 5ур: Пояс', 0, 0, 0, 0, 0, 0),
(358, 'Перчатки Дракона', 71, 'gloves', 'Маг', NULL, '/generated_items/Маг_5ур/Перчатки_Дракона_gloves.png', NULL, NULL, 8, 12, NULL, 9, NULL, NULL, NULL, NULL, NULL, 5, 8, NULL, 7, NULL, NULL, NULL, 35, NULL, 300, NULL, 5, 50, 180, 90, NULL, NULL, 'Маг 5ур: Перчатки', 0, 0, 0, 0, 0, 0),
(359, 'Сапоги Дракона', 71, 'boots', 'Маг', NULL, '/generated_items/Маг_5ур/Сапоги_Дракона_boots.png', NULL, NULL, 7, 10, NULL, 7, NULL, NULL, NULL, NULL, NULL, 4, 7, NULL, 5, NULL, NULL, NULL, 35, NULL, 300, NULL, 5, 50, 180, 90, NULL, NULL, 'Маг 5ур: Сапоги', 0, 0, 0, 0, 0, 0),
(360, 'Серьги Дракона', 71, 'earrings', 'Маг', NULL, '/generated_items/Маг_5ур/Серьги_Дракона_earrings.png', NULL, NULL, 7, 8, NULL, 8, NULL, NULL, NULL, NULL, NULL, 4, 6, NULL, 6, NULL, NULL, NULL, 18, NULL, 160, NULL, 5, 30, 90, 50, NULL, NULL, 'Маг 5ур: Серьги', 0, 0, 0, 0, 0, 0),
(361, 'Амулет Дракона', 71, 'amulet', 'Маг', NULL, '/generated_items/Маг_5ур/Амулет_Дракона_amulet.png', NULL, NULL, 7, 10, NULL, 8, NULL, NULL, NULL, NULL, NULL, 4, 7, NULL, 6, NULL, NULL, NULL, 18, NULL, 160, NULL, 5, 30, 90, 50, NULL, NULL, 'Маг 5ур: Амулет', 0, 0, 0, 0, 0, 0),
(362, 'Кольцо Дракона', 71, 'ring', 'Маг', NULL, '/generated_items/Маг_5ур/Кольцо_Дракона_ring.png', NULL, NULL, 7, 8, NULL, 8, NULL, NULL, NULL, NULL, NULL, 4, 6, NULL, 6, NULL, NULL, NULL, 50, NULL, 380, NULL, 5, 50, 120, 60, NULL, NULL, 'Маг 5ур: Кольцо', 0, 0, 0, 0, 0, 0),
(363, 'Посох Саламандры', 104, 'weapon', 'Маг', NULL, '/generated_items/Маг_6ур/Посох_Саламандры_weapon.png', NULL, NULL, 14, 20, NULL, 15, NULL, NULL, NULL, NULL, NULL, 9, 15, NULL, 12, NULL, NULL, NULL, 80, NULL, 0, NULL, 6, 125, 350, 190, NULL, NULL, 'Маг 6ур: Посох', 0, 0, 0, 0, 0, 0),
(364, 'Шлем Саламандры', 104, 'helm', 'Маг', NULL, '/generated_items/Маг_6ур/Шлем_Саламандры_helm.png', NULL, NULL, 10, 15, NULL, 12, NULL, NULL, NULL, NULL, NULL, 7, 11, NULL, 9, NULL, NULL, NULL, 0, NULL, 500, NULL, 6, 90, 290, 150, NULL, NULL, 'Маг 6ур: Шлем', 0, 0, 0, 0, 0, 0),
(365, 'Доспех Саламандры', 104, 'chest', 'Маг', NULL, '/generated_items/Маг_6ур/Доспех_Саламандры_chest.png', NULL, NULL, 14, 20, NULL, 15, NULL, NULL, NULL, NULL, NULL, 9, 15, NULL, 12, NULL, NULL, NULL, 0, NULL, 850, NULL, 6, 125, 430, 230, NULL, NULL, 'Маг 6ур: Нагрудник', 0, 0, 0, 0, 0, 0),
(366, 'Щит Саламандры', 104, 'shild', 'Маг', NULL, '/generated_items/Маг_6ур/Щит_Саламандры_shild.png', NULL, NULL, 10, 15, NULL, 12, NULL, NULL, NULL, NULL, NULL, 7, 11, NULL, 9, NULL, NULL, NULL, 0, NULL, 380, NULL, 6, 65, 230, 120, NULL, NULL, 'Маг 6ур: Щит', 0, 0, 0, 0, 0, 0),
(367, 'Наручи Саламандры', 104, 'brasers', 'Маг', NULL, '/generated_items/Маг_6ур/Наручи_Саламандры_brasers.png', NULL, NULL, 9, 12, NULL, 9, NULL, NULL, NULL, NULL, NULL, 6, 9, NULL, 7, NULL, NULL, NULL, 25, NULL, 220, NULL, 6, 55, 160, 80, NULL, NULL, 'Маг 6ур: Наручи', 0, 0, 0, 0, 0, 0),
(368, 'Пояс Саламандры', 104, 'belt', 'Маг', NULL, '/generated_items/Маг_6ур/Пояс_Саламандры_belt.png', NULL, NULL, 9, 12, NULL, 9, NULL, NULL, NULL, NULL, NULL, 6, 9, NULL, 7, NULL, NULL, NULL, 25, NULL, 220, NULL, 6, 55, 160, 80, NULL, NULL, 'Маг 6ур: Пояс', 0, 0, 0, 0, 0, 0),
(369, 'Перчатки Саламандры', 104, 'gloves', 'Маг', NULL, '/generated_items/Маг_6ур/Перчатки_Саламандры_gloves.png', NULL, NULL, 10, 15, NULL, 12, NULL, NULL, NULL, NULL, NULL, 7, 11, NULL, 9, NULL, NULL, NULL, 50, NULL, 400, NULL, 6, 70, 240, 120, NULL, NULL, 'Маг 6ур: Перчатки', 0, 0, 0, 0, 0, 0),
(370, 'Сапоги Саламандры', 104, 'boots', 'Маг', NULL, '/generated_items/Маг_6ур/Сапоги_Саламандры_boots.png', NULL, NULL, 9, 12, NULL, 9, NULL, NULL, NULL, NULL, NULL, 6, 9, NULL, 7, NULL, NULL, NULL, 50, NULL, 400, NULL, 6, 70, 240, 120, NULL, NULL, 'Маг 6ур: Сапоги', 0, 0, 0, 0, 0, 0),
(371, 'Серьги Саламандры', 104, 'earrings', 'Маг', NULL, '/generated_items/Маг_6ур/Серьги_Саламандры_earrings.png', NULL, NULL, 9, 10, NULL, 10, NULL, NULL, NULL, NULL, NULL, 6, 7, NULL, 7, NULL, NULL, NULL, 25, NULL, 220, NULL, 6, 40, 120, 65, NULL, NULL, 'Маг 6ур: Серьги', 0, 0, 0, 0, 0, 0),
(372, 'Амулет Саламандры', 104, 'amulet', 'Маг', NULL, '/generated_items/Маг_6ур/Амулет_Саламандры_amulet.png', NULL, NULL, 9, 12, NULL, 10, NULL, NULL, NULL, NULL, NULL, 6, 9, NULL, 7, NULL, NULL, NULL, 25, NULL, 220, NULL, 6, 40, 120, 65, NULL, NULL, 'Маг 6ур: Амулет', 0, 0, 0, 0, 0, 0),
(373, 'Кольцо Саламандры', 104, 'ring', 'Маг', NULL, '/generated_items/Маг_6ур/Кольцо_Саламандры_ring.png', NULL, NULL, 9, 10, NULL, 10, NULL, NULL, NULL, NULL, NULL, 6, 7, NULL, 7, NULL, NULL, NULL, 70, NULL, 500, NULL, 6, 70, 160, 80, NULL, NULL, 'Маг 6ур: Кольцо', 0, 0, 0, 0, 0, 0),
(374, 'Посох Ифрита', 148, 'weapon', 'Маг', NULL, '/generated_items/Маг_7ур/Посох_Ифрита_weapon.png', NULL, NULL, 18, 25, NULL, 19, NULL, NULL, NULL, NULL, NULL, 12, 19, NULL, 15, NULL, NULL, NULL, 105, NULL, 0, NULL, 7, 160, 440, 240, NULL, NULL, 'Маг 7ур: Посох', 0, 0, 0, 0, 0, 0),
(375, 'Шлем Ифрита', 148, 'helm', 'Маг', NULL, '/generated_items/Маг_7ур/Шлем_Ифрита_helm.png', NULL, NULL, 13, 19, NULL, 15, NULL, NULL, NULL, NULL, NULL, 9, 14, NULL, 12, NULL, NULL, NULL, 0, NULL, 650, NULL, 7, 120, 360, 190, NULL, NULL, 'Маг 7ур: Шлем', 0, 0, 0, 0, 0, 0),
(376, 'Доспех Ифрита', 148, 'chest', 'Маг', NULL, '/generated_items/Маг_7ур/Доспех_Ифрита_chest.png', NULL, NULL, 18, 25, NULL, 19, NULL, NULL, NULL, NULL, NULL, 12, 19, NULL, 15, NULL, NULL, NULL, 0, NULL, 1100, NULL, 7, 160, 540, 290, NULL, NULL, 'Маг 7ур: Нагрудник', 0, 0, 0, 0, 0, 0),
(377, 'Щит Ифрита', 148, 'shild', 'Маг', NULL, '/generated_items/Маг_7ур/Щит_Ифрита_shild.png', NULL, NULL, 13, 19, NULL, 15, NULL, NULL, NULL, NULL, NULL, 9, 14, NULL, 12, NULL, NULL, NULL, 0, NULL, 480, NULL, 7, 85, 290, 150, NULL, NULL, 'Маг 7ур: Щит', 0, 0, 0, 0, 0, 0),
(378, 'Наручи Ифрита', 148, 'brasers', 'Маг', NULL, '/generated_items/Маг_7ур/Наручи_Ифрита_brasers.png', NULL, NULL, 11, 15, NULL, 12, NULL, NULL, NULL, NULL, NULL, 8, 11, NULL, 9, NULL, NULL, NULL, 35, NULL, 280, NULL, 7, 70, 200, 105, NULL, NULL, 'Маг 7ур: Наручи', 0, 0, 0, 0, 0, 0),
(379, 'Пояс Ифрита', 148, 'belt', 'Маг', NULL, '/generated_items/Маг_7ур/Пояс_Ифрита_belt.png', NULL, NULL, 11, 15, NULL, 12, NULL, NULL, NULL, NULL, NULL, 8, 11, NULL, 9, NULL, NULL, NULL, 35, NULL, 280, NULL, 7, 70, 200, 105, NULL, NULL, 'Маг 7ур: Пояс', 0, 0, 0, 0, 0, 0),
(380, 'Перчатки Ифрита', 148, 'gloves', 'Маг', NULL, '/generated_items/Маг_7ур/Перчатки_Ифрита_gloves.png', NULL, NULL, 13, 19, NULL, 15, NULL, NULL, NULL, NULL, NULL, 9, 14, NULL, 12, NULL, NULL, NULL, 70, NULL, 520, NULL, 7, 90, 300, 160, NULL, NULL, 'Маг 7ур: Перчатки', 0, 0, 0, 0, 0, 0),
(381, 'Сапоги Ифрита', 148, 'boots', 'Маг', NULL, '/generated_items/Маг_7ур/Сапоги_Ифрита_boots.png', NULL, NULL, 11, 15, NULL, 12, NULL, NULL, NULL, NULL, NULL, 8, 11, NULL, 9, NULL, NULL, NULL, 70, NULL, 520, NULL, 7, 90, 300, 160, NULL, NULL, 'Маг 7ур: Сапоги', 0, 0, 0, 0, 0, 0),
(382, 'Серьги Ифрита', 148, 'earrings', 'Маг', NULL, '/generated_items/Маг_7ур/Серьги_Ифрита_earrings.png', NULL, NULL, 11, 13, NULL, 13, NULL, NULL, NULL, NULL, NULL, 8, 10, NULL, 10, NULL, NULL, NULL, 35, NULL, 280, NULL, 7, 50, 150, 85, NULL, NULL, 'Маг 7ур: Серьги', 0, 0, 0, 0, 0, 0),
(383, 'Амулет Ифрита', 148, 'amulet', 'Маг', NULL, '/generated_items/Маг_7ур/Амулет_Ифрита_amulet.png', NULL, NULL, 11, 15, NULL, 13, NULL, NULL, NULL, NULL, NULL, 8, 11, NULL, 10, NULL, NULL, NULL, 35, NULL, 280, NULL, 7, 50, 150, 85, NULL, NULL, 'Маг 7ур: Амулет', 0, 0, 0, 0, 0, 0),
(384, 'Кольцо Ифрита', 148, 'ring', 'Маг', NULL, '/generated_items/Маг_7ур/Кольцо_Ифрита_ring.png', NULL, NULL, 11, 13, NULL, 13, NULL, NULL, NULL, NULL, NULL, 8, 10, NULL, 10, NULL, NULL, NULL, 90, NULL, 650, NULL, 7, 90, 200, 105, NULL, NULL, 'Маг 7ур: Кольцо', 0, 0, 0, 0, 0, 0),
(385, 'Посох Сурта', 202, 'weapon', 'Маг', NULL, '/generated_items/Маг_8ур/Посох_Сурта_weapon.png', NULL, NULL, 22, 30, NULL, 23, NULL, NULL, NULL, NULL, NULL, 15, 23, NULL, 18, NULL, NULL, NULL, 130, NULL, 0, NULL, 8, 200, 540, 295, NULL, NULL, 'Маг 8ур: Посох', 0, 0, 0, 0, 0, 0),
(386, 'Шлем Сурта', 202, 'helm', 'Маг', NULL, '/generated_items/Маг_8ур/Шлем_Сурта_helm.png', NULL, NULL, 16, 23, NULL, 18, NULL, NULL, NULL, NULL, NULL, 11, 17, NULL, 14, NULL, NULL, NULL, 0, NULL, 800, NULL, 8, 150, 440, 235, NULL, NULL, 'Маг 8ур: Шлем', 0, 0, 0, 0, 0, 0),
(387, 'Доспех Сурта', 202, 'chest', 'Маг', NULL, '/generated_items/Маг_8ур/Доспех_Сурта_chest.png', NULL, NULL, 22, 30, NULL, 23, NULL, NULL, NULL, NULL, NULL, 15, 23, NULL, 18, NULL, NULL, NULL, 0, NULL, 1350, NULL, 8, 200, 660, 355, NULL, NULL, 'Маг 8ур: Нагрудник', 0, 0, 0, 0, 0, 0),
(388, 'Щит Сурта', 202, 'shild', 'Маг', NULL, '/generated_items/Маг_8ур/Щит_Сурта_shild.png', NULL, NULL, 16, 23, NULL, 18, NULL, NULL, NULL, NULL, NULL, 11, 17, NULL, 14, NULL, NULL, NULL, 0, NULL, 600, NULL, 8, 105, 360, 185, NULL, NULL, 'Маг 8ур: Щит', 0, 0, 0, 0, 0, 0),
(389, 'Наручи Сурта', 202, 'brasers', 'Маг', NULL, '/generated_items/Маг_8ур/Наручи_Сурта_brasers.png', NULL, NULL, 14, 19, NULL, 15, NULL, NULL, NULL, NULL, NULL, 10, 14, NULL, 11, NULL, NULL, NULL, 45, NULL, 350, NULL, 8, 90, 250, 130, NULL, NULL, 'Маг 8ур: Наручи', 0, 0, 0, 0, 0, 0),
(390, 'Пояс Сурта', 202, 'belt', 'Маг', NULL, '/generated_items/Маг_8ур/Пояс_Сурта_belt.png', NULL, NULL, 14, 19, NULL, 15, NULL, NULL, NULL, NULL, NULL, 10, 14, NULL, 11, NULL, NULL, NULL, 45, NULL, 350, NULL, 8, 90, 250, 130, NULL, NULL, 'Маг 8ур: Пояс', 0, 0, 0, 0, 0, 0),
(391, 'Перчатки Сурта', 202, 'gloves', 'Маг', NULL, '/generated_items/Маг_8ур/Перчатки_Сурта_gloves.png', NULL, NULL, 16, 23, NULL, 18, NULL, NULL, NULL, NULL, NULL, 11, 17, NULL, 14, NULL, NULL, NULL, 90, NULL, 650, NULL, 8, 110, 370, 195, NULL, NULL, 'Маг 8ур: Перчатки', 0, 0, 0, 0, 0, 0),
(392, 'Сапоги Сурта', 202, 'boots', 'Маг', NULL, '/generated_items/Маг_8ур/Сапоги_Сурта_boots.png', NULL, NULL, 14, 19, NULL, 15, NULL, NULL, NULL, NULL, NULL, 10, 14, NULL, 11, NULL, NULL, NULL, 90, NULL, 650, NULL, 8, 110, 370, 195, NULL, NULL, 'Маг 8ур: Сапоги', 0, 0, 0, 0, 0, 0),
(393, 'Серьги Сурта', 202, 'earrings', 'Маг', NULL, '/generated_items/Маг_8ур/Серьги_Сурта_earrings.png', NULL, NULL, 14, 16, NULL, 16, NULL, NULL, NULL, NULL, NULL, 10, 12, NULL, 12, NULL, NULL, NULL, 45, NULL, 350, NULL, 8, 65, 190, 105, NULL, NULL, 'Маг 8ур: Серьги', 0, 0, 0, 0, 0, 0),
(394, 'Амулет Сурта', 202, 'amulet', 'Маг', NULL, '/generated_items/Маг_8ур/Амулет_Сурта_amulet.png', NULL, NULL, 14, 19, NULL, 16, NULL, NULL, NULL, NULL, NULL, 10, 14, NULL, 12, NULL, NULL, NULL, 45, NULL, 350, NULL, 8, 65, 190, 105, NULL, NULL, 'Маг 8ур: Амулет', 0, 0, 0, 0, 0, 0),
(395, 'Кольцо Сурта', 202, 'ring', 'Маг', NULL, '/generated_items/Маг_8ур/Кольцо_Сурта_ring.png', NULL, NULL, 14, 16, NULL, 16, NULL, NULL, NULL, NULL, NULL, 10, 12, NULL, 12, NULL, NULL, NULL, 110, NULL, 800, NULL, 8, 110, 250, 130, NULL, NULL, 'Маг 8ур: Кольцо', 0, 0, 0, 0, 0, 0),
(396, 'Посох Прометея', 279, 'weapon', 'Маг', NULL, '/generated_items/Маг_9ур/Посох_Прометея_weapon.png', NULL, NULL, 27, 37, NULL, 28, NULL, NULL, NULL, NULL, NULL, 18, 28, NULL, 22, NULL, NULL, NULL, 160, NULL, 0, NULL, 9, 245, 660, 360, NULL, NULL, 'Маг 9ур: Посох', 0, 0, 0, 0, 0, 0),
(397, 'Шлем Прометея', 279, 'helm', 'Маг', NULL, '/generated_items/Маг_9ур/Шлем_Прометея_helm.png', NULL, NULL, 20, 28, NULL, 22, NULL, NULL, NULL, NULL, NULL, 13, 21, NULL, 17, NULL, NULL, NULL, 0, NULL, 1000, NULL, 9, 185, 540, 290, NULL, NULL, 'Маг 9ур: Шлем', 0, 0, 0, 0, 0, 0),
(398, 'Доспех Прометея', 279, 'chest', 'Маг', NULL, '/generated_items/Маг_9ур/Доспех_Прометея_chest.png', NULL, NULL, 27, 37, NULL, 28, NULL, NULL, NULL, NULL, NULL, 18, 28, NULL, 22, NULL, NULL, NULL, 0, NULL, 1700, NULL, 9, 245, 800, 435, NULL, NULL, 'Маг 9ур: Нагрудник', 0, 0, 0, 0, 0, 0),
(399, 'Щит Прометея', 279, 'shild', 'Маг', NULL, '/generated_items/Маг_9ур/Щит_Прометея_shild.png', NULL, NULL, 20, 28, NULL, 22, NULL, NULL, NULL, NULL, NULL, 13, 21, NULL, 17, NULL, NULL, NULL, 0, NULL, 750, NULL, 9, 130, 440, 230, NULL, NULL, 'Маг 9ур: Щит', 0, 0, 0, 0, 0, 0),
(400, 'Наручи Прометея', 279, 'brasers', 'Маг', NULL, '/generated_items/Маг_9ур/Наручи_Прометея_brasers.png', NULL, NULL, 17, 23, NULL, 18, NULL, NULL, NULL, NULL, NULL, 12, 17, NULL, 14, NULL, NULL, NULL, 55, NULL, 450, NULL, 9, 110, 310, 160, NULL, NULL, 'Маг 9ур: Наручи', 0, 0, 0, 0, 0, 0),
(401, 'Пояс Прометея', 279, 'belt', 'Маг', NULL, '/generated_items/Маг_9ур/Пояс_Прометея_belt.png', NULL, NULL, 17, 23, NULL, 18, NULL, NULL, NULL, NULL, NULL, 12, 17, NULL, 14, NULL, NULL, NULL, 55, NULL, 450, NULL, 9, 110, 310, 160, NULL, NULL, 'Маг 9ур: Пояс', 0, 0, 0, 0, 0, 0),
(402, 'Перчатки Прометея', 279, 'gloves', 'Маг', NULL, '/generated_items/Маг_9ур/Перчатки_Прометея_gloves.png', NULL, NULL, 20, 28, NULL, 22, NULL, NULL, NULL, NULL, NULL, 13, 21, NULL, 17, NULL, NULL, NULL, 110, NULL, 800, NULL, 9, 135, 450, 240, NULL, NULL, 'Маг 9ур: Перчатки', 0, 0, 0, 0, 0, 0),
(403, 'Сапоги Прометея', 279, 'boots', 'Маг', NULL, '/generated_items/Маг_9ур/Сапоги_Прометея_boots.png', NULL, NULL, 17, 23, NULL, 18, NULL, NULL, NULL, NULL, NULL, 12, 17, NULL, 14, NULL, NULL, NULL, 110, NULL, 800, NULL, 9, 135, 450, 240, NULL, NULL, 'Маг 9ур: Сапоги', 0, 0, 0, 0, 0, 0),
(404, 'Серьги Прометея', 279, 'earrings', 'Маг', NULL, '/generated_items/Маг_9ур/Серьги_Прометея_earrings.png', NULL, NULL, 17, 20, NULL, 20, NULL, NULL, NULL, NULL, NULL, 12, 15, NULL, 15, NULL, NULL, NULL, 55, NULL, 450, NULL, 9, 80, 230, 130, NULL, NULL, 'Маг 9ур: Серьги', 0, 0, 0, 0, 0, 0),
(405, 'Амулет Прометея', 279, 'amulet', 'Маг', NULL, '/generated_items/Маг_9ур/Амулет_Прометея_amulet.png', NULL, NULL, 17, 23, NULL, 20, NULL, NULL, NULL, NULL, NULL, 12, 17, NULL, 15, NULL, NULL, NULL, 55, NULL, 450, NULL, 9, 80, 230, 130, NULL, NULL, 'Маг 9ур: Амулет', 0, 0, 0, 0, 0, 0),
(406, 'Кольцо Прометея', 279, 'ring', 'Маг', NULL, '/generated_items/Маг_9ур/Кольцо_Прометея_ring.png', NULL, NULL, 17, 20, NULL, 20, NULL, NULL, NULL, NULL, NULL, 12, 15, NULL, 15, NULL, NULL, NULL, 135, NULL, 1000, NULL, 9, 135, 310, 160, NULL, NULL, 'Маг 9ур: Кольцо', 0, 0, 0, 0, 0, 0),
(407, 'Легендарный Посох Пламени', 399, 'weapon', 'Маг', NULL, '/generated_items/Маг_10ур/Легендарный_Посох_Пламени_weapon.png', NULL, NULL, 33, 45, NULL, 34, NULL, NULL, NULL, NULL, NULL, 22, 34, NULL, 27, NULL, NULL, NULL, 200, NULL, 0, NULL, 10, 300, 800, 440, NULL, NULL, 'Маг 10ур: Посох', 0, 0, 0, 0, 0, 0),
(408, 'Легендарный Шлем Пламени', 399, 'helm', 'Маг', NULL, '/generated_items/Маг_10ур/Легендарный_Шлем_Пламени_helm.png', NULL, NULL, 24, 34, NULL, 27, NULL, NULL, NULL, NULL, NULL, 16, 26, NULL, 21, NULL, NULL, NULL, 0, NULL, 1250, NULL, 10, 225, 660, 350, NULL, NULL, 'Маг 10ур: Шлем', 0, 0, 0, 0, 0, 0),
(409, 'Легендарный Доспех Пламени', 399, 'chest', 'Маг', NULL, '/generated_items/Маг_10ур/Легендарный_Доспех_Пламени_chest.png', NULL, NULL, 33, 45, NULL, 34, NULL, NULL, NULL, NULL, NULL, 22, 34, NULL, 27, NULL, NULL, NULL, 0, NULL, 2100, NULL, 10, 300, 980, 530, NULL, NULL, 'Маг 10ур: Нагрудник', 0, 0, 0, 0, 0, 0),
(410, 'Легендарный Щит Пламени', 399, 'shild', 'Маг', NULL, '/generated_items/Маг_10ур/Легендарный_Щит_Пламени_shild.png', NULL, NULL, 24, 34, NULL, 27, NULL, NULL, NULL, NULL, NULL, 16, 26, NULL, 21, NULL, NULL, NULL, 0, NULL, 950, NULL, 10, 160, 540, 280, NULL, NULL, 'Маг 10ур: Щит', 0, 0, 0, 0, 0, 0),
(411, 'Легендарные Наручи Пламени', 399, 'brasers', 'Маг', NULL, '/generated_items/Маг_10ур/Легендарные_Наручи_Пламени_brasers.png', NULL, NULL, 21, 28, NULL, 22, NULL, NULL, NULL, NULL, NULL, 14, 21, NULL, 17, NULL, NULL, NULL, 70, NULL, 550, NULL, 10, 135, 380, 200, NULL, NULL, 'Маг 10ур: Наручи', 0, 0, 0, 0, 0, 0),
(412, 'Легендарный Пояс Пламени', 399, 'belt', 'Маг', NULL, '/generated_items/Маг_10ур/Легендарный_Пояс_Пламени_belt.png', NULL, NULL, 21, 28, NULL, 22, NULL, NULL, NULL, NULL, NULL, 14, 21, NULL, 17, NULL, NULL, NULL, 70, NULL, 550, NULL, 10, 135, 380, 200, NULL, NULL, 'Маг 10ур: Пояс', 0, 0, 0, 0, 0, 0),
(413, 'Легендарные Перчатки Пламени', 399, 'gloves', 'Маг', NULL, '/generated_items/Маг_10ур/Легендарные_Перчатки_Пламени_gloves.png', NULL, NULL, 24, 34, NULL, 27, NULL, NULL, NULL, NULL, NULL, 16, 26, NULL, 21, NULL, NULL, NULL, 140, NULL, 1000, NULL, 10, 165, 550, 290, NULL, NULL, 'Маг 10ур: Перчатки', 0, 0, 0, 0, 0, 0),
(414, 'Легендарные Сапоги Пламени', 399, 'boots', 'Маг', NULL, '/generated_items/Маг_10ур/Легендарные_Сапоги_Пламени_boots.png', NULL, NULL, 21, 28, NULL, 22, NULL, NULL, NULL, NULL, NULL, 14, 21, NULL, 17, NULL, NULL, NULL, 140, NULL, 1000, NULL, 10, 165, 550, 290, NULL, NULL, 'Маг 10ур: Сапоги', 0, 0, 0, 0, 0, 0),
(415, 'Легендарные Серьги Пламени', 399, 'earrings', 'Маг', NULL, '/generated_items/Маг_10ур/Легендарные_Серьги_Пламени_earrings.png', NULL, NULL, 21, 24, NULL, 24, NULL, NULL, NULL, NULL, NULL, 14, 18, NULL, 18, NULL, NULL, NULL, 70, NULL, 550, NULL, 10, 100, 280, 160, NULL, NULL, 'Маг 10ур: Серьги', 0, 0, 0, 0, 0, 0),
(416, 'Легендарный Амулет Пламени', 399, 'amulet', 'Маг', NULL, '/generated_items/Маг_10ур/Легендарный_Амулет_Пламени_amulet.png', NULL, NULL, 21, 28, NULL, 24, NULL, NULL, NULL, NULL, NULL, 14, 21, NULL, 18, NULL, NULL, NULL, 70, NULL, 550, NULL, 10, 100, 280, 160, NULL, NULL, 'Маг 10ур: Амулет', 0, 0, 0, 0, 0, 0),
(417, 'Легендарное Кольцо Пламени', 399, 'ring', 'Маг', NULL, '/generated_items/Маг_10ур/Легендарное_Кольцо_Пламени_ring.png', NULL, NULL, 21, 24, NULL, 24, NULL, NULL, NULL, NULL, NULL, 14, 18, NULL, 18, NULL, NULL, NULL, 170, NULL, 1250, NULL, 10, 165, 380, 200, NULL, NULL, 'Маг 10ур: Кольцо', 0, 0, 0, 0, 0, 0),
(418, 'Земляной Посох', 11, 'weapon', 'Маг Земли', NULL, '/generated_items/Маг Земли_2ур/Земляной_Посох_weapon.png', NULL, NULL, 3, 5, NULL, NULL, NULL, NULL, 4, NULL, NULL, 2, 4, NULL, NULL, NULL, NULL, 3, 20, NULL, 0, NULL, 2, 30, 100, 50, NULL, NULL, 'Маг Земли 2ур: Посох', 0, 0, 0, 0, 0, 0),
(419, 'Земляной Шлем', 11, 'helm', 'Маг Земли', NULL, '/generated_items/Маг Земли_2ур/Земляной_Шлем_helm.png', NULL, NULL, 2, 4, NULL, NULL, NULL, NULL, 3, NULL, NULL, 1, 3, NULL, NULL, NULL, NULL, 2, 0, NULL, 150, NULL, 2, 20, 80, 40, NULL, NULL, 'Маг Земли 2ур: Шлем', 0, 0, 0, 0, 0, 0),
(420, 'Земляной Доспех', 11, 'chest', 'Маг Земли', NULL, '/generated_items/Маг Земли_2ур/Земляной_Доспех_chest.png', NULL, NULL, 3, 5, NULL, NULL, NULL, NULL, 4, NULL, NULL, 2, 4, NULL, NULL, NULL, NULL, 3, 0, NULL, 250, NULL, 2, 30, 120, 60, NULL, NULL, 'Маг Земли 2ур: Нагрудник', 0, 0, 0, 0, 0, 0),
(421, 'Земляной Щит', 11, 'shild', 'Маг Земли', NULL, '/generated_items/Маг Земли_2ур/Земляной_Щит_shild.png', NULL, NULL, 2, 4, NULL, NULL, NULL, NULL, 3, NULL, NULL, 1, 3, NULL, NULL, NULL, NULL, 2, 0, NULL, 100, NULL, 2, 15, 60, 30, NULL, NULL, 'Маг Земли 2ур: Щит', 0, 0, 0, 0, 0, 0),
(422, 'Земляные Наручи', 11, 'brasers', 'Маг Земли', NULL, '/generated_items/Маг Земли_2ур/Земляные_Наручи_brasers.png', NULL, NULL, 2, 3, NULL, NULL, NULL, NULL, 2, NULL, NULL, 1, 2, NULL, NULL, NULL, NULL, 1, 5, NULL, 50, NULL, 2, 10, 40, 20, NULL, NULL, 'Маг Земли 2ур: Наручи', 0, 0, 0, 0, 0, 0),
(423, 'Земляной Пояс', 11, 'belt', 'Маг Земли', NULL, '/generated_items/Маг Земли_2ур/Земляной_Пояс_belt.png', NULL, NULL, 2, 3, NULL, NULL, NULL, NULL, 2, NULL, NULL, 1, 2, NULL, NULL, NULL, NULL, 1, 5, NULL, 50, NULL, 2, 10, 40, 20, NULL, NULL, 'Маг Земли 2ур: Пояс', 0, 0, 0, 0, 0, 0),
(424, 'Земляные Перчатки', 11, 'gloves', 'Маг Земли', NULL, '/generated_items/Маг Земли_2ур/Земляные_Перчатки_gloves.png', NULL, NULL, 2, 4, NULL, NULL, NULL, NULL, 3, NULL, NULL, 1, 3, NULL, NULL, NULL, NULL, 2, 10, NULL, 100, NULL, 2, 15, 60, 30, NULL, NULL, 'Маг Земли 2ур: Перчатки', 0, 0, 0, 0, 0, 0),
(425, 'Земляные Сапоги', 11, 'boots', 'Маг Земли', NULL, '/generated_items/Маг Земли_2ур/Земляные_Сапоги_boots.png', NULL, NULL, 2, 3, NULL, NULL, NULL, NULL, 2, NULL, NULL, 1, 2, NULL, NULL, NULL, NULL, 1, 10, NULL, 100, NULL, 2, 15, 60, 30, NULL, NULL, 'Маг Земли 2ур: Сапоги', 0, 0, 0, 0, 0, 0),
(426, 'Земляные Серьги', 11, 'earrings', 'Маг Земли', NULL, '/generated_items/Маг Земли_2ур/Земляные_Серьги_earrings.png', NULL, NULL, 2, 2, NULL, NULL, NULL, NULL, 2, NULL, NULL, 1, 1, NULL, NULL, NULL, NULL, 1, 5, NULL, 50, NULL, 2, 10, 30, 15, NULL, NULL, 'Маг Земли 2ур: Серьги', 0, 0, 0, 0, 0, 0),
(427, 'Земляной Амулет', 11, 'amulet', 'Маг Земли', NULL, '/generated_items/Маг Земли_2ур/Земляной_Амулет_amulet.png', NULL, NULL, 2, 3, NULL, NULL, NULL, NULL, 2, NULL, NULL, 1, 2, NULL, NULL, NULL, NULL, 1, 5, NULL, 50, NULL, 2, 10, 30, 15, NULL, NULL, 'Маг Земли 2ур: Амулет', 0, 0, 0, 0, 0, 0),
(428, 'Земляное Кольцо', 11, 'ring', 'Маг Земли', NULL, '/generated_items/Маг Земли_2ур/Земляное_Кольцо_ring.png', NULL, NULL, 2, 2, NULL, NULL, NULL, NULL, 2, NULL, NULL, 1, 1, NULL, NULL, NULL, NULL, 1, 10, NULL, 100, NULL, 2, 15, 40, 20, NULL, NULL, 'Маг Земли 2ур: Кольцо', 0, 0, 0, 0, 0, 0),
(429, 'Каменный Посох Гайи', 23, 'weapon', 'Маг Земли', NULL, '/generated_items/Маг Земли_3ур/Каменный_Посох_Гайи_weapon.png', NULL, NULL, 5, 8, NULL, NULL, NULL, NULL, 6, NULL, NULL, 3, 6, NULL, NULL, NULL, NULL, 5, 30, NULL, 0, NULL, 3, 50, 150, 75, NULL, NULL, 'Маг Земли 3ур: Посох', 0, 0, 0, 0, 0, 0),
(430, 'Каменный Шлем Гайи', 23, 'helm', 'Маг Земли', NULL, '/generated_items/Маг Земли_3ур/Каменный_Шлем_Гайи_helm.png', NULL, NULL, 4, 6, NULL, NULL, NULL, NULL, 5, NULL, NULL, 2, 4, NULL, NULL, NULL, NULL, 4, 0, NULL, 200, NULL, 3, 35, 120, 60, NULL, NULL, 'Маг Земли 3ур: Шлем', 0, 0, 0, 0, 0, 0),
(431, 'Каменный Доспех Гайи', 23, 'chest', 'Маг Земли', NULL, '/generated_items/Маг Земли_3ур/Каменный_Доспех_Гайи_chest.png', NULL, NULL, 5, 8, NULL, NULL, NULL, NULL, 6, NULL, NULL, 3, 6, NULL, NULL, NULL, NULL, 5, 0, NULL, 350, NULL, 3, 50, 180, 90, NULL, NULL, 'Маг Земли 3ур: Нагрудник', 0, 0, 0, 0, 0, 0),
(432, 'Каменный Щит Гайи', 23, 'shild', 'Маг Земли', NULL, '/generated_items/Маг Земли_3ур/Каменный_Щит_Гайи_shild.png', NULL, NULL, 4, 6, NULL, NULL, NULL, NULL, 5, NULL, NULL, 2, 4, NULL, NULL, NULL, NULL, 4, 0, NULL, 150, NULL, 3, 25, 90, 45, NULL, NULL, 'Маг Земли 3ур: Щит', 0, 0, 0, 0, 0, 0),
(433, 'Каменные Наручи Гайи', 23, 'brasers', 'Маг Земли', NULL, '/generated_items/Маг Земли_3ур/Каменные_Наручи_Гайи_brasers.png', NULL, NULL, 3, 5, NULL, NULL, NULL, NULL, 4, NULL, NULL, 2, 3, NULL, NULL, NULL, NULL, 3, 8, NULL, 80, NULL, 3, 20, 60, 30, NULL, NULL, 'Маг Земли 3ур: Наручи', 0, 0, 0, 0, 0, 0),
(434, 'Каменный Пояс Гайи', 23, 'belt', 'Маг Земли', NULL, '/generated_items/Маг Земли_3ур/Каменный_Пояс_Гайи_belt.png', NULL, NULL, 3, 5, NULL, NULL, NULL, NULL, 4, NULL, NULL, 2, 3, NULL, NULL, NULL, NULL, 3, 8, NULL, 80, NULL, 3, 20, 60, 30, NULL, NULL, 'Маг Земли 3ур: Пояс', 0, 0, 0, 0, 0, 0),
(435, 'Каменные Перчатки Гайи', 23, 'gloves', 'Маг Земли', NULL, '/generated_items/Маг Земли_3ур/Каменные_Перчатки_Гайи_gloves.png', NULL, NULL, 4, 6, NULL, NULL, NULL, NULL, 5, NULL, NULL, 2, 4, NULL, NULL, NULL, NULL, 4, 15, NULL, 150, NULL, 3, 25, 90, 45, NULL, NULL, 'Маг Земли 3ур: Перчатки', 0, 0, 0, 0, 0, 0),
(436, 'Каменные Сапоги Гайи', 23, 'boots', 'Маг Земли', NULL, '/generated_items/Маг Земли_3ур/Каменные_Сапоги_Гайи_boots.png', NULL, NULL, 3, 5, NULL, NULL, NULL, NULL, 4, NULL, NULL, 2, 3, NULL, NULL, NULL, NULL, 3, 15, NULL, 150, NULL, 3, 25, 90, 45, NULL, NULL, 'Маг Земли 3ур: Сапоги', 0, 0, 0, 0, 0, 0),
(437, 'Каменные Серьги Гайи', 23, 'earrings', 'Маг Земли', NULL, '/generated_items/Маг Земли_3ур/Каменные_Серьги_Гайи_earrings.png', NULL, NULL, 3, 4, NULL, NULL, NULL, NULL, 4, NULL, NULL, 2, 2, NULL, NULL, NULL, NULL, 2, 8, NULL, 80, NULL, 3, 15, 45, 25, NULL, NULL, 'Маг Земли 3ур: Серьги', 0, 0, 0, 0, 0, 0),
(438, 'Каменный Амулет Гайи', 23, 'amulet', 'Маг Земли', NULL, '/generated_items/Маг Земли_3ур/Каменный_Амулет_Гайи_amulet.png', NULL, NULL, 3, 5, NULL, NULL, NULL, NULL, 4, NULL, NULL, 2, 3, NULL, NULL, NULL, NULL, 3, 8, NULL, 80, NULL, 3, 15, 45, 25, NULL, NULL, 'Маг Земли 3ур: Амулет', 0, 0, 0, 0, 0, 0),
(439, 'Каменное Кольцо Гайи', 23, 'ring', 'Маг Земли', NULL, '/generated_items/Маг Земли_3ур/Каменное_Кольцо_Гайи_ring.png', NULL, NULL, 3, 4, NULL, NULL, NULL, NULL, 4, NULL, NULL, 2, 2, NULL, NULL, NULL, NULL, 2, 20, NULL, 150, NULL, 3, 25, 60, 30, NULL, NULL, 'Маг Земли 3ур: Кольцо', 0, 0, 0, 0, 0, 0),
(440, 'Посох Горного Короля', 43, 'weapon', 'Маг Земли', NULL, '/generated_items/Маг Земли_4ур/Посох_Горного_Короля_weapon.png', NULL, NULL, 8, 12, NULL, NULL, NULL, NULL, 9, NULL, NULL, 5, 9, NULL, NULL, NULL, NULL, 7, 45, NULL, 0, NULL, 4, 70, 210, 110, NULL, NULL, 'Маг Земли 4ур: Посох', 0, 0, 0, 0, 0, 0),
(441, 'Шлем Горного Короля', 43, 'helm', 'Маг Земли', NULL, '/generated_items/Маг Земли_4ур/Шлем_Горного_Короля_helm.png', NULL, NULL, 6, 9, NULL, NULL, NULL, NULL, 7, NULL, NULL, 4, 6, NULL, NULL, NULL, NULL, 5, 0, NULL, 280, NULL, 4, 50, 170, 85, NULL, NULL, 'Маг Земли 4ур: Шлем', 0, 0, 0, 0, 0, 0),
(442, 'Доспех Горного Короля', 43, 'chest', 'Маг Земли', NULL, '/generated_items/Маг Земли_4ур/Доспех_Горного_Короля_chest.png', NULL, NULL, 8, 12, NULL, NULL, NULL, NULL, 9, NULL, NULL, 5, 9, NULL, NULL, NULL, NULL, 7, 0, NULL, 480, NULL, 4, 70, 250, 130, NULL, NULL, 'Маг Земли 4ур: Нагрудник', 0, 0, 0, 0, 0, 0),
(443, 'Щит Горного Короля', 43, 'shild', 'Маг Земли', NULL, '/generated_items/Маг Земли_4ур/Щит_Горного_Короля_shild.png', NULL, NULL, 6, 9, NULL, NULL, NULL, NULL, 7, NULL, NULL, 4, 6, NULL, NULL, NULL, NULL, 5, 0, NULL, 200, NULL, 4, 35, 130, 65, NULL, NULL, 'Маг Земли 4ур: Щит', 0, 0, 0, 0, 0, 0),
(444, 'Наручи Горного Короля', 43, 'brasers', 'Маг Земли', NULL, '/generated_items/Маг Земли_4ур/Наручи_Горного_Короля_brasers.png', NULL, NULL, 5, 7, NULL, NULL, NULL, NULL, 5, NULL, NULL, 3, 5, NULL, NULL, NULL, NULL, 4, 12, NULL, 120, NULL, 4, 30, 85, 45, NULL, NULL, 'Маг Земли 4ур: Наручи', 0, 0, 0, 0, 0, 0),
(445, 'Пояс Горного Короля', 43, 'belt', 'Маг Земли', NULL, '/generated_items/Маг Земли_4ур/Пояс_Горного_Короля_belt.png', NULL, NULL, 5, 7, NULL, NULL, NULL, NULL, 5, NULL, NULL, 3, 5, NULL, NULL, NULL, NULL, 4, 12, NULL, 120, NULL, 4, 30, 85, 45, NULL, NULL, 'Маг Земли 4ур: Пояс', 0, 0, 0, 0, 0, 0),
(446, 'Перчатки Горного Короля', 43, 'gloves', 'Маг Земли', NULL, '/generated_items/Маг Земли_4ур/Перчатки_Горного_Короля_gloves.png', NULL, NULL, 6, 9, NULL, NULL, NULL, NULL, 7, NULL, NULL, 4, 6, NULL, NULL, NULL, NULL, 5, 25, NULL, 220, NULL, 4, 35, 130, 65, NULL, NULL, 'Маг Земли 4ур: Перчатки', 0, 0, 0, 0, 0, 0),
(447, 'Сапоги Горного Короля', 43, 'boots', 'Маг Земли', NULL, '/generated_items/Маг Земли_4ур/Сапоги_Горного_Короля_boots.png', NULL, NULL, 5, 7, NULL, NULL, NULL, NULL, 5, NULL, NULL, 3, 5, NULL, NULL, NULL, NULL, 4, 25, NULL, 220, NULL, 4, 35, 130, 65, NULL, NULL, 'Маг Земли 4ур: Сапоги', 0, 0, 0, 0, 0, 0),
(448, 'Серьги Горного Короля', 43, 'earrings', 'Маг Земли', NULL, '/generated_items/Маг Земли_4ур/Серьги_Горного_Короля_earrings.png', NULL, NULL, 5, 6, NULL, NULL, NULL, NULL, 6, NULL, NULL, 3, 4, NULL, NULL, NULL, NULL, 4, 12, NULL, 120, NULL, 4, 20, 65, 35, NULL, NULL, 'Маг Земли 4ур: Серьги', 0, 0, 0, 0, 0, 0),
(449, 'Амулет Горного Короля', 43, 'amulet', 'Маг Земли', NULL, '/generated_items/Маг Земли_4ур/Амулет_Горного_Короля_amulet.png', NULL, NULL, 5, 7, NULL, NULL, NULL, NULL, 6, NULL, NULL, 3, 5, NULL, NULL, NULL, NULL, 4, 12, NULL, 120, NULL, 4, 20, 65, 35, NULL, NULL, 'Маг Земли 4ур: Амулет', 0, 0, 0, 0, 0, 0),
(450, 'Кольцо Горного Короля', 43, 'ring', 'Маг Земли', NULL, '/generated_items/Маг Земли_4ур/Кольцо_Горного_Короля_ring.png', NULL, NULL, 5, 6, NULL, NULL, NULL, NULL, 6, NULL, NULL, 3, 4, NULL, NULL, NULL, NULL, 4, 35, NULL, 280, NULL, 4, 35, 85, 45, NULL, NULL, 'Маг Земли 4ур: Кольцо', 0, 0, 0, 0, 0, 0),
(451, 'Посох Камнепада', 71, 'weapon', 'Маг Земли', NULL, '/generated_items/Маг Земли_5ур/Посох_Камнепада_weapon.png', NULL, NULL, 11, 16, NULL, NULL, NULL, NULL, 12, NULL, NULL, 7, 12, NULL, NULL, NULL, NULL, 9, 60, NULL, 0, NULL, 5, 95, 280, 145, NULL, NULL, 'Маг Земли 5ур: Посох', 0, 0, 0, 0, 0, 0),
(452, 'Шлем Камнепада', 71, 'helm', 'Маг Земли', NULL, '/generated_items/Маг Земли_5ур/Шлем_Камнепада_helm.png', NULL, NULL, 8, 12, NULL, NULL, NULL, NULL, 9, NULL, NULL, 5, 8, NULL, NULL, NULL, NULL, 7, 0, NULL, 380, NULL, 5, 70, 230, 115, NULL, NULL, 'Маг Земли 5ур: Шлем', 0, 0, 0, 0, 0, 0),
(453, 'Доспех Камнепада', 71, 'chest', 'Маг Земли', NULL, '/generated_items/Маг Земли_5ур/Доспех_Камнепада_chest.png', NULL, NULL, 11, 16, NULL, NULL, NULL, NULL, 12, NULL, NULL, 7, 12, NULL, NULL, NULL, NULL, 9, 0, NULL, 650, NULL, 5, 95, 340, 175, NULL, NULL, 'Маг Земли 5ур: Нагрудник', 0, 0, 0, 0, 0, 0),
(454, 'Щит Камнепада', 71, 'shild', 'Маг Земли', NULL, '/generated_items/Маг Земли_5ур/Щит_Камнепада_shild.png', NULL, NULL, 8, 12, NULL, NULL, NULL, NULL, 9, NULL, NULL, 5, 8, NULL, NULL, NULL, NULL, 7, 0, NULL, 280, NULL, 5, 50, 180, 90, NULL, NULL, 'Маг Земли 5ур: Щит', 0, 0, 0, 0, 0, 0),
(455, 'Наручи Камнепада', 71, 'brasers', 'Маг Земли', NULL, '/generated_items/Маг Земли_5ур/Наручи_Камнепада_brasers.png', NULL, NULL, 7, 10, NULL, NULL, NULL, NULL, 7, NULL, NULL, 4, 7, NULL, NULL, NULL, NULL, 5, 18, NULL, 160, NULL, 5, 40, 120, 60, NULL, NULL, 'Маг Земли 5ур: Наручи', 0, 0, 0, 0, 0, 0),
(456, 'Пояс Камнепада', 71, 'belt', 'Маг Земли', NULL, '/generated_items/Маг Земли_5ур/Пояс_Камнепада_belt.png', NULL, NULL, 7, 10, NULL, NULL, NULL, NULL, 7, NULL, NULL, 4, 7, NULL, NULL, NULL, NULL, 5, 18, NULL, 160, NULL, 5, 40, 120, 60, NULL, NULL, 'Маг Земли 5ур: Пояс', 0, 0, 0, 0, 0, 0),
(457, 'Перчатки Камнепада', 71, 'gloves', 'Маг Земли', NULL, '/generated_items/Маг Земли_5ур/Перчатки_Камнепада_gloves.png', NULL, NULL, 8, 12, NULL, NULL, NULL, NULL, 9, NULL, NULL, 5, 8, NULL, NULL, NULL, NULL, 7, 35, NULL, 300, NULL, 5, 50, 180, 90, NULL, NULL, 'Маг Земли 5ур: Перчатки', 0, 0, 0, 0, 0, 0),
(458, 'Сапоги Камнепада', 71, 'boots', 'Маг Земли', NULL, '/generated_items/Маг Земли_5ур/Сапоги_Камнепада_boots.png', NULL, NULL, 7, 10, NULL, NULL, NULL, NULL, 7, NULL, NULL, 4, 7, NULL, NULL, NULL, NULL, 5, 35, NULL, 300, NULL, 5, 50, 180, 90, NULL, NULL, 'Маг Земли 5ур: Сапоги', 0, 0, 0, 0, 0, 0),
(459, 'Серьги Камнепада', 71, 'earrings', 'Маг Земли', NULL, '/generated_items/Маг Земли_5ур/Серьги_Камнепада_earrings.png', NULL, NULL, 7, 8, NULL, NULL, NULL, NULL, 8, NULL, NULL, 4, 6, NULL, NULL, NULL, NULL, 6, 18, NULL, 160, NULL, 5, 30, 90, 50, NULL, NULL, 'Маг Земли 5ур: Серьги', 0, 0, 0, 0, 0, 0),
(460, 'Амулет Камнепада', 71, 'amulet', 'Маг Земли', NULL, '/generated_items/Маг Земли_5ур/Амулет_Камнепада_amulet.png', NULL, NULL, 7, 10, NULL, NULL, NULL, NULL, 8, NULL, NULL, 4, 7, NULL, NULL, NULL, NULL, 6, 18, NULL, 160, NULL, 5, 30, 90, 50, NULL, NULL, 'Маг Земли 5ур: Амулет', 0, 0, 0, 0, 0, 0),
(461, 'Кольцо Камнепада', 71, 'ring', 'Маг Земли', NULL, '/generated_items/Маг Земли_5ур/Кольцо_Камнепада_ring.png', NULL, NULL, 7, 8, NULL, NULL, NULL, NULL, 8, NULL, NULL, 4, 6, NULL, NULL, NULL, NULL, 6, 50, NULL, 380, NULL, 5, 50, 120, 60, NULL, NULL, 'Маг Земли 5ур: Кольцо', 0, 0, 0, 0, 0, 0),
(462, 'Посох Терры', 104, 'weapon', 'Маг Земли', NULL, '/generated_items/Маг Земли_6ур/Посох_Терры_weapon.png', NULL, NULL, 14, 20, NULL, NULL, NULL, NULL, 15, NULL, NULL, 9, 15, NULL, NULL, NULL, NULL, 12, 80, NULL, 0, NULL, 6, 125, 350, 190, NULL, NULL, 'Маг Земли 6ур: Посох', 0, 0, 0, 0, 0, 0),
(463, 'Шлем Терры', 104, 'helm', 'Маг Земли', NULL, '/generated_items/Маг Земли_6ур/Шлем_Терры_helm.png', NULL, NULL, 10, 15, NULL, NULL, NULL, NULL, 12, NULL, NULL, 7, 11, NULL, NULL, NULL, NULL, 9, 0, NULL, 500, NULL, 6, 90, 290, 150, NULL, NULL, 'Маг Земли 6ур: Шлем', 0, 0, 0, 0, 0, 0),
(464, 'Доспех Терры', 104, 'chest', 'Маг Земли', NULL, '/generated_items/Маг Земли_6ур/Доспех_Терры_chest.png', NULL, NULL, 14, 20, NULL, NULL, NULL, NULL, 15, NULL, NULL, 9, 15, NULL, NULL, NULL, NULL, 12, 0, NULL, 850, NULL, 6, 125, 430, 230, NULL, NULL, 'Маг Земли 6ур: Нагрудник', 0, 0, 0, 0, 0, 0),
(465, 'Щит Терры', 104, 'shild', 'Маг Земли', NULL, '/generated_items/Маг Земли_6ур/Щит_Терры_shild.png', NULL, NULL, 10, 15, NULL, NULL, NULL, NULL, 12, NULL, NULL, 7, 11, NULL, NULL, NULL, NULL, 9, 0, NULL, 380, NULL, 6, 65, 230, 120, NULL, NULL, 'Маг Земли 6ур: Щит', 0, 0, 0, 0, 0, 0),
(466, 'Наручи Терры', 104, 'brasers', 'Маг Земли', NULL, '/generated_items/Маг Земли_6ур/Наручи_Терры_brasers.png', NULL, NULL, 9, 12, NULL, NULL, NULL, NULL, 9, NULL, NULL, 6, 9, NULL, NULL, NULL, NULL, 7, 25, NULL, 220, NULL, 6, 55, 160, 80, NULL, NULL, 'Маг Земли 6ур: Наручи', 0, 0, 0, 0, 0, 0),
(467, 'Пояс Терры', 104, 'belt', 'Маг Земли', NULL, '/generated_items/Маг Земли_6ур/Пояс_Терры_belt.png', NULL, NULL, 9, 12, NULL, NULL, NULL, NULL, 9, NULL, NULL, 6, 9, NULL, NULL, NULL, NULL, 7, 25, NULL, 220, NULL, 6, 55, 160, 80, NULL, NULL, 'Маг Земли 6ур: Пояс', 0, 0, 0, 0, 0, 0),
(468, 'Перчатки Терры', 104, 'gloves', 'Маг Земли', NULL, '/generated_items/Маг Земли_6ур/Перчатки_Терры_gloves.png', NULL, NULL, 10, 15, NULL, NULL, NULL, NULL, 12, NULL, NULL, 7, 11, NULL, NULL, NULL, NULL, 9, 50, NULL, 400, NULL, 6, 70, 240, 120, NULL, NULL, 'Маг Земли 6ур: Перчатки', 0, 0, 0, 0, 0, 0),
(469, 'Сапоги Терры', 104, 'boots', 'Маг Земли', NULL, '/generated_items/Маг Земли_6ур/Сапоги_Терры_boots.png', NULL, NULL, 9, 12, NULL, NULL, NULL, NULL, 9, NULL, NULL, 6, 9, NULL, NULL, NULL, NULL, 7, 50, NULL, 400, NULL, 6, 70, 240, 120, NULL, NULL, 'Маг Земли 6ур: Сапоги', 0, 0, 0, 0, 0, 0),
(470, 'Серьги Терры', 104, 'earrings', 'Маг Земли', NULL, '/generated_items/Маг Земли_6ур/Серьги_Терры_earrings.png', NULL, NULL, 9, 10, NULL, NULL, NULL, NULL, 10, NULL, NULL, 6, 7, NULL, NULL, NULL, NULL, 7, 25, NULL, 220, NULL, 6, 40, 120, 65, NULL, NULL, 'Маг Земли 6ур: Серьги', 0, 0, 0, 0, 0, 0),
(471, 'Амулет Терры', 104, 'amulet', 'Маг Земли', NULL, '/generated_items/Маг Земли_6ур/Амулет_Терры_amulet.png', NULL, NULL, 9, 12, NULL, NULL, NULL, NULL, 10, NULL, NULL, 6, 9, NULL, NULL, NULL, NULL, 7, 25, NULL, 220, NULL, 6, 40, 120, 65, NULL, NULL, 'Маг Земли 6ур: Амулет', 0, 0, 0, 0, 0, 0),
(472, 'Кольцо Терры', 104, 'ring', 'Маг Земли', NULL, '/generated_items/Маг Земли_6ур/Кольцо_Терры_ring.png', NULL, NULL, 9, 10, NULL, NULL, NULL, NULL, 10, NULL, NULL, 6, 7, NULL, NULL, NULL, NULL, 7, 70, NULL, 500, NULL, 6, 70, 160, 80, NULL, NULL, 'Маг Земли 6ур: Кольцо', 0, 0, 0, 0, 0, 0),
(473, 'Посох Геи', 148, 'weapon', 'Маг Земли', NULL, '/generated_items/Маг Земли_7ур/Посох_Геи_weapon.png', NULL, NULL, 18, 25, NULL, NULL, NULL, NULL, 19, NULL, NULL, 12, 19, NULL, NULL, NULL, NULL, 15, 105, NULL, 0, NULL, 7, 160, 440, 240, NULL, NULL, 'Маг Земли 7ур: Посох', 0, 0, 0, 0, 0, 0),
(474, 'Шлем Геи', 148, 'helm', 'Маг Земли', NULL, '/generated_items/Маг Земли_7ур/Шлем_Геи_helm.png', NULL, NULL, 13, 19, NULL, NULL, NULL, NULL, 15, NULL, NULL, 9, 14, NULL, NULL, NULL, NULL, 12, 0, NULL, 650, NULL, 7, 120, 360, 190, NULL, NULL, 'Маг Земли 7ур: Шлем', 0, 0, 0, 0, 0, 0),
(475, 'Доспех Геи', 148, 'chest', 'Маг Земли', NULL, '/generated_items/Маг Земли_7ур/Доспех_Геи_chest.png', NULL, NULL, 18, 25, NULL, NULL, NULL, NULL, 19, NULL, NULL, 12, 19, NULL, NULL, NULL, NULL, 15, 0, NULL, 1100, NULL, 7, 160, 540, 290, NULL, NULL, 'Маг Земли 7ур: Нагрудник', 0, 0, 0, 0, 0, 0),
(476, 'Щит Геи', 148, 'shild', 'Маг Земли', NULL, '/generated_items/Маг Земли_7ур/Щит_Геи_shild.png', NULL, NULL, 13, 19, NULL, NULL, NULL, NULL, 15, NULL, NULL, 9, 14, NULL, NULL, NULL, NULL, 12, 0, NULL, 480, NULL, 7, 85, 290, 150, NULL, NULL, 'Маг Земли 7ур: Щит', 0, 0, 0, 0, 0, 0),
(477, 'Наручи Геи', 148, 'brasers', 'Маг Земли', NULL, '/generated_items/Маг Земли_7ур/Наручи_Геи_brasers.png', NULL, NULL, 11, 15, NULL, NULL, NULL, NULL, 12, NULL, NULL, 8, 11, NULL, NULL, NULL, NULL, 9, 35, NULL, 280, NULL, 7, 70, 200, 105, NULL, NULL, 'Маг Земли 7ур: Наручи', 0, 0, 0, 0, 0, 0),
(478, 'Пояс Геи', 148, 'belt', 'Маг Земли', NULL, '/generated_items/Маг Земли_7ур/Пояс_Геи_belt.png', NULL, NULL, 11, 15, NULL, NULL, NULL, NULL, 12, NULL, NULL, 8, 11, NULL, NULL, NULL, NULL, 9, 35, NULL, 280, NULL, 7, 70, 200, 105, NULL, NULL, 'Маг Земли 7ур: Пояс', 0, 0, 0, 0, 0, 0),
(479, 'Перчатки Геи', 148, 'gloves', 'Маг Земли', NULL, '/generated_items/Маг Земли_7ур/Перчатки_Геи_gloves.png', NULL, NULL, 13, 19, NULL, NULL, NULL, NULL, 15, NULL, NULL, 9, 14, NULL, NULL, NULL, NULL, 12, 70, NULL, 520, NULL, 7, 90, 300, 160, NULL, NULL, 'Маг Земли 7ур: Перчатки', 0, 0, 0, 0, 0, 0),
(480, 'Сапоги Геи', 148, 'boots', 'Маг Земли', NULL, '/generated_items/Маг Земли_7ур/Сапоги_Геи_boots.png', NULL, NULL, 11, 15, NULL, NULL, NULL, NULL, 12, NULL, NULL, 8, 11, NULL, NULL, NULL, NULL, 9, 70, NULL, 520, NULL, 7, 90, 300, 160, NULL, NULL, 'Маг Земли 7ур: Сапоги', 0, 0, 0, 0, 0, 0),
(481, 'Серьги Геи', 148, 'earrings', 'Маг Земли', NULL, '/generated_items/Маг Земли_7ур/Серьги_Геи_earrings.png', NULL, NULL, 11, 13, NULL, NULL, NULL, NULL, 13, NULL, NULL, 8, 10, NULL, NULL, NULL, NULL, 10, 35, NULL, 280, NULL, 7, 50, 150, 85, NULL, NULL, 'Маг Земли 7ур: Серьги', 0, 0, 0, 0, 0, 0),
(482, 'Амулет Геи', 148, 'amulet', 'Маг Земли', NULL, '/generated_items/Маг Земли_7ур/Амулет_Геи_amulet.png', NULL, NULL, 11, 15, NULL, NULL, NULL, NULL, 13, NULL, NULL, 8, 11, NULL, NULL, NULL, NULL, 10, 35, NULL, 280, NULL, 7, 50, 150, 85, NULL, NULL, 'Маг Земли 7ур: Амулет', 0, 0, 0, 0, 0, 0),
(483, 'Кольцо Геи', 148, 'ring', 'Маг Земли', NULL, '/generated_items/Маг Земли_7ур/Кольцо_Геи_ring.png', NULL, NULL, 11, 13, NULL, NULL, NULL, NULL, 13, NULL, NULL, 8, 10, NULL, NULL, NULL, NULL, 10, 90, NULL, 650, NULL, 7, 90, 200, 105, NULL, NULL, 'Маг Земли 7ур: Кольцо', 0, 0, 0, 0, 0, 0),
(484, 'Посох Тектоники', 202, 'weapon', 'Маг Земли', NULL, '/generated_items/Маг Земли_8ур/Посох_Тектоники_weapon.png', NULL, NULL, 22, 30, NULL, NULL, NULL, NULL, 23, NULL, NULL, 15, 23, NULL, NULL, NULL, NULL, 18, 130, NULL, 0, NULL, 8, 200, 540, 295, NULL, NULL, 'Маг Земли 8ур: Посох', 0, 0, 0, 0, 0, 0),
(485, 'Шлем Тектоники', 202, 'helm', 'Маг Земли', NULL, '/generated_items/Маг Земли_8ур/Шлем_Тектоники_helm.png', NULL, NULL, 16, 23, NULL, NULL, NULL, NULL, 18, NULL, NULL, 11, 17, NULL, NULL, NULL, NULL, 14, 0, NULL, 800, NULL, 8, 150, 440, 235, NULL, NULL, 'Маг Земли 8ур: Шлем', 0, 0, 0, 0, 0, 0),
(486, 'Доспех Тектоники', 202, 'chest', 'Маг Земли', NULL, '/generated_items/Маг Земли_8ур/Доспех_Тектоники_chest.png', NULL, NULL, 22, 30, NULL, NULL, NULL, NULL, 23, NULL, NULL, 15, 23, NULL, NULL, NULL, NULL, 18, 0, NULL, 1350, NULL, 8, 200, 660, 355, NULL, NULL, 'Маг Земли 8ур: Нагрудник', 0, 0, 0, 0, 0, 0),
(487, 'Щит Тектоники', 202, 'shild', 'Маг Земли', NULL, '/generated_items/Маг Земли_8ур/Щит_Тектоники_shild.png', NULL, NULL, 16, 23, NULL, NULL, NULL, NULL, 18, NULL, NULL, 11, 17, NULL, NULL, NULL, NULL, 14, 0, NULL, 600, NULL, 8, 105, 360, 185, NULL, NULL, 'Маг Земли 8ур: Щит', 0, 0, 0, 0, 0, 0),
(488, 'Наручи Тектоники', 202, 'brasers', 'Маг Земли', NULL, '/generated_items/Маг Земли_8ур/Наручи_Тектоники_brasers.png', NULL, NULL, 14, 19, NULL, NULL, NULL, NULL, 15, NULL, NULL, 10, 14, NULL, NULL, NULL, NULL, 11, 45, NULL, 350, NULL, 8, 90, 250, 130, NULL, NULL, 'Маг Земли 8ур: Наручи', 0, 0, 0, 0, 0, 0),
(489, 'Пояс Тектоники', 202, 'belt', 'Маг Земли', NULL, '/generated_items/Маг Земли_8ур/Пояс_Тектоники_belt.png', NULL, NULL, 14, 19, NULL, NULL, NULL, NULL, 15, NULL, NULL, 10, 14, NULL, NULL, NULL, NULL, 11, 45, NULL, 350, NULL, 8, 90, 250, 130, NULL, NULL, 'Маг Земли 8ур: Пояс', 0, 0, 0, 0, 0, 0),
(490, 'Перчатки Тектоники', 202, 'gloves', 'Маг Земли', NULL, '/generated_items/Маг Земли_8ур/Перчатки_Тектоники_gloves.png', NULL, NULL, 16, 23, NULL, NULL, NULL, NULL, 18, NULL, NULL, 11, 17, NULL, NULL, NULL, NULL, 14, 90, NULL, 650, NULL, 8, 110, 370, 195, NULL, NULL, 'Маг Земли 8ур: Перчатки', 0, 0, 0, 0, 0, 0),
(491, 'Сапоги Тектоники', 202, 'boots', 'Маг Земли', NULL, '/generated_items/Маг Земли_8ур/Сапоги_Тектоники_boots.png', NULL, NULL, 14, 19, NULL, NULL, NULL, NULL, 15, NULL, NULL, 10, 14, NULL, NULL, NULL, NULL, 11, 90, NULL, 650, NULL, 8, 110, 370, 195, NULL, NULL, 'Маг Земли 8ур: Сапоги', 0, 0, 0, 0, 0, 0),
(492, 'Серьги Тектоники', 202, 'earrings', 'Маг Земли', NULL, '/generated_items/Маг Земли_8ур/Серьги_Тектоники_earrings.png', NULL, NULL, 14, 16, NULL, NULL, NULL, NULL, 16, NULL, NULL, 10, 12, NULL, NULL, NULL, NULL, 12, 45, NULL, 350, NULL, 8, 65, 190, 105, NULL, NULL, 'Маг Земли 8ур: Серьги', 0, 0, 0, 0, 0, 0),
(493, 'Амулет Тектоники', 202, 'amulet', 'Маг Земли', NULL, '/generated_items/Маг Земли_8ур/Амулет_Тектоники_amulet.png', NULL, NULL, 14, 19, NULL, NULL, NULL, NULL, 16, NULL, NULL, 10, 14, NULL, NULL, NULL, NULL, 12, 45, NULL, 350, NULL, 8, 65, 190, 105, NULL, NULL, 'Маг Земли 8ур: Амулет', 0, 0, 0, 0, 0, 0),
(494, 'Кольцо Тектоники', 202, 'ring', 'Маг Земли', NULL, '/generated_items/Маг Земли_8ур/Кольцо_Тектоники_ring.png', NULL, NULL, 14, 16, NULL, NULL, NULL, NULL, 16, NULL, NULL, 10, 12, NULL, NULL, NULL, NULL, 12, 110, NULL, 800, NULL, 8, 110, 250, 130, NULL, NULL, 'Маг Земли 8ур: Кольцо', 0, 0, 0, 0, 0, 0),
(495, 'Посhelf Континента', 279, 'weapon', 'Маг Земли', NULL, '/generated_items/Маг Земли_9ур/Посhelf_Континента_weapon.png', NULL, NULL, 27, 37, NULL, NULL, NULL, NULL, 28, NULL, NULL, 18, 28, NULL, NULL, NULL, NULL, 22, 160, NULL, 0, NULL, 9, 245, 660, 360, NULL, NULL, 'Маг Земли 9ур: Посох', 0, 0, 0, 0, 0, 0),
(496, 'Шлем Континента', 279, 'helm', 'Маг Земли', NULL, '/generated_items/Маг Земли_9ур/Шлем_Континента_helm.png', NULL, NULL, 20, 28, NULL, NULL, NULL, NULL, 22, NULL, NULL, 13, 21, NULL, NULL, NULL, NULL, 17, 0, NULL, 1000, NULL, 9, 185, 540, 290, NULL, NULL, 'Маг Земли 9ур: Шлем', 0, 0, 0, 0, 0, 0),
(497, 'Доспех Континента', 279, 'chest', 'Маг Земли', NULL, '/generated_items/Маг Земли_9ур/Доспех_Континента_chest.png', NULL, NULL, 27, 37, NULL, NULL, NULL, NULL, 28, NULL, NULL, 18, 28, NULL, NULL, NULL, NULL, 22, 0, NULL, 1700, NULL, 9, 245, 800, 435, NULL, NULL, 'Маг Земли 9ур: Нагрудник', 0, 0, 0, 0, 0, 0),
(498, 'Щит Континента', 279, 'shild', 'Маг Земли', NULL, '/generated_items/Маг Земли_9ур/Щит_Континента_shild.png', NULL, NULL, 20, 28, NULL, NULL, NULL, NULL, 22, NULL, NULL, 13, 21, NULL, NULL, NULL, NULL, 17, 0, NULL, 750, NULL, 9, 130, 440, 230, NULL, NULL, 'Маг Земли 9ур: Щит', 0, 0, 0, 0, 0, 0),
(499, 'Наручи Континента', 279, 'brasers', 'Маг Земли', NULL, '/generated_items/Маг Земли_9ур/Наручи_Континента_brasers.png', NULL, NULL, 17, 23, NULL, NULL, NULL, NULL, 18, NULL, NULL, 12, 17, NULL, NULL, NULL, NULL, 14, 55, NULL, 450, NULL, 9, 110, 310, 160, NULL, NULL, 'Маг Земли 9ур: Наручи', 0, 0, 0, 0, 0, 0),
(500, 'Пояс Континента', 279, 'belt', 'Маг Земли', NULL, '/generated_items/Маг Земли_9ур/Пояс_Континента_belt.png', NULL, NULL, 17, 23, NULL, NULL, NULL, NULL, 18, NULL, NULL, 12, 17, NULL, NULL, NULL, NULL, 14, 55, NULL, 450, NULL, 9, 110, 310, 160, NULL, NULL, 'Маг Земли 9ур: Пояс', 0, 0, 0, 0, 0, 0),
(501, 'Перчатки Континента', 279, 'gloves', 'Маг Земли', NULL, '/generated_items/Маг Земли_9ур/Перчатки_Континента_gloves.png', NULL, NULL, 20, 28, NULL, NULL, NULL, NULL, 22, NULL, NULL, 13, 21, NULL, NULL, NULL, NULL, 17, 110, NULL, 800, NULL, 9, 135, 450, 240, NULL, NULL, 'Маг Земли 9ур: Перчатки', 0, 0, 0, 0, 0, 0),
(502, 'Сапоги Континента', 279, 'boots', 'Маг Земли', NULL, '/generated_items/Маг Земли_9ур/Сапоги_Континента_boots.png', NULL, NULL, 17, 23, NULL, NULL, NULL, NULL, 18, NULL, NULL, 12, 17, NULL, NULL, NULL, NULL, 14, 110, NULL, 800, NULL, 9, 135, 450, 240, NULL, NULL, 'Маг Земли 9ур: Сапоги', 0, 0, 0, 0, 0, 0),
(503, 'Серьги Континента', 279, 'earrings', 'Маг Земли', NULL, '/generated_items/Маг Земли_9ур/Серьги_Континента_earrings.png', NULL, NULL, 17, 20, NULL, NULL, NULL, NULL, 20, NULL, NULL, 12, 15, NULL, NULL, NULL, NULL, 15, 55, NULL, 450, NULL, 9, 80, 230, 130, NULL, NULL, 'Маг Земли 9ур: Серьги', 0, 0, 0, 0, 0, 0),
(504, 'Амулет Континента', 279, 'amulet', 'Маг Земли', NULL, '/generated_items/Маг Земли_9ур/Амулет_Континента_amulet.png', NULL, NULL, 17, 23, NULL, NULL, NULL, NULL, 20, NULL, NULL, 12, 17, NULL, NULL, NULL, NULL, 15, 55, NULL, 450, NULL, 9, 80, 230, 130, NULL, NULL, 'Маг Земли 9ур: Амулет', 0, 0, 0, 0, 0, 0),
(505, 'Кольцо Континента', 279, 'ring', 'Маг Земли', NULL, '/generated_items/Маг Земли_9ур/Кольцо_Континента_ring.png', NULL, NULL, 17, 20, NULL, NULL, NULL, NULL, 20, NULL, NULL, 12, 15, NULL, NULL, NULL, NULL, 15, 135, NULL, 1000, NULL, 9, 135, 310, 160, NULL, NULL, 'Маг Земли 9ур: Кольцо', 0, 0, 0, 0, 0, 0),
(506, 'Легендарный Посох Земли', 399, 'weapon', 'Маг Земли', NULL, '/generated_items/Маг Земли_10ур/Легендарный_Посох_Земли_weapon.png', NULL, NULL, 33, 45, NULL, NULL, NULL, NULL, 34, NULL, NULL, 22, 34, NULL, NULL, NULL, NULL, 27, 200, NULL, 0, NULL, 10, 300, 800, 440, NULL, NULL, 'Маг Земли 10ур: Посох', 0, 0, 0, 0, 0, 0),
(507, 'Легендарный Шлем Земли', 399, 'helm', 'Маг Земли', NULL, '/generated_items/Маг Земли_10ур/Легендарный_Шлем_Земли_helm.png', NULL, NULL, 24, 34, NULL, NULL, NULL, NULL, 27, NULL, NULL, 16, 26, NULL, NULL, NULL, NULL, 21, 0, NULL, 1250, NULL, 10, 225, 660, 350, NULL, NULL, 'Маг Земли 10ур: Шлем', 0, 0, 0, 0, 0, 0),
(508, 'Легендарный Доспех Земли', 399, 'chest', 'Маг Земли', NULL, '/generated_items/Маг Земли_10ур/Легендарный_Доспех_Земли_chest.png', NULL, NULL, 33, 45, NULL, NULL, NULL, NULL, 34, NULL, NULL, 22, 34, NULL, NULL, NULL, NULL, 27, 0, NULL, 2100, NULL, 10, 300, 980, 530, NULL, NULL, 'Маг Земли 10ур: Нагрудник', 0, 0, 0, 0, 0, 0),
(509, 'Легендарный Щит Земли', 399, 'shild', 'Маг Земли', NULL, '/generated_items/Маг Земли_10ур/Легендарный_Щит_Земли_shild.png', NULL, NULL, 24, 34, NULL, NULL, NULL, NULL, 27, NULL, NULL, 16, 26, NULL, NULL, NULL, NULL, 21, 0, NULL, 950, NULL, 10, 160, 540, 280, NULL, NULL, 'Маг Земли 10ур: Щит', 0, 0, 0, 0, 0, 0),
(510, 'Легендарные Наручи Земли', 399, 'brasers', 'Маг Земли', NULL, '/generated_items/Маг Земли_10ур/Легендарные_Наручи_Земли_brasers.png', NULL, NULL, 21, 28, NULL, NULL, NULL, NULL, 22, NULL, NULL, 14, 21, NULL, NULL, NULL, NULL, 17, 70, NULL, 550, NULL, 10, 135, 380, 200, NULL, NULL, 'Маг Земли 10ур: Наручи', 0, 0, 0, 0, 0, 0),
(511, 'Легендарный Пояс Земли', 399, 'belt', 'Маг Земли', NULL, '/generated_items/Маг Земли_10ур/Легендарный_Пояс_Земли_belt.png', NULL, NULL, 21, 28, NULL, NULL, NULL, NULL, 22, NULL, NULL, 14, 21, NULL, NULL, NULL, NULL, 17, 70, NULL, 550, NULL, 10, 135, 380, 200, NULL, NULL, 'Маг Земли 10ур: Пояс', 0, 0, 0, 0, 0, 0),
(512, 'Легендарные Перчатки Земли', 399, 'gloves', 'Маг Земли', NULL, '/generated_items/Маг Земли_10ур/Легендарные_Перчатки_Земли_gloves.png', NULL, NULL, 24, 34, NULL, NULL, NULL, NULL, 27, NULL, NULL, 16, 26, NULL, NULL, NULL, NULL, 21, 140, NULL, 1000, NULL, 10, 165, 550, 290, NULL, NULL, 'Маг Земли 10ур: Перчатки', 0, 0, 0, 0, 0, 0),
(513, 'Легендарные Сапоги Земли', 399, 'boots', 'Маг Земли', NULL, '/generated_items/Маг Земли_10ур/Легендарные_Сапоги_Земли_boots.png', NULL, NULL, 21, 28, NULL, NULL, NULL, NULL, 22, NULL, NULL, 14, 21, NULL, NULL, NULL, NULL, 17, 140, NULL, 1000, NULL, 10, 165, 550, 290, NULL, NULL, 'Маг Земли 10ур: Сапоги', 0, 0, 0, 0, 0, 0),
(514, 'Легендарные Серьги Земли', 399, 'earrings', 'Маг Земли', NULL, '/generated_items/Маг Земли_10ур/Легендарные_Серьги_Земли_earrings.png', NULL, NULL, 21, 24, NULL, NULL, NULL, NULL, 24, NULL, NULL, 14, 18, NULL, NULL, NULL, NULL, 18, 70, NULL, 550, NULL, 10, 100, 280, 160, NULL, NULL, 'Маг Земли 10ур: Серьги', 0, 0, 0, 0, 0, 0),
(515, 'Легендарный Амулет Земли', 399, 'amulet', 'Маг Земли', NULL, '/generated_items/Маг Земли_10ур/Легендарный_Амулет_Земли_amulet.png', NULL, NULL, 21, 28, NULL, NULL, NULL, NULL, 24, NULL, NULL, 14, 21, NULL, NULL, NULL, NULL, 18, 70, NULL, 550, NULL, 10, 100, 280, 160, NULL, NULL, 'Маг Земли 10ур: Амулет', 0, 0, 0, 0, 0, 0),
(516, 'Легендарное Кольцо Земли', 399, 'ring', 'Маг Земли', NULL, '/generated_items/Маг Земли_10ур/Легендарное_Кольцо_Земли_ring.png', NULL, NULL, 21, 24, NULL, NULL, NULL, NULL, 24, NULL, NULL, 14, 18, NULL, NULL, NULL, NULL, 18, 170, NULL, 1250, NULL, 10, 165, 380, 200, NULL, NULL, 'Маг Земли 10ур: Кольцо', 0, 0, 0, 0, 0, 0),
(517, 'Водный Посох', 11, 'weapon', 'Маг Воды', NULL, '/generated_items/Маг Воды_2ур/Водный_Посох_weapon.png', NULL, NULL, 3, 5, NULL, NULL, 4, NULL, NULL, NULL, NULL, 2, 4, NULL, NULL, 3, NULL, NULL, 20, NULL, 0, NULL, 2, 30, 100, 50, NULL, NULL, 'Маг Воды 2ур: Посох', 0, 0, 0, 0, 0, 0),
(518, 'Водный Шлем', 11, 'helm', 'Маг Воды', NULL, '/generated_items/Маг Воды_2ур/Водный_Шлем_helm.png', NULL, NULL, 2, 4, NULL, NULL, 3, NULL, NULL, NULL, NULL, 1, 3, NULL, NULL, 2, NULL, NULL, 0, NULL, 150, NULL, 2, 20, 80, 40, NULL, NULL, 'Маг Воды 2ур: Шлем', 0, 0, 0, 0, 0, 0),
(519, 'Водный Доспех', 11, 'chest', 'Маг Воды', NULL, '/generated_items/Маг Воды_2ур/Водный_Доспех_chest.png', NULL, NULL, 3, 5, NULL, NULL, 4, NULL, NULL, NULL, NULL, 2, 4, NULL, NULL, 3, NULL, NULL, 0, NULL, 250, NULL, 2, 30, 120, 60, NULL, NULL, 'Маг Воды 2ур: Нагрудник', 0, 0, 0, 0, 0, 0),
(520, 'Водный Щит', 11, 'shild', 'Маг Воды', NULL, '/generated_items/Маг Воды_2ур/Водный_Щит_shild.png', NULL, NULL, 2, 4, NULL, NULL, 3, NULL, NULL, NULL, NULL, 1, 3, NULL, NULL, 2, NULL, NULL, 0, NULL, 100, NULL, 2, 15, 60, 30, NULL, NULL, 'Маг Воды 2ур: Щит', 0, 0, 0, 0, 0, 0),
(521, 'Водные Наручи', 11, 'brasers', 'Маг Воды', NULL, '/generated_items/Маг Воды_2ур/Водные_Наручи_brasers.png', NULL, NULL, 2, 3, NULL, NULL, 2, NULL, NULL, NULL, NULL, 1, 2, NULL, NULL, 1, NULL, NULL, 5, NULL, 50, NULL, 2, 10, 40, 20, NULL, NULL, 'Маг Воды 2ур: Наручи', 0, 0, 0, 0, 0, 0);
INSERT INTO `item` (`id`, `name`, `cost`, `type`, `class`, `exec`, `img`, `n_str`, `n_dex`, `n_end`, `n_inte`, `n_intu`, `n_fire`, `n_water`, `n_air`, `n_earth`, `str`, `dex`, `end`, `inte`, `intu`, `fire`, `water`, `air`, `earth`, `damage`, `defence`, `health`, `mana`, `n_level`, `crit`, `anticrit`, `mdef`, `evaision`, `aeveision`, `description`, `regenerated`, `complite`, `isArt`, `isCraft`, `cost_ekr`, `repa`) VALUES
(522, 'Водный Пояс', 11, 'belt', 'Маг Воды', NULL, '/generated_items/Маг Воды_2ур/Водный_Пояс_belt.png', NULL, NULL, 2, 3, NULL, NULL, 2, NULL, NULL, NULL, NULL, 1, 2, NULL, NULL, 1, NULL, NULL, 5, NULL, 50, NULL, 2, 10, 40, 20, NULL, NULL, 'Маг Воды 2ур: Пояс', 0, 0, 0, 0, 0, 0),
(523, 'Водные Перчатки', 11, 'gloves', 'Маг Воды', NULL, '/generated_items/Маг Воды_2ур/Водные_Перчатки_gloves.png', NULL, NULL, 2, 4, NULL, NULL, 3, NULL, NULL, NULL, NULL, 1, 3, NULL, NULL, 2, NULL, NULL, 10, NULL, 100, NULL, 2, 15, 60, 30, NULL, NULL, 'Маг Воды 2ур: Перчатки', 0, 0, 0, 0, 0, 0),
(524, 'Водные Сапоги', 11, 'boots', 'Маг Воды', NULL, '/generated_items/Маг Воды_2ур/Водные_Сапоги_boots.png', NULL, NULL, 2, 3, NULL, NULL, 2, NULL, NULL, NULL, NULL, 1, 2, NULL, NULL, 1, NULL, NULL, 10, NULL, 100, NULL, 2, 15, 60, 30, NULL, NULL, 'Маг Воды 2ур: Сапоги', 0, 0, 0, 0, 0, 0),
(525, 'Водные Серьги', 11, 'earrings', 'Маг Воды', NULL, '/generated_items/Маг Воды_2ур/Водные_Серьги_earrings.png', NULL, NULL, 2, 2, NULL, NULL, 2, NULL, NULL, NULL, NULL, 1, 1, NULL, NULL, 1, NULL, NULL, 5, NULL, 50, NULL, 2, 10, 30, 15, NULL, NULL, 'Маг Воды 2ур: Серьги', 0, 0, 0, 0, 0, 0),
(526, 'Водный Амулет', 11, 'amulet', 'Маг Воды', NULL, '/generated_items/Маг Воды_2ур/Водный_Амулет_amulet.png', NULL, NULL, 2, 3, NULL, NULL, 2, NULL, NULL, NULL, NULL, 1, 2, NULL, NULL, 1, NULL, NULL, 5, NULL, 50, NULL, 2, 10, 30, 15, NULL, NULL, 'Маг Воды 2ур: Амулет', 0, 0, 0, 0, 0, 0),
(527, 'Водное Кольцо', 11, 'ring', 'Маг Воды', NULL, '/generated_items/Маг Воды_2ур/Водное_Кольцо_ring.png', NULL, NULL, 2, 2, NULL, NULL, 2, NULL, NULL, NULL, NULL, 1, 1, NULL, NULL, 1, NULL, NULL, 10, NULL, 100, NULL, 2, 15, 40, 20, NULL, NULL, 'Маг Воды 2ур: Кольцо', 0, 0, 0, 0, 0, 0),
(528, 'Ледяной Посох Аквы', 23, 'weapon', 'Маг Воды', NULL, '/generated_items/Маг Воды_3ур/Ледяной_Посох_Аквы_weapon.png', NULL, NULL, 5, 8, NULL, NULL, 6, NULL, NULL, NULL, NULL, 3, 6, NULL, NULL, 5, NULL, NULL, 30, NULL, 0, NULL, 3, 50, 150, 75, NULL, NULL, 'Маг Воды 3ур: Посох', 0, 0, 0, 0, 0, 0),
(529, 'Ледяной Шлем Аквы', 23, 'helm', 'Маг Воды', NULL, '/generated_items/Маг Воды_3ур/Ледяной_Шлем_Аквы_helm.png', NULL, NULL, 4, 6, NULL, NULL, 5, NULL, NULL, NULL, NULL, 2, 4, NULL, NULL, 4, NULL, NULL, 0, NULL, 200, NULL, 3, 35, 120, 60, NULL, NULL, 'Маг Воды 3ур: Шлем', 0, 0, 0, 0, 0, 0),
(530, 'Ледяной Доспех Аквы', 23, 'chest', 'Маг Воды', NULL, '/generated_items/Маг Воды_3ур/Ледяной_Доспех_Аквы_chest.png', NULL, NULL, 5, 8, NULL, NULL, 6, NULL, NULL, NULL, NULL, 3, 6, NULL, NULL, 5, NULL, NULL, 0, NULL, 350, NULL, 3, 50, 180, 90, NULL, NULL, 'Маг Воды 3ур: Нагрудник', 0, 0, 0, 0, 0, 0),
(531, 'Ледяной Щит Аквы', 23, 'shild', 'Маг Воды', NULL, '/generated_items/Маг Воды_3ур/Ледяной_Щит_Аквы_shild.png', NULL, NULL, 4, 6, NULL, NULL, 5, NULL, NULL, NULL, NULL, 2, 4, NULL, NULL, 4, NULL, NULL, 0, NULL, 150, NULL, 3, 25, 90, 45, NULL, NULL, 'Маг Воды 3ур: Щит', 0, 0, 0, 0, 0, 0),
(532, 'Ледяные Наручи Аквы', 23, 'brasers', 'Маг Воды', NULL, '/generated_items/Маг Воды_3ур/Ледяные_Наручи_Аквы_brasers.png', NULL, NULL, 3, 5, NULL, NULL, 4, NULL, NULL, NULL, NULL, 2, 3, NULL, NULL, 3, NULL, NULL, 8, NULL, 80, NULL, 3, 20, 60, 30, NULL, NULL, 'Маг Воды 3ур: Наручи', 0, 0, 0, 0, 0, 0),
(533, 'Ледяной Пояс Аквы', 23, 'belt', 'Маг Воды', NULL, '/generated_items/Маг Воды_3ур/Ледяной_Пояс_Аквы_belt.png', NULL, NULL, 3, 5, NULL, NULL, 4, NULL, NULL, NULL, NULL, 2, 3, NULL, NULL, 3, NULL, NULL, 8, NULL, 80, NULL, 3, 20, 60, 30, NULL, NULL, 'Маг Воды 3ур: Пояс', 0, 0, 0, 0, 0, 0),
(534, 'Ледяные Перчатки Аквы', 23, 'gloves', 'Маг Воды', NULL, '/generated_items/Маг Воды_3ур/Ледяные_Перчатки_Аквы_gloves.png', NULL, NULL, 4, 6, NULL, NULL, 5, NULL, NULL, NULL, NULL, 2, 4, NULL, NULL, 4, NULL, NULL, 15, NULL, 150, NULL, 3, 25, 90, 45, NULL, NULL, 'Маг Воды 3ур: Перчатки', 0, 0, 0, 0, 0, 0),
(535, 'Ледяные Сапоги Аквы', 23, 'boots', 'Маг Воды', NULL, '/generated_items/Маг Воды_3ур/Ледяные_Сапоги_Аквы_boots.png', NULL, NULL, 3, 5, NULL, NULL, 4, NULL, NULL, NULL, NULL, 2, 3, NULL, NULL, 3, NULL, NULL, 15, NULL, 150, NULL, 3, 25, 90, 45, NULL, NULL, 'Маг Воды 3ур: Сапоги', 0, 0, 0, 0, 0, 0),
(536, 'Ледяные Серьги Аквы', 23, 'earrings', 'Маг Воды', NULL, '/generated_items/Маг Воды_3ур/Ледяные_Серьги_Аквы_earrings.png', NULL, NULL, 3, 4, NULL, NULL, 4, NULL, NULL, NULL, NULL, 2, 2, NULL, NULL, 2, NULL, NULL, 8, NULL, 80, NULL, 3, 15, 45, 25, NULL, NULL, 'Маг Воды 3ур: Серьги', 0, 0, 0, 0, 0, 0),
(537, 'Ледяной Амулет Аквы', 23, 'amulet', 'Маг Воды', NULL, '/generated_items/Маг Воды_3ур/Ледяной_Амулет_Аквы_amulet.png', NULL, NULL, 3, 5, NULL, NULL, 4, NULL, NULL, NULL, NULL, 2, 3, NULL, NULL, 3, NULL, NULL, 8, NULL, 80, NULL, 3, 15, 45, 25, NULL, NULL, 'Маг Воды 3ур: Амулет', 0, 0, 0, 0, 0, 0),
(538, 'Ледяное Кольцо Аквы', 23, 'ring', 'Маг Воды', NULL, '/generated_items/Маг Воды_3ур/Ледяное_Кольцо_Аквы_ring.png', NULL, NULL, 3, 4, NULL, NULL, 4, NULL, NULL, NULL, NULL, 2, 2, NULL, NULL, 2, NULL, NULL, 20, NULL, 150, NULL, 3, 25, 60, 30, NULL, NULL, 'Маг Воды 3ур: Кольцо', 0, 0, 0, 0, 0, 0),
(561, 'Посох Океанида', 43, 'weapon', 'Маг Воды', NULL, '/generated_items/Маг Воды_4ур/Посох_Океанида_weapon.png', NULL, NULL, 8, 12, NULL, NULL, 9, NULL, NULL, NULL, NULL, 5, 9, NULL, NULL, 7, NULL, NULL, 45, NULL, 0, NULL, 4, 70, 210, 110, NULL, NULL, 'Маг Воды 4ур: Посох', 0, 0, 0, 0, 0, 0),
(562, 'Шлем Океанида', 43, 'helm', 'Маг Воды', NULL, '/generated_items/Маг Воды_4ур/Шлем_Океанида_helm.png', NULL, NULL, 6, 9, NULL, NULL, 7, NULL, NULL, NULL, NULL, 4, 6, NULL, NULL, 5, NULL, NULL, 0, NULL, 280, NULL, 4, 50, 170, 85, NULL, NULL, 'Маг Воды 4ур: Шлем', 0, 0, 0, 0, 0, 0),
(563, 'Доспех Океанида', 43, 'chest', 'Маг Воды', NULL, '/generated_items/Маг Воды_4ур/Доспех_Океанида_chest.png', NULL, NULL, 8, 12, NULL, NULL, 9, NULL, NULL, NULL, NULL, 5, 9, NULL, NULL, 7, NULL, NULL, 0, NULL, 480, NULL, 4, 70, 250, 130, NULL, NULL, 'Маг Воды 4ур: Нагрудник', 0, 0, 0, 0, 0, 0),
(564, 'Щит Океанида', 43, 'shild', 'Маг Воды', NULL, '/generated_items/Маг Воды_4ур/Щит_Океанида_shild.png', NULL, NULL, 6, 9, NULL, NULL, 7, NULL, NULL, NULL, NULL, 4, 6, NULL, NULL, 5, NULL, NULL, 0, NULL, 200, NULL, 4, 35, 130, 65, NULL, NULL, 'Маг Воды 4ур: Щит', 0, 0, 0, 0, 0, 0),
(565, 'Наручи Океанида', 43, 'brasers', 'Маг Воды', NULL, '/generated_items/Маг Воды_4ур/Наручи_Океанида_brasers.png', NULL, NULL, 5, 7, NULL, NULL, 5, NULL, NULL, NULL, NULL, 3, 5, NULL, NULL, 4, NULL, NULL, 12, NULL, 120, NULL, 4, 30, 85, 45, NULL, NULL, 'Маг Воды 4ур: Наручи', 0, 0, 0, 0, 0, 0),
(566, 'Пояс Океанида', 43, 'belt', 'Маг Воды', NULL, '/generated_items/Маг Воды_4ур/Пояс_Океанида_belt.png', NULL, NULL, 5, 7, NULL, NULL, 5, NULL, NULL, NULL, NULL, 3, 5, NULL, NULL, 4, NULL, NULL, 12, NULL, 120, NULL, 4, 30, 85, 45, NULL, NULL, 'Маг Воды 4ур: Пояс', 0, 0, 0, 0, 0, 0),
(567, 'Перчатки Океанида', 43, 'gloves', 'Маг Воды', NULL, '/generated_items/Маг Воды_4ур/Перчатки_Океанида_gloves.png', NULL, NULL, 6, 9, NULL, NULL, 7, NULL, NULL, NULL, NULL, 4, 6, NULL, NULL, 5, NULL, NULL, 25, NULL, 220, NULL, 4, 35, 130, 65, NULL, NULL, 'Маг Воды 4ур: Перчатки', 0, 0, 0, 0, 0, 0),
(568, 'Сапоги Океанида', 43, 'boots', 'Маг Воды', NULL, '/generated_items/Маг Воды_4ур/Сапоги_Океанида_boots.png', NULL, NULL, 5, 7, NULL, NULL, 5, NULL, NULL, NULL, NULL, 3, 5, NULL, NULL, 4, NULL, NULL, 25, NULL, 220, NULL, 4, 35, 130, 65, NULL, NULL, 'Маг Воды 4ур: Сапоги', 0, 0, 0, 0, 0, 0),
(569, 'Серьги Океанида', 43, 'earrings', 'Маг Воды', NULL, '/generated_items/Маг Воды_4ур/Серьги_Океанида_earrings.png', NULL, NULL, 5, 6, NULL, NULL, 6, NULL, NULL, NULL, NULL, 3, 4, NULL, NULL, 4, NULL, NULL, 12, NULL, 120, NULL, 4, 20, 65, 35, NULL, NULL, 'Маг Воды 4ур: Серьги', 0, 0, 0, 0, 0, 0),
(570, 'Амулет Океанида', 43, 'amulet', 'Маг Воды', NULL, '/generated_items/Маг Воды_4ур/Амулет_Океанида_amulet.png', NULL, NULL, 5, 7, NULL, NULL, 6, NULL, NULL, NULL, NULL, 3, 5, NULL, NULL, 4, NULL, NULL, 12, NULL, 120, NULL, 4, 20, 65, 35, NULL, NULL, 'Маг Воды 4ур: Амулет', 0, 0, 0, 0, 0, 0),
(571, 'Кольцо Океанида', 43, 'ring', 'Маг Воды', NULL, '/generated_items/Маг Воды_4ур/Кольцо_Океанида_ring.png', NULL, NULL, 5, 6, NULL, NULL, 6, NULL, NULL, NULL, NULL, 3, 4, NULL, NULL, 4, NULL, NULL, 35, NULL, 280, NULL, 4, 35, 85, 45, NULL, NULL, 'Маг Воды 4ур: Кольцо', 0, 0, 0, 0, 0, 0),
(572, 'Посох Цунами', 71, 'weapon', 'Маг Воды', NULL, '/generated_items/Маг Воды_5ур/Посох_Цунами_weapon.png', NULL, NULL, 11, 16, NULL, NULL, 12, NULL, NULL, NULL, NULL, 7, 12, NULL, NULL, 9, NULL, NULL, 60, NULL, 0, NULL, 5, 95, 280, 145, NULL, NULL, 'Маг Воды 5ур: Посох', 0, 0, 0, 0, 0, 0),
(573, 'Шлем Цунами', 71, 'helm', 'Маг Воды', NULL, '/generated_items/Маг Воды_5ур/Шлем_Цунами_helm.png', NULL, NULL, 8, 12, NULL, NULL, 9, NULL, NULL, NULL, NULL, 5, 8, NULL, NULL, 7, NULL, NULL, 0, NULL, 380, NULL, 5, 70, 230, 115, NULL, NULL, 'Маг Воды 5ур: Шлем', 0, 0, 0, 0, 0, 0),
(574, 'Доспех Цунами', 71, 'chest', 'Маг Воды', NULL, '/generated_items/Маг Воды_5ур/Доспех_Цунами_chest.png', NULL, NULL, 11, 16, NULL, NULL, 12, NULL, NULL, NULL, NULL, 7, 12, NULL, NULL, 9, NULL, NULL, 0, NULL, 650, NULL, 5, 95, 340, 175, NULL, NULL, 'Маг Воды 5ур: Нагрудник', 0, 0, 0, 0, 0, 0),
(575, 'Щит Цунами', 71, 'shild', 'Маг Воды', NULL, '/generated_items/Маг Воды_5ур/Щит_Цунами_shild.png', NULL, NULL, 8, 12, NULL, NULL, 9, NULL, NULL, NULL, NULL, 5, 8, NULL, NULL, 7, NULL, NULL, 0, NULL, 280, NULL, 5, 50, 180, 90, NULL, NULL, 'Маг Воды 5ур: Щит', 0, 0, 0, 0, 0, 0),
(576, 'Наручи Цунами', 71, 'brasers', 'Маг Воды', NULL, '/generated_items/Маг Воды_5ур/Наручи_Цунами_brasers.png', NULL, NULL, 7, 10, NULL, NULL, 7, NULL, NULL, NULL, NULL, 4, 7, NULL, NULL, 5, NULL, NULL, 18, NULL, 160, NULL, 5, 40, 120, 60, NULL, NULL, 'Маг Воды 5ур: Наручи', 0, 0, 0, 0, 0, 0),
(577, 'Пояс Цунами', 71, 'belt', 'Маг Воды', NULL, '/generated_items/Маг Воды_5ур/Пояс_Цунами_belt.png', NULL, NULL, 7, 10, NULL, NULL, 7, NULL, NULL, NULL, NULL, 4, 7, NULL, NULL, 5, NULL, NULL, 18, NULL, 160, NULL, 5, 40, 120, 60, NULL, NULL, 'Маг Воды 5ур: Пояс', 0, 0, 0, 0, 0, 0),
(578, 'Перчатки Цунами', 71, 'gloves', 'Маг Воды', NULL, '/generated_items/Маг Воды_5ур/Перчатки_Цунами_gloves.png', NULL, NULL, 8, 12, NULL, NULL, 9, NULL, NULL, NULL, NULL, 5, 8, NULL, NULL, 7, NULL, NULL, 35, NULL, 300, NULL, 5, 50, 180, 90, NULL, NULL, 'Маг Воды 5ур: Перчатки', 0, 0, 0, 0, 0, 0),
(579, 'Сапоги Цунами', 71, 'boots', 'Маг Воды', NULL, '/generated_items/Маг Воды_5ур/Сапоги_Цунами_boots.png', NULL, NULL, 7, 10, NULL, NULL, 7, NULL, NULL, NULL, NULL, 4, 7, NULL, NULL, 5, NULL, NULL, 35, NULL, 300, NULL, 5, 50, 180, 90, NULL, NULL, 'Маг Воды 5ур: Сапоги', 0, 0, 0, 0, 0, 0),
(580, 'Серьги Цунами', 71, 'earrings', 'Маг Воды', NULL, '/generated_items/Маг Воды_5ур/Серьги_Цунами_earrings.png', NULL, NULL, 7, 8, NULL, NULL, 8, NULL, NULL, NULL, NULL, 4, 6, NULL, NULL, 6, NULL, NULL, 18, NULL, 160, NULL, 5, 30, 90, 50, NULL, NULL, 'Маг Воды 5ур: Серьги', 0, 0, 0, 0, 0, 0),
(581, 'Амулет Цунами', 71, 'amulet', 'Маг Воды', NULL, '/generated_items/Маг Воды_5ур/Амулет_Цунами_amulet.png', NULL, NULL, 7, 10, NULL, NULL, 8, NULL, NULL, NULL, NULL, 4, 7, NULL, NULL, 6, NULL, NULL, 18, NULL, 160, NULL, 5, 30, 90, 50, NULL, NULL, 'Маг Воды 5ур: Амулет', 0, 0, 0, 0, 0, 0),
(582, 'Кольцо Цунами', 71, 'ring', 'Маг Воды', NULL, '/generated_items/Маг Воды_5ур/Кольцо_Цунами_ring.png', NULL, NULL, 7, 8, NULL, NULL, 8, NULL, NULL, NULL, NULL, 4, 6, NULL, NULL, 6, NULL, NULL, 50, NULL, 380, NULL, 5, 50, 120, 60, NULL, NULL, 'Маг Воды 5ур: Кольцо', 0, 0, 0, 0, 0, 0),
(583, 'Посох Нептуна', 104, 'weapon', 'Маг Воды', NULL, '/generated_items/Маг Воды_6ур/Посох_Нептуна_weapon.png', NULL, NULL, 14, 20, NULL, NULL, 15, NULL, NULL, NULL, NULL, 9, 15, NULL, NULL, 12, NULL, NULL, 80, NULL, 0, NULL, 6, 125, 350, 190, NULL, NULL, 'Маг Воды 6ур: Посох', 0, 0, 0, 0, 0, 0),
(584, 'Шлем Нептуна', 104, 'helm', 'Маг Воды', NULL, '/generated_items/Маг Воды_6ур/Шлем_Нептуна_helm.png', NULL, NULL, 10, 15, NULL, NULL, 12, NULL, NULL, NULL, NULL, 7, 11, NULL, NULL, 9, NULL, NULL, 0, NULL, 500, NULL, 6, 90, 290, 150, NULL, NULL, 'Маг Воды 6ур: Шлем', 0, 0, 0, 0, 0, 0),
(585, 'Доспех Нептуна', 104, 'chest', 'Маг Воды', NULL, '/generated_items/Маг Воды_6ур/Доспех_Нептуна_chest.png', NULL, NULL, 14, 20, NULL, NULL, 15, NULL, NULL, NULL, NULL, 9, 15, NULL, NULL, 12, NULL, NULL, 0, NULL, 850, NULL, 6, 125, 430, 230, NULL, NULL, 'Маг Воды 6ур: Нагрудник', 0, 0, 0, 0, 0, 0),
(586, 'Щит Нептуна', 104, 'shild', 'Маг Воды', NULL, '/generated_items/Маг Воды_6ур/Щит_Нептуна_shild.png', NULL, NULL, 10, 15, NULL, NULL, 12, NULL, NULL, NULL, NULL, 7, 11, NULL, NULL, 9, NULL, NULL, 0, NULL, 380, NULL, 6, 65, 230, 120, NULL, NULL, 'Маг Воды 6ур: Щит', 0, 0, 0, 0, 0, 0),
(587, 'Наручи Нептуна', 104, 'brasers', 'Маг Воды', NULL, '/generated_items/Маг Воды_6ур/Наручи_Нептуна_brasers.png', NULL, NULL, 9, 12, NULL, NULL, 9, NULL, NULL, NULL, NULL, 6, 9, NULL, NULL, 7, NULL, NULL, 25, NULL, 220, NULL, 6, 55, 160, 80, NULL, NULL, 'Маг Воды 6ур: Наручи', 0, 0, 0, 0, 0, 0),
(588, 'Пояс Нептуна', 104, 'belt', 'Маг Воды', NULL, '/generated_items/Маг Воды_6ур/Пояс_Нептуна_belt.png', NULL, NULL, 9, 12, NULL, NULL, 9, NULL, NULL, NULL, NULL, 6, 9, NULL, NULL, 7, NULL, NULL, 25, NULL, 220, NULL, 6, 55, 160, 80, NULL, NULL, 'Маг Воды 6ур: Пояс', 0, 0, 0, 0, 0, 0),
(589, 'Перчатки Нептуна', 104, 'gloves', 'Маг Воды', NULL, '/generated_items/Маг Воды_6ур/Перчатки_Нептуна_gloves.png', NULL, NULL, 10, 15, NULL, NULL, 12, NULL, NULL, NULL, NULL, 7, 11, NULL, NULL, 9, NULL, NULL, 50, NULL, 400, NULL, 6, 70, 240, 120, NULL, NULL, 'Маг Воды 6ур: Перчатки', 0, 0, 0, 0, 0, 0),
(590, 'Сапоги Нептуна', 104, 'boots', 'Маг Воды', NULL, '/generated_items/Маг Воды_6ур/Сапоги_Нептуна_boots.png', NULL, NULL, 9, 12, NULL, NULL, 9, NULL, NULL, NULL, NULL, 6, 9, NULL, NULL, 7, NULL, NULL, 50, NULL, 400, NULL, 6, 70, 240, 120, NULL, NULL, 'Маг Воды 6ур: Сапоги', 0, 0, 0, 0, 0, 0),
(591, 'Серьги Нептуна', 104, 'earrings', 'Маг Воды', NULL, '/generated_items/Маг Воды_6ур/Серьги_Нептуна_earrings.png', NULL, NULL, 9, 10, NULL, NULL, 10, NULL, NULL, NULL, NULL, 6, 7, NULL, NULL, 7, NULL, NULL, 25, NULL, 220, NULL, 6, 40, 120, 65, NULL, NULL, 'Маг Воды 6ур: Серьги', 0, 0, 0, 0, 0, 0),
(592, 'Амулет Нептуна', 104, 'amulet', 'Маг Воды', NULL, '/generated_items/Маг Воды_6ур/Амулет_Нептуна_amulet.png', NULL, NULL, 9, 12, NULL, NULL, 10, NULL, NULL, NULL, NULL, 6, 9, NULL, NULL, 7, NULL, NULL, 25, NULL, 220, NULL, 6, 40, 120, 65, NULL, NULL, 'Маг Воды 6ур: Амулет', 0, 0, 0, 0, 0, 0),
(593, 'Кольцо Нептуна', 104, 'ring', 'Маг Воды', NULL, '/generated_items/Маг Воды_6ур/Кольцо_Нептуна_ring.png', NULL, NULL, 9, 10, NULL, NULL, 10, NULL, NULL, NULL, NULL, 6, 7, NULL, NULL, 7, NULL, NULL, 70, NULL, 500, NULL, 6, 70, 160, 80, NULL, NULL, 'Маг Воды 6ур: Кольцо', 0, 0, 0, 0, 0, 0),
(594, 'Посох Посейдона', 148, 'weapon', 'Маг Воды', NULL, '/generated_items/Маг Воды_7ур/Посох_Посейдона_weapon.png', NULL, NULL, 18, 25, NULL, NULL, 19, NULL, NULL, NULL, NULL, 12, 19, NULL, NULL, 15, NULL, NULL, 105, NULL, 0, NULL, 7, 160, 440, 240, NULL, NULL, 'Маг Воды 7ур: Посох', 0, 0, 0, 0, 0, 0),
(595, 'Шлем Посейдона', 148, 'helm', 'Маг Воды', NULL, '/generated_items/Маг Воды_7ур/Шлем_Посейдона_helm.png', NULL, NULL, 13, 19, NULL, NULL, 15, NULL, NULL, NULL, NULL, 9, 14, NULL, NULL, 12, NULL, NULL, 0, NULL, 650, NULL, 7, 120, 360, 190, NULL, NULL, 'Маг Воды 7ур: Шлем', 0, 0, 0, 0, 0, 0),
(596, 'Доспех Посейдона', 148, 'chest', 'Маг Воды', NULL, '/generated_items/Маг Воды_7ур/Доспех_Посейдона_chest.png', NULL, NULL, 18, 25, NULL, NULL, 19, NULL, NULL, NULL, NULL, 12, 19, NULL, NULL, 15, NULL, NULL, 0, NULL, 1100, NULL, 7, 160, 540, 290, NULL, NULL, 'Маг Воды 7ур: Нагрудник', 0, 0, 0, 0, 0, 0),
(597, 'Щит Посейдона', 148, 'shild', 'Маг Воды', NULL, '/generated_items/Маг Воды_7ур/Щит_Посейдона_shild.png', NULL, NULL, 13, 19, NULL, NULL, 15, NULL, NULL, NULL, NULL, 9, 14, NULL, NULL, 12, NULL, NULL, 0, NULL, 480, NULL, 7, 85, 290, 150, NULL, NULL, 'Маг Воды 7ур: Щит', 0, 0, 0, 0, 0, 0),
(598, 'Наручи Посейдона', 148, 'brasers', 'Маг Воды', NULL, '/generated_items/Маг Воды_7ур/Наручи_Посейдона_brasers.png', NULL, NULL, 11, 15, NULL, NULL, 12, NULL, NULL, NULL, NULL, 8, 11, NULL, NULL, 9, NULL, NULL, 35, NULL, 280, NULL, 7, 70, 200, 105, NULL, NULL, 'Маг Воды 7ур: Наручи', 0, 0, 0, 0, 0, 0),
(599, 'Пояс Посейдона', 148, 'belt', 'Маг Воды', NULL, '/generated_items/Маг Воды_7ур/Пояс_Посейдона_belt.png', NULL, NULL, 11, 15, NULL, NULL, 12, NULL, NULL, NULL, NULL, 8, 11, NULL, NULL, 9, NULL, NULL, 35, NULL, 280, NULL, 7, 70, 200, 105, NULL, NULL, 'Маг Воды 7ур: Пояс', 0, 0, 0, 0, 0, 0),
(600, 'Перчатки Посейдона', 148, 'gloves', 'Маг Воды', NULL, '/generated_items/Маг Воды_7ур/Перчатки_Посейдона_gloves.png', NULL, NULL, 13, 19, NULL, NULL, 15, NULL, NULL, NULL, NULL, 9, 14, NULL, NULL, 12, NULL, NULL, 70, NULL, 520, NULL, 7, 90, 300, 160, NULL, NULL, 'Маг Воды 7ур: Перчатки', 0, 0, 0, 0, 0, 0),
(601, 'Сапоги Посейдона', 148, 'boots', 'Маг Воды', NULL, '/generated_items/Маг Воды_7ур/Сапоги_Посейдона_boots.png', NULL, NULL, 11, 15, NULL, NULL, 12, NULL, NULL, NULL, NULL, 8, 11, NULL, NULL, 9, NULL, NULL, 70, NULL, 520, NULL, 7, 90, 300, 160, NULL, NULL, 'Маг Воды 7ур: Сапоги', 0, 0, 0, 0, 0, 0),
(602, 'Серьги Посейдона', 148, 'earrings', 'Маг Воды', NULL, '/generated_items/Маг Воды_7ур/Серьги_Посейдона_earrings.png', NULL, NULL, 11, 13, NULL, NULL, 13, NULL, NULL, NULL, NULL, 8, 10, NULL, NULL, 10, NULL, NULL, 35, NULL, 280, NULL, 7, 50, 150, 85, NULL, NULL, 'Маг Воды 7ур: Серьги', 0, 0, 0, 0, 0, 0),
(603, 'Амулет Посейдона', 148, 'amulet', 'Маг Воды', NULL, '/generated_items/Маг Воды_7ур/Амулет_Посейдона_amulet.png', NULL, NULL, 11, 15, NULL, NULL, 13, NULL, NULL, NULL, NULL, 8, 11, NULL, NULL, 10, NULL, NULL, 35, NULL, 280, NULL, 7, 50, 150, 85, NULL, NULL, 'Маг Воды 7ур: Амулет', 0, 0, 0, 0, 0, 0),
(604, 'Кольцо Посейдона', 148, 'ring', 'Маг Воды', NULL, '/generated_items/Маг Воды_7ур/Кольцо_Посейдона_ring.png', NULL, NULL, 11, 13, NULL, NULL, 13, NULL, NULL, NULL, NULL, 8, 10, NULL, NULL, 10, NULL, NULL, 90, NULL, 650, NULL, 7, 90, 200, 105, NULL, NULL, 'Маг Воды 7ур: Кольцо', 0, 0, 0, 0, 0, 0),
(605, 'Посох Марины', 202, 'weapon', 'Маг Воды', NULL, '/generated_items/Маг Воды_8ур/Посох_Марины_weapon.png', NULL, NULL, 22, 30, NULL, NULL, 23, NULL, NULL, NULL, NULL, 15, 23, NULL, NULL, 18, NULL, NULL, 130, NULL, 0, NULL, 8, 200, 540, 295, NULL, NULL, 'Маг Воды 8ур: Посох', 0, 0, 0, 0, 0, 0),
(606, 'Шлем Марины', 202, 'helm', 'Маг Воды', NULL, '/generated_items/Маг Воды_8ур/Шлем_Марины_helm.png', NULL, NULL, 16, 23, NULL, NULL, 18, NULL, NULL, NULL, NULL, 11, 17, NULL, NULL, 14, NULL, NULL, 0, NULL, 800, NULL, 8, 150, 440, 235, NULL, NULL, 'Маг Воды 8ур: Шлем', 0, 0, 0, 0, 0, 0),
(607, 'Доспех Марины', 202, 'chest', 'Маг Воды', NULL, '/generated_items/Маг Воды_8ур/Доспех_Марины_chest.png', NULL, NULL, 22, 30, NULL, NULL, 23, NULL, NULL, NULL, NULL, 15, 23, NULL, NULL, 18, NULL, NULL, 0, NULL, 1350, NULL, 8, 200, 660, 355, NULL, NULL, 'Маг Воды 8ур: Нагрудник', 0, 0, 0, 0, 0, 0),
(608, 'Щит Марины', 202, 'shild', 'Маг Воды', NULL, '/generated_items/Маг Воды_8ур/Щит_Марины_shild.png', NULL, NULL, 16, 23, NULL, NULL, 18, NULL, NULL, NULL, NULL, 11, 17, NULL, NULL, 14, NULL, NULL, 0, NULL, 600, NULL, 8, 105, 360, 185, NULL, NULL, 'Маг Воды 8ур: Щит', 0, 0, 0, 0, 0, 0),
(609, 'Наручи Марины', 202, 'brasers', 'Маг Воды', NULL, '/generated_items/Маг Воды_8ур/Наручи_Марины_brasers.png', NULL, NULL, 14, 19, NULL, NULL, 15, NULL, NULL, NULL, NULL, 10, 14, NULL, NULL, 11, NULL, NULL, 45, NULL, 350, NULL, 8, 90, 250, 130, NULL, NULL, 'Маг Воды 8ур: Наручи', 0, 0, 0, 0, 0, 0),
(610, 'Пояс Марины', 202, 'belt', 'Маг Воды', NULL, '/generated_items/Маг Воды_8ур/Пояс_Марины_belt.png', NULL, NULL, 14, 19, NULL, NULL, 15, NULL, NULL, NULL, NULL, 10, 14, NULL, NULL, 11, NULL, NULL, 45, NULL, 350, NULL, 8, 90, 250, 130, NULL, NULL, 'Маг Воды 8ур: Пояс', 0, 0, 0, 0, 0, 0),
(611, 'Перчатки Марины', 202, 'gloves', 'Маг Воды', NULL, '/generated_items/Маг Воды_8ур/Перчатки_Марины_gloves.png', NULL, NULL, 16, 23, NULL, NULL, 18, NULL, NULL, NULL, NULL, 11, 17, NULL, NULL, 14, NULL, NULL, 90, NULL, 650, NULL, 8, 110, 370, 195, NULL, NULL, 'Маг Воды 8ур: Перчатки', 0, 0, 0, 0, 0, 0),
(612, 'Сапоги Марины', 202, 'boots', 'Маг Воды', NULL, '/generated_items/Маг Воды_8ур/Сапоги_Марины_boots.png', NULL, NULL, 14, 19, NULL, NULL, 15, NULL, NULL, NULL, NULL, 10, 14, NULL, NULL, 11, NULL, NULL, 90, NULL, 650, NULL, 8, 110, 370, 195, NULL, NULL, 'Маг Воды 8ур: Сапоги', 0, 0, 0, 0, 0, 0),
(613, 'Серьги Марины', 202, 'earrings', 'Маг Воды', NULL, '/generated_items/Маг Воды_8ур/Серьги_Марины_earrings.png', NULL, NULL, 14, 16, NULL, NULL, 16, NULL, NULL, NULL, NULL, 10, 12, NULL, NULL, 12, NULL, NULL, 45, NULL, 350, NULL, 8, 65, 190, 105, NULL, NULL, 'Маг Воды 8ур: Серьги', 0, 0, 0, 0, 0, 0),
(614, 'Амулет Марины', 202, 'amulet', 'Маг Воды', NULL, '/generated_items/Маг Воды_8ур/Амулет_Марины_amulet.png', NULL, NULL, 14, 19, NULL, NULL, 16, NULL, NULL, NULL, NULL, 10, 14, NULL, NULL, 12, NULL, NULL, 45, NULL, 350, NULL, 8, 65, 190, 105, NULL, NULL, 'Маг Воды 8ур: Амулет', 0, 0, 0, 0, 0, 0),
(615, 'Кольцо Марины', 202, 'ring', 'Маг Воды', NULL, '/generated_items/Маг Воды_8ур/Кольцо_Марины_ring.png', NULL, NULL, 14, 16, NULL, NULL, 16, NULL, NULL, NULL, NULL, 10, 12, NULL, NULL, 12, NULL, NULL, 110, NULL, 800, NULL, 8, 110, 250, 130, NULL, NULL, 'Маг Воды 8ур: Кольцо', 0, 0, 0, 0, 0, 0),
(616, 'Посох Левиафана', 279, 'weapon', 'Маг Воды', NULL, '/generated_items/Маг Воды_9ур/Посох_Левиафана_weapon.png', NULL, NULL, 27, 37, NULL, NULL, 28, NULL, NULL, NULL, NULL, 18, 28, NULL, NULL, 22, NULL, NULL, 160, NULL, 0, NULL, 9, 245, 660, 360, NULL, NULL, 'Маг Воды 9ур: Посох', 0, 0, 0, 0, 0, 0),
(617, 'Шлем Левиафана', 279, 'helm', 'Маг Воды', NULL, '/generated_items/Маг Воды_9ур/Шлем_Левиафана_helm.png', NULL, NULL, 20, 28, NULL, NULL, 22, NULL, NULL, NULL, NULL, 13, 21, NULL, NULL, 17, NULL, NULL, 0, NULL, 1000, NULL, 9, 185, 540, 290, NULL, NULL, 'Маг Воды 9ур: Шлем', 0, 0, 0, 0, 0, 0),
(618, 'Доспех Левиафана', 279, 'chest', 'Маг Воды', NULL, '/generated_items/Маг Воды_9ур/Доспех_Левиафана_chest.png', NULL, NULL, 27, 37, NULL, NULL, 28, NULL, NULL, NULL, NULL, 18, 28, NULL, NULL, 22, NULL, NULL, 0, NULL, 1700, NULL, 9, 245, 800, 435, NULL, NULL, 'Маг Воды 9ур: Нагрудник', 0, 0, 0, 0, 0, 0),
(619, 'Щит Левиафана', 279, 'shild', 'Маг Воды', NULL, '/generated_items/Маг Воды_9ур/Щит_Левиафана_shild.png', NULL, NULL, 20, 28, NULL, NULL, 22, NULL, NULL, NULL, NULL, 13, 21, NULL, NULL, 17, NULL, NULL, 0, NULL, 750, NULL, 9, 130, 440, 230, NULL, NULL, 'Маг Воды 9ур: Щит', 0, 0, 0, 0, 0, 0),
(620, 'Наручи Левиафана', 279, 'brasers', 'Маг Воды', NULL, '/generated_items/Маг Воды_9ур/Наручи_Левиафана_brasers.png', NULL, NULL, 17, 23, NULL, NULL, 18, NULL, NULL, NULL, NULL, 12, 17, NULL, NULL, 14, NULL, NULL, 55, NULL, 450, NULL, 9, 110, 310, 160, NULL, NULL, 'Маг Воды 9ур: Наручи', 0, 0, 0, 0, 0, 0),
(621, 'Пояс Левиафана', 279, 'belt', 'Маг Воды', NULL, '/generated_items/Маг Воды_9ур/Пояс_Левиафана_belt.png', NULL, NULL, 17, 23, NULL, NULL, 18, NULL, NULL, NULL, NULL, 12, 17, NULL, NULL, 14, NULL, NULL, 55, NULL, 450, NULL, 9, 110, 310, 160, NULL, NULL, 'Маг Воды 9ур: Пояс', 0, 0, 0, 0, 0, 0),
(622, 'Перчатки Левиафана', 279, 'gloves', 'Маг Воды', NULL, '/generated_items/Маг Воды_9ур/Перчатки_Левиафана_gloves.png', NULL, NULL, 20, 28, NULL, NULL, 22, NULL, NULL, NULL, NULL, 13, 21, NULL, NULL, 17, NULL, NULL, 110, NULL, 800, NULL, 9, 135, 450, 240, NULL, NULL, 'Маг Воды 9ур: Перчатки', 0, 0, 0, 0, 0, 0),
(623, 'Сапоги Левиафана', 279, 'boots', 'Маг Воды', NULL, '/generated_items/Маг Воды_9ур/Сапоги_Левиафана_boots.png', NULL, NULL, 17, 23, NULL, NULL, 18, NULL, NULL, NULL, NULL, 12, 17, NULL, NULL, 14, NULL, NULL, 110, NULL, 800, NULL, 9, 135, 450, 240, NULL, NULL, 'Маг Воды 9ур: Сапоги', 0, 0, 0, 0, 0, 0),
(624, 'Серьги Левиафана', 279, 'earrings', 'Маг Воды', NULL, '/generated_items/Маг Воды_9ур/Серьги_Левиафана_earrings.png', NULL, NULL, 17, 20, NULL, NULL, 20, NULL, NULL, NULL, NULL, 12, 15, NULL, NULL, 15, NULL, NULL, 55, NULL, 450, NULL, 9, 80, 230, 130, NULL, NULL, 'Маг Воды 9ур: Серьги', 0, 0, 0, 0, 0, 0),
(625, 'Амулет Левиафана', 279, 'amulet', 'Маг Воды', NULL, '/generated_items/Маг Воды_9ур/Амулет_Левиафана_amulet.png', NULL, NULL, 17, 23, NULL, NULL, 20, NULL, NULL, NULL, NULL, 12, 17, NULL, NULL, 15, NULL, NULL, 55, NULL, 450, NULL, 9, 80, 230, 130, NULL, NULL, 'Маг Воды 9ур: Амулет', 0, 0, 0, 0, 0, 0),
(626, 'Кольцо Левиафана', 279, 'ring', 'Маг Воды', NULL, '/generated_items/Маг Воды_9ур/Кольцо_Левиафана_ring.png', NULL, NULL, 17, 20, NULL, NULL, 20, NULL, NULL, NULL, NULL, 12, 15, NULL, NULL, 15, NULL, NULL, 135, NULL, 1000, NULL, 9, 135, 310, 160, NULL, NULL, 'Маг Воды 9ур: Кольцо', 0, 0, 0, 0, 0, 0),
(627, 'Легендарный Посох Воды', 399, 'weapon', 'Маг Воды', NULL, '/generated_items/Маг Воды_10ур/Легендарный_Посох_Воды_weapon.png', NULL, NULL, 33, 45, NULL, NULL, 34, NULL, NULL, NULL, NULL, 22, 34, NULL, NULL, 27, NULL, NULL, 200, NULL, 0, NULL, 10, 300, 800, 440, NULL, NULL, 'Маг Воды 10ур: Посох', 0, 0, 0, 0, 0, 0),
(628, 'Легендарный Шлем Воды', 399, 'helm', 'Маг Воды', NULL, '/generated_items/Маг Воды_10ур/Легендарный_Шлем_Воды_helm.png', NULL, NULL, 24, 34, NULL, NULL, 27, NULL, NULL, NULL, NULL, 16, 26, NULL, NULL, 21, NULL, NULL, 0, NULL, 1250, NULL, 10, 225, 660, 350, NULL, NULL, 'Маг Воды 10ур: Шлем', 0, 0, 0, 0, 0, 0),
(629, 'Легендарный Доспех Воды', 399, 'chest', 'Маг Воды', NULL, '/generated_items/Маг Воды_10ур/Легендарный_Доспех_Воды_chest.png', NULL, NULL, 33, 45, NULL, NULL, 34, NULL, NULL, NULL, NULL, 22, 34, NULL, NULL, 27, NULL, NULL, 0, NULL, 2100, NULL, 10, 300, 980, 530, NULL, NULL, 'Маг Воды 10ур: Нагрудник', 0, 0, 0, 0, 0, 0),
(630, 'Легендарный Щит Воды', 399, 'shild', 'Маг Воды', NULL, '/generated_items/Маг Воды_10ур/Легендарный_Щит_Воды_shild.png', NULL, NULL, 24, 34, NULL, NULL, 27, NULL, NULL, NULL, NULL, 16, 26, NULL, NULL, 21, NULL, NULL, 0, NULL, 950, NULL, 10, 160, 540, 280, NULL, NULL, 'Маг Воды 10ур: Щит', 0, 0, 0, 0, 0, 0),
(631, 'Легендарные Наручи Воды', 399, 'brasers', 'Маг Воды', NULL, '/generated_items/Маг Воды_10ур/Легендарные_Наручи_Воды_brasers.png', NULL, NULL, 21, 28, NULL, NULL, 22, NULL, NULL, NULL, NULL, 14, 21, NULL, NULL, 17, NULL, NULL, 70, NULL, 550, NULL, 10, 135, 380, 200, NULL, NULL, 'Маг Воды 10ур: Наручи', 0, 0, 0, 0, 0, 0),
(632, 'Легендарный Пояс Воды', 399, 'belt', 'Маг Воды', NULL, '/generated_items/Маг Воды_10ур/Легендарный_Пояс_Воды_belt.png', NULL, NULL, 21, 28, NULL, NULL, 22, NULL, NULL, NULL, NULL, 14, 21, NULL, NULL, 17, NULL, NULL, 70, NULL, 550, NULL, 10, 135, 380, 200, NULL, NULL, 'Маг Воды 10ур: Пояс', 0, 0, 0, 0, 0, 0),
(633, 'Легендарные Перчатки Воды', 399, 'gloves', 'Маг Воды', NULL, '/generated_items/Маг Воды_10ур/Легендарные_Перчатки_Воды_gloves.png', NULL, NULL, 24, 34, NULL, NULL, 27, NULL, NULL, NULL, NULL, 16, 26, NULL, NULL, 21, NULL, NULL, 140, NULL, 1000, NULL, 10, 165, 550, 290, NULL, NULL, 'Маг Воды 10ур: Перчатки', 0, 0, 0, 0, 0, 0),
(634, 'Легендарные Сапоги Воды', 399, 'boots', 'Маг Воды', NULL, '/generated_items/Маг Воды_10ур/Легендарные_Сапоги_Воды_boots.png', NULL, NULL, 21, 28, NULL, NULL, 22, NULL, NULL, NULL, NULL, 14, 21, NULL, NULL, 17, NULL, NULL, 140, NULL, 1000, NULL, 10, 165, 550, 290, NULL, NULL, 'Маг Воды 10ур: Сапоги', 0, 0, 0, 0, 0, 0),
(635, 'Легендарные Серьги Воды', 399, 'earrings', 'Маг Воды', NULL, '/generated_items/Маг Воды_10ур/Легендарные_Серьги_Воды_earrings.png', NULL, NULL, 21, 24, NULL, NULL, 24, NULL, NULL, NULL, NULL, 14, 18, NULL, NULL, 18, NULL, NULL, 70, NULL, 550, NULL, 10, 100, 280, 160, NULL, NULL, 'Маг Воды 10ур: Серьги', 0, 0, 0, 0, 0, 0),
(636, 'Легендарный Амулет Воды', 399, 'amulet', 'Маг Воды', NULL, '/generated_items/Маг Воды_10ур/Легендарный_Амулет_Воды_amulet.png', NULL, NULL, 21, 28, NULL, NULL, 24, NULL, NULL, NULL, NULL, 14, 21, NULL, NULL, 18, NULL, NULL, 70, NULL, 550, NULL, 10, 100, 280, 160, NULL, NULL, 'Маг Воды 10ур: Амулет', 0, 0, 0, 0, 0, 0),
(637, 'Легендарное Кольцо Воды', 399, 'ring', 'Маг Воды', NULL, '/generated_items/Маг Воды_10ур/Легендарное_Кольцо_Воды_ring.png', NULL, NULL, 21, 24, NULL, NULL, 24, NULL, NULL, NULL, NULL, 14, 18, NULL, NULL, 18, NULL, NULL, 170, NULL, 1250, NULL, 10, 165, 380, 200, NULL, NULL, 'Маг Воды 10ур: Кольцо', 0, 0, 0, 0, 0, 0),
(638, 'Теневые Поножи', 3, 'leg', 'Критовик', NULL, '/generated_items/Критовик_2ур/leg.png', 3, NULL, 1, NULL, 2, NULL, NULL, NULL, NULL, 2, NULL, 1, NULL, 1, NULL, NULL, NULL, NULL, 5, 15, 100, 0, 2, 50, 30, 0, 80, 20, 'Критовик 2ур: Поножи', 0, 0, 0, 0, 0, 0),
(639, 'Стальные Поножи Теней', 5, 'leg', 'Критовик', NULL, '/generated_items/Критовик_3ур/leg.png', 5, NULL, 2, NULL, 3, NULL, NULL, NULL, NULL, 3, NULL, 1, NULL, 2, NULL, NULL, NULL, NULL, 10, 25, 150, 0, 3, 80, 45, 0, 120, 35, 'Критовик 3ур: Поножи', 0, 0, 0, 0, 0, 0),
(640, 'Поножи Бездны', 8, 'leg', 'Критовик', NULL, '/generated_items/Критовик_4ур/leg.png', 8, NULL, 3, NULL, 5, NULL, NULL, NULL, NULL, 5, NULL, 2, NULL, 3, NULL, NULL, NULL, NULL, 15, 35, 200, 0, 4, 120, 65, 0, 160, 50, 'Критовик 4ур: Поножи', 0, 0, 0, 0, 0, 0),
(641, 'Поножи Тьмы', 10, 'leg', 'Критовик', NULL, '/generated_items/Критовик_5ур/leg.png', 10, NULL, 4, NULL, 7, NULL, NULL, NULL, NULL, 7, NULL, 3, NULL, 5, NULL, NULL, NULL, NULL, 20, 45, 280, 0, 5, 160, 85, 0, 210, 65, 'Критовик 5ур: Поножи', 0, 0, 0, 0, 0, 0),
(642, 'Поножи Ужаса', 12, 'leg', 'Критовик', NULL, '/generated_items/Критовик_6ур/leg.png', 12, NULL, 5, NULL, 8, NULL, NULL, NULL, NULL, 9, NULL, 4, NULL, 6, NULL, NULL, NULL, NULL, 25, 55, 360, 0, 6, 200, 100, 0, 260, 80, 'Критовик 6ур: Поножи', 0, 0, 0, 0, 0, 0),
(643, 'Поножи Смерти', 15, 'leg', 'Критовик', NULL, '/generated_items/Критовик_7ур/leg.png', 15, NULL, 6, NULL, 10, NULL, NULL, NULL, NULL, 11, NULL, 5, NULL, 7, NULL, NULL, NULL, NULL, 30, 70, 450, 0, 7, 250, 125, 0, 320, 100, 'Критовик 7ур: Поножи', 0, 0, 0, 0, 0, 0),
(644, 'Поножи Кошмара', 18, 'leg', 'Критовик', NULL, '/generated_items/Критовик_8ур/leg.png', 18, NULL, 8, NULL, 12, NULL, NULL, NULL, NULL, 13, NULL, 6, NULL, 9, NULL, NULL, NULL, NULL, 35, 85, 550, 0, 8, 300, 150, 0, 390, 120, 'Критовик 8ур: Поножи', 0, 0, 0, 0, 0, 0),
(645, 'Поножи Ада', 21, 'leg', 'Критовик', NULL, '/generated_items/Критовик_9ур/leg.png', 21, NULL, 10, NULL, 14, NULL, NULL, NULL, NULL, 15, NULL, 8, NULL, 10, NULL, NULL, NULL, NULL, 45, 100, 680, 0, 9, 360, 180, 0, 460, 145, 'Критовик 9ур: Поножи', 0, 0, 0, 0, 0, 0),
(646, 'Легендарные Поножи Теней', 26, 'leg', 'Критовик', NULL, '/generated_items/Критовик_10ур/leg.png', 26, NULL, 12, NULL, 18, NULL, NULL, NULL, NULL, 18, NULL, 10, NULL, 12, NULL, NULL, NULL, NULL, 60, 120, 850, 0, 10, 450, 220, 0, 560, 175, 'Критовик 10ур: Поножи', 0, 0, 0, 0, 0, 0),
(647, 'Ветреные Поножи', 2, 'leg', 'Уворотчик', NULL, '/generated_items/Уворотчик_2ур/leg.png', 2, 3, 1, NULL, NULL, NULL, NULL, NULL, NULL, 1, 2, 1, NULL, NULL, NULL, NULL, NULL, NULL, 5, 15, 100, 0, 2, 40, 30, 0, 120, 30, 'Уворотчик 2ур: Поножи', 1, 0, 0, 0, 0, 0),
(648, 'Стальные Поножи Ветра', 4, 'leg', 'Уворотчик', NULL, '/generated_items/Уворотчик_3ур/leg.png', 4, 5, 3, NULL, NULL, NULL, NULL, NULL, NULL, 2, 3, 2, NULL, NULL, NULL, NULL, NULL, NULL, 8, 25, 150, 0, 3, 60, 45, 0, 180, 45, 'Уворотчик 3ур: Поножи', 1, 0, 0, 0, 0, 0),
(649, 'Поножи Бури', 6, 'leg', 'Уворотчик', NULL, '/generated_items/Уворотчик_4ур/leg.png', 6, 7, 4, NULL, NULL, NULL, NULL, NULL, NULL, 4, 5, 3, NULL, NULL, NULL, NULL, NULL, NULL, 12, 35, 200, 0, 4, 90, 65, 0, 240, 60, 'Уворотчик 4ур: Поножи', 1, 0, 0, 0, 0, 0),
(650, 'Поножи Урагана', 8, 'leg', 'Уворотчик', NULL, '/generated_items/Уворотчик_5ур/leg.png', 8, 10, 5, NULL, NULL, NULL, NULL, NULL, NULL, 5, 7, 4, NULL, NULL, NULL, NULL, NULL, NULL, 18, 45, 280, 0, 5, 120, 85, 0, 320, 80, 'Уворотчик 5ур: Поножи', 1, 0, 0, 0, 0, 0),
(651, 'Поножи Шторма', 10, 'leg', 'Уворотчик', NULL, '/generated_items/Уворотчик_6ур/leg.png', 10, 12, 7, NULL, NULL, NULL, NULL, NULL, NULL, 6, 8, 5, NULL, NULL, NULL, NULL, NULL, NULL, 22, 55, 360, 0, 6, 150, 110, 0, 400, 100, 'Уворотчик 6ур: Поножи', 1, 0, 0, 0, 0, 0),
(652, 'Поножи Циклона', 13, 'leg', 'Уворотчик', NULL, '/generated_items/Уворотчик_7ур/leg.png', 13, 15, 9, NULL, NULL, NULL, NULL, NULL, NULL, 8, 10, 6, NULL, NULL, NULL, NULL, NULL, NULL, 28, 70, 450, 0, 7, 190, 140, 0, 500, 125, 'Уворотчик 7ур: Поножи', 1, 0, 0, 0, 0, 0),
(653, 'Поножи Тайфуна', 16, 'leg', 'Уворотчик', NULL, '/generated_items/Уворотчик_8ур/leg.png', 16, 19, 11, NULL, NULL, NULL, NULL, NULL, NULL, 10, 13, 8, NULL, NULL, NULL, NULL, NULL, NULL, 35, 85, 550, 0, 8, 230, 170, 0, 620, 150, 'Уворотчик 8ур: Поножи', 1, 0, 0, 0, 0, 0),
(654, 'Поножи Смерча', 19, 'leg', 'Уворотчик', NULL, '/generated_items/Уворотчик_9ур/leg.png', 19, 23, 13, NULL, NULL, NULL, NULL, NULL, NULL, 12, 15, 10, NULL, NULL, NULL, NULL, NULL, NULL, 42, 100, 680, 0, 9, 280, 210, 0, 740, 180, 'Уворотчик 9ур: Поножи', 1, 0, 0, 0, 0, 0),
(655, 'Легендарные Поножи Ветра', 23, 'leg', 'Уворотчик', NULL, '/generated_items/Уворотчик_10ур/leg.png', 23, 28, 15, NULL, NULL, NULL, NULL, NULL, NULL, 15, 19, 12, NULL, NULL, NULL, NULL, NULL, NULL, 55, 120, 850, 0, 10, 330, 250, 0, 900, 220, 'Уворотчик 10ур: Поножи', 1, 0, 0, 0, 0, 0),
(656, 'Каменные Поножи', 4, 'leg', 'Танк', NULL, '/generated_items/Танк_2ур/leg.png', 4, NULL, 3, NULL, NULL, NULL, NULL, NULL, NULL, 3, NULL, 2, NULL, NULL, NULL, NULL, NULL, NULL, 10, 15, 100, 0, 2, 0, 60, 0, 0, 80, 'Танк 2ур: Поножи', 1, 0, 0, 0, 0, 0),
(657, 'Стальные Поножи Титана', 6, 'leg', 'Танк', NULL, '/generated_items/Танк_3ур/leg.png', 6, NULL, 5, NULL, NULL, NULL, NULL, NULL, NULL, 4, NULL, 3, NULL, NULL, NULL, NULL, NULL, NULL, 15, 25, 150, 0, 3, 0, 90, 0, 0, 120, 'Танк 3ур: Поножи', 1, 0, 0, 0, 0, 0),
(658, 'Поножи Грома', 9, 'leg', 'Танк', NULL, '/generated_items/Танк_4ур/leg.png', 9, NULL, 7, NULL, NULL, NULL, NULL, NULL, NULL, 6, NULL, 5, NULL, NULL, NULL, NULL, NULL, NULL, 22, 35, 200, 0, 4, 0, 130, 0, 0, 170, 'Танк 4ур: Поножи', 1, 0, 0, 0, 0, 0),
(659, 'Поножи Земли', 12, 'leg', 'Танк', NULL, '/generated_items/Танк_5ур/leg.png', 12, NULL, 9, NULL, NULL, NULL, NULL, NULL, NULL, 8, NULL, 7, NULL, NULL, NULL, NULL, NULL, NULL, 30, 45, 280, 0, 5, 0, 170, 0, 0, 220, 'Танк 5ур: Поножи', 1, 0, 0, 0, 0, 0),
(660, 'Поножи Гор', 15, 'leg', 'Танк', NULL, '/generated_items/Танк_6ур/leg.png', 15, NULL, 11, NULL, NULL, NULL, NULL, NULL, NULL, 10, NULL, 9, NULL, NULL, NULL, NULL, NULL, NULL, 40, 60, 360, 0, 6, 0, 220, 0, 0, 280, 'Танк 6ур: Поножи', 1, 0, 0, 0, 0, 0),
(661, 'Поножи Титана', 18, 'leg', 'Танк', NULL, '/generated_items/Танк_7ур/leg.png', 18, NULL, 14, NULL, NULL, NULL, NULL, NULL, NULL, 12, NULL, 10, NULL, NULL, NULL, NULL, NULL, NULL, 50, 75, 450, 0, 7, 0, 280, 0, 0, 360, 'Танк 7ур: Поножи', 1, 0, 0, 0, 0, 0),
(662, 'Поножи Колосса', 22, 'leg', 'Танк', NULL, '/generated_items/Танк_8ур/leg.png', 22, NULL, 17, NULL, NULL, NULL, NULL, NULL, NULL, 15, NULL, 12, NULL, NULL, NULL, NULL, NULL, NULL, 60, 90, 550, 0, 8, 0, 340, 0, 0, 440, 'Танк 8ур: Поножи', 1, 0, 0, 0, 0, 0),
(663, 'Поножи Левиафана', 26, 'leg', 'Танк', NULL, '/generated_items/Танк_9ур/leg.png', 26, NULL, 20, NULL, NULL, NULL, NULL, NULL, NULL, 18, NULL, 15, NULL, NULL, NULL, NULL, NULL, NULL, 75, 110, 680, 0, 9, 0, 410, 0, 0, 530, 'Танк 9ур: Поножи', 1, 0, 0, 0, 0, 0),
(664, 'Легендарные Поножи Титана', 31, 'leg', 'Танк', NULL, '/generated_items/Танк_10ур/leg.png', 31, NULL, 24, NULL, NULL, NULL, NULL, NULL, NULL, 22, NULL, 18, NULL, NULL, NULL, NULL, NULL, NULL, 90, 135, 850, 0, 10, 0, 490, 0, 0, 640, 'Танк 10ур: Поножи', 1, 0, 0, 0, 0, 0),
(665, 'Огненные Поножи', 2, 'leg', 'Маг', NULL, '/generated_items/Маг_2ур/leg.png', NULL, NULL, 2, 3, NULL, 2, NULL, NULL, NULL, NULL, NULL, 1, 2, NULL, 2, NULL, NULL, NULL, 0, 15, 100, 50, 2, 15, 0, 60, 0, 0, 'Маг 2ур: Поножи', 0, 0, 0, 0, 0, 0),
(666, 'Магические Поножи Пламени', 3, 'leg', 'Маг', NULL, '/generated_items/Маг_3ур/leg.png', NULL, NULL, 3, 5, NULL, 4, NULL, NULL, NULL, NULL, NULL, 2, 3, NULL, 3, NULL, NULL, NULL, 0, 25, 150, 80, 3, 20, 0, 90, 0, 0, 'Маг 3ур: Поножи', 0, 0, 0, 0, 0, 0),
(667, 'Поножи Феникса', 5, 'leg', 'Маг', NULL, '/generated_items/Маг_4ур/leg.png', NULL, NULL, 5, 7, NULL, 5, NULL, NULL, NULL, NULL, NULL, 3, 5, NULL, 4, NULL, NULL, NULL, 0, 35, 200, 120, 4, 30, 0, 130, 0, 0, 'Маг 4ур: Поножи', 0, 0, 0, 0, 0, 0),
(668, 'Поножи Дракона', 7, 'leg', 'Маг', NULL, '/generated_items/Маг_5ур/leg.png', NULL, NULL, 7, 10, NULL, 7, NULL, NULL, NULL, NULL, NULL, 4, 7, NULL, 5, NULL, NULL, NULL, 0, 45, 280, 160, 5, 40, 0, 180, 0, 0, 'Маг 5ур: Поножи', 0, 0, 0, 0, 0, 0),
(669, 'Поножи Саламандры', 9, 'leg', 'Маг', NULL, '/generated_items/Маг_6ур/leg.png', NULL, NULL, 9, 12, NULL, 9, NULL, NULL, NULL, NULL, NULL, 6, 9, NULL, 7, NULL, NULL, NULL, 0, 55, 360, 220, 6, 55, 0, 220, 0, 0, 'Маг 6ур: Поножи', 0, 0, 0, 0, 0, 0),
(670, 'Поножи Ифрита', 11, 'leg', 'Маг', NULL, '/generated_items/Маг_7ур/leg.png', NULL, NULL, 11, 15, NULL, 12, NULL, NULL, NULL, NULL, NULL, 8, 11, NULL, 9, NULL, NULL, NULL, 0, 70, 450, 280, 7, 70, 0, 280, 0, 0, 'Маг 7ур: Поножи', 0, 0, 0, 0, 0, 0),
(671, 'Поножи Сурта', 14, 'leg', 'Маг', NULL, '/generated_items/Маг_8ур/leg.png', NULL, NULL, 14, 19, NULL, 15, NULL, NULL, NULL, NULL, NULL, 10, 14, NULL, 11, NULL, NULL, NULL, 0, 85, 550, 350, 8, 90, 0, 350, 0, 0, 'Маг 8ур: Поножи', 0, 0, 0, 0, 0, 0),
(672, 'Поножи Прометея', 17, 'leg', 'Маг', NULL, '/generated_items/Маг_9ур/leg.png', NULL, NULL, 17, 23, NULL, 18, NULL, NULL, NULL, NULL, NULL, 12, 17, NULL, 14, NULL, NULL, NULL, 0, 100, 680, 450, 9, 110, 0, 450, 0, 0, 'Маг 9ур: Поножи', 0, 0, 0, 0, 0, 0),
(673, 'Легендарные Поножи Пламени', 21, 'leg', 'Маг', NULL, '/generated_items/Маг_10ур/leg.png', NULL, NULL, 21, 28, NULL, 22, NULL, NULL, NULL, NULL, NULL, 14, 21, NULL, 17, NULL, NULL, NULL, 0, 120, 850, 550, 10, 135, 0, 550, 0, 0, 'Маг 10ур: Поножи', 0, 0, 0, 0, 0, 0),
(674, 'Земляные Поножи', 2, 'leg', 'Маг Земли', NULL, '/generated_items/Маг Земли_2ур/leg.png', NULL, NULL, 2, 3, NULL, NULL, NULL, NULL, 2, NULL, NULL, 1, 2, NULL, NULL, NULL, NULL, 1, 0, 15, 100, 50, 2, 15, 0, 60, 0, 0, 'Маг Земли 2ур: Поножи', 1, 0, 0, 0, 0, 0),
(675, 'Каменные Поножи Гайи', 3, 'leg', 'Маг Земли', NULL, '/generated_items/Маг Земли_3ур/leg.png', NULL, NULL, 3, 5, NULL, NULL, NULL, NULL, 4, NULL, NULL, 2, 3, NULL, NULL, NULL, NULL, 3, 0, 25, 150, 80, 3, 20, 0, 90, 0, 0, 'Маг Земли 3ур: Поножи', 1, 0, 0, 0, 0, 0),
(676, 'Поножи Горного Короля', 5, 'leg', 'Маг Земли', NULL, '/generated_items/Маг Земли_4ур/leg.png', NULL, NULL, 5, 7, NULL, NULL, NULL, NULL, 5, NULL, NULL, 3, 5, NULL, NULL, NULL, NULL, 4, 0, 35, 200, 120, 4, 30, 0, 130, 0, 0, 'Маг Земли 4ур: Поножи', 1, 0, 0, 0, 0, 0),
(677, 'Поножи Камнепада', 7, 'leg', 'Маг Земли', NULL, '/generated_items/Маг Земли_5ур/leg.png', NULL, NULL, 7, 10, NULL, NULL, NULL, NULL, 7, NULL, NULL, 4, 7, NULL, NULL, NULL, NULL, 5, 0, 45, 280, 160, 5, 40, 0, 180, 0, 0, 'Маг Земли 5ур: Поножи', 1, 0, 0, 0, 0, 0),
(678, 'Поножи Терры', 9, 'leg', 'Маг Земли', NULL, '/generated_items/Маг Земли_6ур/leg.png', NULL, NULL, 9, 12, NULL, NULL, NULL, NULL, 9, NULL, NULL, 6, 9, NULL, NULL, NULL, NULL, 7, 0, 55, 360, 220, 6, 55, 0, 220, 0, 0, 'Маг Земли 6ур: Поножи', 1, 0, 0, 0, 0, 0),
(679, 'Поножи Геи', 11, 'leg', 'Маг Земли', NULL, '/generated_items/Маг Земли_7ур/leg.png', NULL, NULL, 11, 15, NULL, NULL, NULL, NULL, 12, NULL, NULL, 8, 11, NULL, NULL, NULL, NULL, 9, 0, 70, 450, 280, 7, 70, 0, 280, 0, 0, 'Маг Земли 7ур: Поножи', 1, 0, 0, 0, 0, 0),
(680, 'Поножи Тектоники', 14, 'leg', 'Маг Земли', NULL, '/generated_items/Маг Земли_8ур/leg.png', NULL, NULL, 14, 19, NULL, NULL, NULL, NULL, 15, NULL, NULL, 10, 14, NULL, NULL, NULL, NULL, 11, 0, 85, 550, 350, 8, 90, 0, 350, 0, 0, 'Маг Земли 8ур: Поножи', 1, 0, 0, 0, 0, 0),
(681, 'Поножи Континента', 17, 'leg', 'Маг Земли', NULL, '/generated_items/Маг Земли_9ур/leg.png', NULL, NULL, 17, 23, NULL, NULL, NULL, NULL, 18, NULL, NULL, 12, 17, NULL, NULL, NULL, NULL, 14, 0, 100, 680, 450, 9, 110, 0, 450, 0, 0, 'Маг Земли 9ур: Поножи', 1, 0, 0, 0, 0, 0),
(682, 'Легендарные Поножи Земли', 21, 'leg', 'Маг Земли', NULL, '/generated_items/Маг Земли_10ур/leg.png', NULL, NULL, 21, 28, NULL, NULL, NULL, NULL, 22, NULL, NULL, 14, 21, NULL, NULL, NULL, NULL, 17, 0, 120, 850, 550, 10, 135, 0, 550, 0, 0, 'Маг Земли 10ур: Поножи', 1, 0, 0, 0, 0, 0),
(683, 'Водные Поножи', 2, 'leg', 'Маг Воды', NULL, '/generated_items/Маг Воды_2ур/leg.png', NULL, NULL, 2, 3, NULL, NULL, 2, NULL, NULL, NULL, NULL, 1, 2, NULL, NULL, 1, NULL, NULL, 0, 15, 100, 50, 2, 15, 0, 60, 0, 0, 'Маг Воды 2ур: Поножи', 0, 0, 0, 0, 0, 0),
(684, 'Ледяные Поножи Аквы', 3, 'leg', 'Маг Воды', NULL, '/generated_items/Маг Воды_3ур/leg.png', NULL, NULL, 3, 5, NULL, NULL, 4, NULL, NULL, NULL, NULL, 2, 3, NULL, NULL, 3, NULL, NULL, 0, 25, 150, 80, 3, 20, 0, 90, 0, 0, 'Маг Воды 3ур: Поножи', 0, 0, 0, 0, 0, 0),
(685, 'Поножи Океанида', 5, 'leg', 'Маг Воды', NULL, '/generated_items/Маг Воды_4ур/leg.png', NULL, NULL, 5, 7, NULL, NULL, 5, NULL, NULL, NULL, NULL, 3, 5, NULL, NULL, 4, NULL, NULL, 0, 35, 200, 120, 4, 30, 0, 130, 0, 0, 'Маг Воды 4ур: Поножи', 0, 0, 0, 0, 0, 0),
(686, 'Поножи Цунами', 7, 'leg', 'Маг Воды', NULL, '/generated_items/Маг Воды_5ур/leg.png', NULL, NULL, 7, 10, NULL, NULL, 7, NULL, NULL, NULL, NULL, 4, 7, NULL, NULL, 5, NULL, NULL, 0, 45, 280, 160, 5, 40, 0, 180, 0, 0, 'Маг Воды 5ур: Поножи', 0, 0, 0, 0, 0, 0),
(687, 'Поножи Нептуна', 9, 'leg', 'Маг Воды', NULL, '/generated_items/Маг Воды_6ур/leg.png', NULL, NULL, 9, 12, NULL, NULL, 9, NULL, NULL, NULL, NULL, 6, 9, NULL, NULL, 7, NULL, NULL, 0, 55, 360, 220, 6, 55, 0, 220, 0, 0, 'Маг Воды 6ур: Поножи', 0, 0, 0, 0, 0, 0),
(688, 'Поножи Посейдона', 11, 'leg', 'Маг Воды', NULL, '/generated_items/Маг Воды_7ур/leg.png', NULL, NULL, 11, 15, NULL, NULL, 12, NULL, NULL, NULL, NULL, 8, 11, NULL, NULL, 9, NULL, NULL, 0, 70, 450, 280, 7, 70, 0, 280, 0, 0, 'Маг Воды 7ур: Поножи', 0, 0, 0, 0, 0, 0),
(689, 'Поножи Марины', 14, 'leg', 'Маг Воды', NULL, '/generated_items/Маг Воды_8ур/leg.png', NULL, NULL, 14, 19, NULL, NULL, 15, NULL, NULL, NULL, NULL, 10, 14, NULL, NULL, 11, NULL, NULL, 0, 85, 550, 350, 8, 90, 0, 350, 0, 0, 'Маг Воды 8ур: Поножи', 0, 0, 0, 0, 0, 0),
(690, 'Поножи Левиафана', 17, 'leg', 'Маг Воды', NULL, '/generated_items/Маг Воды_9ур/leg.png', NULL, NULL, 17, 23, NULL, NULL, 18, NULL, NULL, NULL, NULL, 12, 17, NULL, NULL, 14, NULL, NULL, 0, 100, 680, 450, 9, 110, 0, 450, 0, 0, 'Маг Воды 9ур: Поножи', 0, 0, 0, 0, 0, 0),
(691, 'Легендарные Поножи Воды', 21, 'leg', 'Маг Воды', NULL, '/generated_items/Маг Воды_10ур/leg.png', NULL, NULL, 21, 28, NULL, NULL, 22, NULL, NULL, NULL, NULL, 14, 21, NULL, NULL, 17, NULL, NULL, 0, 120, 850, 550, 10, 135, 0, 550, 0, 0, 'Маг Воды 10ур: Поножи', 0, 0, 0, 0, 0, 0),
(1001, 'Хаос Меч', 0, 'weapon', 'Универсальный', NULL, '/generated_items/art/sword.png', 10, NULL, 10, NULL, NULL, NULL, NULL, NULL, NULL, 54, 44, 34, 10, 24, 50, NULL, NULL, 50, 420, 205, 250, NULL, 4, 55, 34, 50, 44, 24, 'Хаос Меч Абсолюта', 0, 0, 1, 0, 30, 0),
(1002, 'Хаос Шлем', 1000000, 'helm', 'Универсальный', NULL, '/generated_items/art/helm.png', 10, NULL, 10, NULL, NULL, NULL, NULL, NULL, NULL, 40, 34, 27, 15, 21, NULL, NULL, NULL, NULL, NULL, 56, 1800, NULL, 4, 35, 25, 80, 34, 21, 'Хаос Шлем Абсолюта', 0, 0, 1, 0, 30, 0),
(1003, 'Хаос Доспех', 1000000, 'chest', 'Универсальный', NULL, '/generated_items/art/chest.png', 10, NULL, 10, NULL, NULL, NULL, NULL, NULL, NULL, 45, 45, 34, 20, 27, NULL, NULL, NULL, NULL, NULL, 80, 2800, NULL, 4, 40, 30, 100, 45, 27, 'Хаос Доспех Абсолюта', 0, 0, 1, 0, 30, 0),
(1004, 'Хаос Щит', 1000000, 'shild', 'Универсальный', NULL, '/generated_items/art/shield.png', 10, NULL, 10, NULL, NULL, NULL, NULL, NULL, NULL, 43, 34, 27, 15, 21, NULL, NULL, NULL, NULL, NULL, 68, 1400, NULL, 4, 35, 20, 60, 34, 21, 'Хаос Щит Абсолюта', 0, 0, 1, 0, 30, 0),
(1102, 'Амулет Бездны (мф)', 43, 'amulet', 'Критовик', NULL, '/generated_items/Критовик_4ур/Амулет_Бездны_amulet.png', 6, NULL, 4, NULL, 6, NULL, NULL, NULL, NULL, 4, NULL, 3, NULL, 4, NULL, NULL, NULL, NULL, 15, NULL, 170, NULL, 4, 120, 20, 35, NULL, NULL, 'Критовик 4ур: Амулет (Магический форсаж: +50 здоровья)', 0, 0, 0, 1, 0, 190),
(1103, 'Амулет Бури (мф)', 43, 'amulet', 'Уворотчик', NULL, '/generated_items/Уворотчик_4ур/Амулет_Бури_amulet.png', 5, 6, 5, NULL, NULL, NULL, NULL, NULL, NULL, 3, 4, 3, NULL, NULL, NULL, NULL, NULL, NULL, 12, NULL, 170, NULL, 4, 65, 45, NULL, 120, 30, 'Уворотчик 4ур: Амулет (Магический форсаж: +50 здоровья)', 0, 0, 0, 1, 0, 190),
(1104, 'Амулет Грома (мф)', 43, 'amulet', 'Танк', NULL, '/generated_items/Танк_4ур/Амулет_Грома_amulet.png', 7, NULL, 8, NULL, NULL, NULL, NULL, NULL, NULL, 5, NULL, 6, NULL, NULL, NULL, NULL, NULL, NULL, 22, 22, 230, NULL, 4, NULL, 90, NULL, NULL, 130, 'Танк 4ур: Амулет (Магический форсаж: +50 здоровья)', 0, 0, 0, 1, 0, 190),
(1105, 'Амулет Феникса (мф)', 43, 'amulet', 'Маг', NULL, '/generated_items/Маг_4ур/Амулет_Феникса_amulet.png', NULL, NULL, 5, 7, NULL, 6, NULL, NULL, NULL, NULL, NULL, 3, 5, NULL, 4, NULL, NULL, NULL, 12, NULL, 170, NULL, 4, 20, 65, 35, NULL, NULL, 'Маг 4ур: Амулет (Магический форсаж: +50 здоровья)', 0, 0, 0, 1, 0, 190),
(1106, 'Амулет Горного Короля (мф)', 43, 'amulet', 'Маг Земли', NULL, '/generated_items/Маг Земли_4ур/Амулет_Горного_Короля_amulet.png', NULL, NULL, 5, 7, NULL, NULL, NULL, NULL, 6, NULL, NULL, 3, 5, NULL, NULL, NULL, NULL, 4, 12, NULL, 170, NULL, 4, 20, 65, 35, NULL, NULL, 'Маг Земли 4ур: Амулет (Магический форсаж: +50 здоровья)', 0, 0, 0, 1, 0, 190),
(1107, 'Амулет Океанида (мф)', 43, 'amulet', 'Маг Воды', NULL, '/generated_items/Маг Воды_4ур/Амулет_Океанида_amulet.png', NULL, NULL, 5, 7, NULL, NULL, 6, NULL, NULL, NULL, NULL, 3, 5, NULL, NULL, 4, NULL, NULL, 12, NULL, 170, NULL, 4, 20, 65, 35, NULL, NULL, 'Маг Воды 4ур: Амулет (Магический форсаж: +50 здоровья)', 0, 0, 0, 1, 0, 190),
(1108, 'Серьги Бездны (мф)', 43, 'earrings', 'Критовик', NULL, '/generated_items/Критовик_4ур/Серьги_Бездны_earrings.png', 6, NULL, 3, NULL, 5, NULL, NULL, NULL, NULL, 4, NULL, 2, NULL, 3, NULL, NULL, NULL, NULL, 15, NULL, 170, NULL, 4, 120, 20, 35, NULL, NULL, 'Критовик 4ур: Серьги (Магический форсаж: +50 здоровья)', 0, 0, 0, 1, 0, 190),
(1109, 'Серьги Бури (мф)', 43, 'earrings', 'Уворотчик', NULL, '/generated_items/Уворотчик_4ур/Серьги_Бури_earrings.png', 5, 6, 4, NULL, NULL, NULL, NULL, NULL, NULL, 3, 4, 3, NULL, NULL, NULL, NULL, NULL, NULL, 12, NULL, 170, NULL, 4, 65, 45, NULL, 120, 30, 'Уворотчик 4ур: Серьги (Магический форсаж: +50 здоровья)', 0, 0, 0, 1, 0, 190),
(1110, 'Серьги Грома (мф)', 43, 'earrings', 'Танк', NULL, '/generated_items/Танк_4ур/Серьги_Грома_earrings.png', 7, NULL, 7, NULL, NULL, NULL, NULL, NULL, NULL, 5, NULL, 5, NULL, NULL, NULL, NULL, NULL, NULL, 22, 22, 230, NULL, 4, NULL, 90, NULL, NULL, 130, 'Танк 4ур: Серьги (Магический форсаж: +50 здоровья)', 0, 0, 0, 1, 0, 190),
(1111, 'Серьги Феникса (мф)', 43, 'earrings', 'Маг', NULL, '/generated_items/Маг_4ур/Серьги_Феникса_earrings.png', NULL, NULL, 5, 6, NULL, 6, NULL, NULL, NULL, NULL, NULL, 3, 4, NULL, 4, NULL, NULL, NULL, 12, NULL, 170, NULL, 4, 20, 65, 35, NULL, NULL, 'Маг 4ур: Серьги (Магический форсаж: +50 здоровья)', 0, 0, 0, 1, 0, 190),
(1112, 'Серьги Горного Короля (мф)', 43, 'earrings', 'Маг Земли', NULL, '/generated_items/Маг Земли_4ур/Серьги_Горного_Короля_earrings.png', NULL, NULL, 5, 6, NULL, NULL, NULL, NULL, 6, NULL, NULL, 3, 4, NULL, NULL, NULL, NULL, 4, 12, NULL, 170, NULL, 4, 20, 65, 35, NULL, NULL, 'Маг Земли 4ур: Серьги (Магический форсаж: +50 здоровья)', 0, 0, 0, 1, 0, 190),
(1113, 'Серьги Океанида (мф)', 43, 'earrings', 'Маг Воды', NULL, '/generated_items/Маг Воды_4ур/Серьги_Океанида_earrings.png', NULL, NULL, 5, 6, NULL, NULL, 6, NULL, NULL, NULL, NULL, 3, 4, NULL, NULL, 4, NULL, NULL, 12, NULL, 170, NULL, 4, 20, 65, 35, NULL, NULL, 'Маг Воды 4ур: Серьги (Магический форсаж: +50 здоровья)', 0, 0, 0, 1, 0, 190),
(1114, 'Кольцо Бездны (мф)', 43, 'ring', 'Критовик', NULL, '/generated_items/Критовик_4ур/Кольцо_Бездны_ring.png', 6, NULL, 3, NULL, 5, NULL, NULL, NULL, NULL, 4, NULL, 2, NULL, 3, NULL, NULL, NULL, NULL, 30, NULL, 300, NULL, 4, 200, 20, 40, NULL, NULL, 'Критовик 4ур: Кольцо (Магический форсаж: +50 здоровья)', 0, 0, 0, 1, 0, 190),
(1115, 'Кольцо Бури (мф)', 43, 'ring', 'Уворотчик', NULL, '/generated_items/Уворотчик_4ур/Кольцо_Бури_ring.png', 5, 6, 4, NULL, NULL, NULL, NULL, NULL, NULL, 3, 4, 3, NULL, NULL, NULL, NULL, NULL, NULL, 35, NULL, 300, NULL, 4, 100, 70, NULL, 280, 35, 'Уворотчик 4ур: Кольцо (Магический форсаж: +50 здоровья)', 0, 0, 0, 1, 0, 190),
(1116, 'Кольцо Грома (мф)', 43, 'ring', 'Танк', NULL, '/generated_items/Танк_4ур/Кольцо_Грома_ring.png', 7, NULL, 7, NULL, NULL, NULL, NULL, NULL, NULL, 5, NULL, 5, NULL, NULL, NULL, NULL, NULL, NULL, 50, 35, 370, NULL, 4, NULL, 110, NULL, NULL, 170, 'Танк 4ур: Кольцо (Магический форсаж: +50 здоровья)', 0, 0, 0, 1, 0, 190),
(1117, 'Кольцо Феникса (мф)', 43, 'ring', 'Маг', NULL, '/generated_items/Маг_4ур/Кольцо_Феникса_ring.png', NULL, NULL, 5, 6, NULL, 6, NULL, NULL, NULL, NULL, NULL, 3, 4, NULL, 4, NULL, NULL, NULL, 35, NULL, 330, NULL, 4, 35, 85, 45, NULL, NULL, 'Маг 4ур: Кольцо (Магический форсаж: +50 здоровья)', 0, 0, 0, 1, 0, 190),
(1118, 'Кольцо Горного Короля (мф)', 43, 'ring', 'Маг Земли', NULL, '/generated_items/Маг Земли_4ур/Кольцо_Горного_Короля_ring.png', NULL, NULL, 5, 6, NULL, NULL, NULL, NULL, 6, NULL, NULL, 3, 4, NULL, NULL, NULL, NULL, 4, 35, NULL, 330, NULL, 4, 35, 85, 45, NULL, NULL, 'Маг Земли 4ур: Кольцо (Магический форсаж: +50 здоровья)', 0, 0, 0, 1, 0, 190);
INSERT INTO `item` (`id`, `name`, `cost`, `type`, `class`, `exec`, `img`, `n_str`, `n_dex`, `n_end`, `n_inte`, `n_intu`, `n_fire`, `n_water`, `n_air`, `n_earth`, `str`, `dex`, `end`, `inte`, `intu`, `fire`, `water`, `air`, `earth`, `damage`, `defence`, `health`, `mana`, `n_level`, `crit`, `anticrit`, `mdef`, `evaision`, `aeveision`, `description`, `regenerated`, `complite`, `isArt`, `isCraft`, `cost_ekr`, `repa`) VALUES
(1119, 'Кольцо Океанида (мф)', 43, 'ring', 'Маг Воды', NULL, '/generated_items/Маг Воды_4ур/Кольцо_Океанида_ring.png', NULL, NULL, 5, 6, NULL, NULL, 6, NULL, NULL, NULL, NULL, 3, 4, NULL, NULL, 4, NULL, NULL, 35, NULL, 330, NULL, 4, 35, 85, 45, NULL, NULL, 'Маг Воды 4ур: Кольцо (Магический форсаж: +50 здоровья)', 0, 0, 0, 1, 0, 190),
(1133, 'Амулет Ужаса (мф)', 104, 'amulet', 'Критовик', NULL, '/generated_items/Критовик_6ур/Амулет_Ужаса_amulet.png', 10, NULL, 6, NULL, 10, NULL, NULL, NULL, NULL, 8, NULL, 5, NULL, 8, NULL, NULL, NULL, NULL, 25, NULL, 280, NULL, 6, 200, 30, 55, NULL, NULL, 'Критовик 6ур: Амулет (Магический форсаж: +50 здоровья)', 0, 0, 0, 1, 0, 380),
(1134, 'Амулет Шторма (мф)', 104, 'amulet', 'Уворотчик', NULL, '/generated_items/Уворотчик_6ур/Амулет_Шторма_amulet.png', 9, 10, 8, NULL, NULL, NULL, NULL, NULL, NULL, 5, 6, 5, NULL, NULL, NULL, NULL, NULL, NULL, 22, NULL, 280, NULL, 6, 110, 75, NULL, 200, 50, 'Уворотчик 6ур: Амулет (Магический форсаж: +50 здоровья)', 0, 0, 0, 1, 0, 380),
(1135, 'Амулет Гор (мф)', 104, 'amulet', 'Танк', NULL, '/generated_items/Танк_6ур/Амулет_Гор_amulet.png', 11, NULL, 12, NULL, NULL, NULL, NULL, NULL, NULL, 8, NULL, 10, NULL, NULL, NULL, NULL, NULL, NULL, 40, 40, 420, NULL, 6, NULL, 160, NULL, NULL, 220, 'Танк 6ур: Амулет (Магический форсаж: +50 здоровья)', 0, 0, 0, 1, 0, 380),
(1136, 'Амулет Саламандры (мф)', 104, 'amulet', 'Маг', NULL, '/generated_items/Маг_6ур/Амулет_Саламандры_amulet.png', NULL, NULL, 9, 12, NULL, 10, NULL, NULL, NULL, NULL, NULL, 6, 9, NULL, 7, NULL, NULL, NULL, 25, NULL, 320, NULL, 6, 40, 120, 65, NULL, NULL, 'Маг 6ур: Амулет (Магический форсаж: +50 здоровья)', 0, 0, 0, 1, 0, 380),
(1137, 'Амулет Терры (мф)', 104, 'amulet', 'Маг Земли', NULL, '/generated_items/Маг Земли_6ур/Амулет_Терры_amulet.png', NULL, NULL, 9, 12, NULL, NULL, NULL, NULL, 10, NULL, NULL, 6, 9, NULL, NULL, NULL, NULL, 7, 25, NULL, 320, NULL, 6, 40, 120, 65, NULL, NULL, 'Маг Земли 6ур: Амулет (Магический форсаж: +50 здоровья)', 0, 0, 0, 1, 0, 380),
(1138, 'Амулет Нептуна (мф)', 104, 'amulet', 'Маг Воды', NULL, '/generated_items/Маг Воды_6ур/Амулет_Нептуна_amulet.png', NULL, NULL, 9, 12, NULL, NULL, 10, NULL, NULL, NULL, NULL, 6, 9, NULL, NULL, 7, NULL, NULL, 25, NULL, 320, NULL, 6, 40, 120, 65, NULL, NULL, 'Маг Воды 6ур: Амулет (Магический форсаж: +50 здоровья)', 0, 0, 0, 1, 0, 380),
(1139, 'Серьги Ужаса (мф)', 104, 'earrings', 'Критовик', NULL, '/generated_items/Критовик_6ур/Серьги_Ужаса_earrings.png', 10, NULL, 5, NULL, 8, NULL, NULL, NULL, NULL, 8, NULL, 4, NULL, 6, NULL, NULL, NULL, NULL, 25, NULL, 280, NULL, 6, 200, 30, 55, NULL, NULL, 'Критовик 6ур: Серьги (Магический форсаж: +50 здоровья)', 0, 0, 0, 1, 0, 380),
(1140, 'Серьги Шторма (мф)', 104, 'earrings', 'Уворотчик', NULL, '/generated_items/Уворотчик_6ур/Серьги_Шторма_earrings.png', 9, 10, 7, NULL, NULL, NULL, NULL, NULL, NULL, 5, 6, 5, NULL, NULL, NULL, NULL, NULL, NULL, 22, NULL, 280, NULL, 6, 110, 75, NULL, 200, 50, 'Уворотчик 6ур: Серьги (Магический форсаж: +50 здоровья)', 0, 0, 0, 1, 0, 380),
(1141, 'Серьги Гор (мф)', 104, 'earrings', 'Танк', NULL, '/generated_items/Танк_6ур/Серьги_Гор_earrings.png', 11, NULL, 11, NULL, NULL, NULL, NULL, NULL, NULL, 8, NULL, 9, NULL, NULL, NULL, NULL, NULL, NULL, 40, 40, 420, NULL, 6, NULL, 160, NULL, NULL, 220, 'Танк 6ур: Серьги (Магический форсаж: +50 здоровья)', 0, 0, 0, 1, 0, 380),
(1142, 'Серьги Саламандры (мф)', 104, 'earrings', 'Маг', NULL, '/generated_items/Маг_6ур/Серьги_Саламандры_earrings.png', NULL, NULL, 9, 10, NULL, 10, NULL, NULL, NULL, NULL, NULL, 6, 7, NULL, 7, NULL, NULL, NULL, 25, NULL, 320, NULL, 6, 40, 120, 65, NULL, NULL, 'Маг 6ур: Серьги (Магический форсаж: +50 здоровья)', 0, 0, 0, 1, 0, 380),
(1143, 'Серьги Терры (мф)', 104, 'earrings', 'Маг Земли', NULL, '/generated_items/Маг Земли_6ур/Серьги_Терры_earrings.png', NULL, NULL, 9, 10, NULL, NULL, NULL, NULL, 10, NULL, NULL, 6, 7, NULL, NULL, NULL, NULL, 7, 25, NULL, 320, NULL, 6, 40, 120, 65, NULL, NULL, 'Маг Земли 6ур: Серьги (Магический форсаж: +50 здоровья)', 0, 0, 0, 1, 0, 380),
(1144, 'Серьги Нептуна (мф)', 104, 'earrings', 'Маг Воды', NULL, '/generated_items/Маг Воды_6ур/Серьги_Нептуна_earrings.png', NULL, NULL, 9, 10, NULL, NULL, 10, NULL, NULL, NULL, NULL, 6, 7, NULL, NULL, 7, NULL, NULL, 25, NULL, 320, NULL, 6, 40, 120, 65, NULL, NULL, 'Маг Воды 6ур: Серьги (Магический форсаж: +50 здоровья)', 0, 0, 0, 1, 0, 380),
(1145, 'Кольцо Ужаса (мф)', 104, 'ring', 'Критовик', NULL, '/generated_items/Критовик_6ур/Кольцо_Ужаса_ring.png', 10, NULL, 5, NULL, 8, NULL, NULL, NULL, NULL, 8, NULL, 4, NULL, 6, NULL, NULL, NULL, NULL, 50, NULL, 450, NULL, 6, 360, 30, 60, NULL, NULL, 'Критовик 6ур: Кольцо (Магический форсаж: +50 здоровья)', 0, 0, 0, 1, 0, 380),
(1146, 'Кольцо Шторма (мф)', 104, 'ring', 'Уворотчик', NULL, '/generated_items/Уворотчик_6ур/Кольцо_Шторма_ring.png', 9, 10, 7, NULL, NULL, NULL, NULL, NULL, NULL, 5, 6, 5, NULL, NULL, NULL, NULL, NULL, NULL, 60, NULL, 550, NULL, 6, 180, 120, NULL, 480, 55, 'Уворотчик 6ур: Кольцо (Магический форсаж: +50 здоровья)', 0, 0, 0, 1, 0, 380),
(1147, 'Кольцо Гор (мф)', 104, 'ring', 'Танк', NULL, '/generated_items/Танк_6ур/Кольцо_Гор_ring.png', 11, NULL, 11, NULL, NULL, NULL, NULL, NULL, NULL, 8, NULL, 9, NULL, NULL, NULL, NULL, NULL, NULL, 90, 65, 680, NULL, 6, NULL, 190, NULL, NULL, 280, 'Танк 6ур: Кольцо (Магический форсаж: +50 здоровья)', 0, 0, 0, 1, 0, 380),
(1148, 'Кольцо Саламандры (мф)', 104, 'ring', 'Маг', NULL, '/generated_items/Маг_6ур/Кольцо_Саламандры_ring.png', NULL, NULL, 9, 10, NULL, 10, NULL, NULL, NULL, NULL, NULL, 6, 7, NULL, 7, NULL, NULL, NULL, 70, NULL, 600, NULL, 6, 70, 160, 80, NULL, NULL, 'Маг 6ур: Кольцо (Магический форсаж: +50 здоровья)', 0, 0, 0, 1, 0, 380),
(1149, 'Кольцо Терры (мф)', 104, 'ring', 'Маг Земли', NULL, '/generated_items/Маг Земли_6ур/Кольцо_Терры_ring.png', NULL, NULL, 9, 10, NULL, NULL, NULL, NULL, 10, NULL, NULL, 6, 7, NULL, NULL, NULL, NULL, 7, 70, NULL, 600, NULL, 6, 70, 160, 80, NULL, NULL, 'Маг Земли 6ур: Кольцо (Магический форсаж: +50 здоровья)', 0, 0, 0, 1, 0, 380),
(1150, 'Кольцо Нептуна (мф)', 104, 'ring', 'Маг Воды', NULL, '/generated_items/Маг Воды_6ур/Кольцо_Нептуна_ring.png', NULL, NULL, 9, 10, NULL, NULL, 10, NULL, NULL, NULL, NULL, 6, 7, NULL, NULL, 7, NULL, NULL, 70, NULL, 600, NULL, 6, 70, 160, 80, NULL, NULL, 'Маг Воды 6ур: Кольцо (Магический форсаж: +50 здоровья)', 0, 0, 0, 1, 0, 380),
(1164, 'Амулет Кошмара (мф)', 202, 'amulet', 'Критовик', NULL, '/generated_items/Критовик_8ур/Амулет_Кошмара_amulet.png', 15, NULL, 10, NULL, 15, NULL, NULL, NULL, NULL, 12, NULL, 8, NULL, 12, NULL, NULL, NULL, NULL, 35, NULL, 400, NULL, 8, 300, 50, 85, NULL, NULL, 'Критовик 8ур: Амулет (Магический форсаж: +150 здоровья)', 0, 0, 0, 1, 0, 570),
(1165, 'Амулет Тайфуна (мф)', 202, 'amulet', 'Уворотчик', NULL, '/generated_items/Уворотчик_8ур/Амулет_Тайфуна_amulet.png', 13, 15, 12, NULL, NULL, NULL, NULL, NULL, NULL, 8, 10, 9, NULL, NULL, NULL, NULL, NULL, NULL, 35, NULL, 430, NULL, 8, 170, 110, NULL, 310, 75, 'Уворотчик 8ур: Амулет (Магический форсаж: +150 здоровья)', 0, 0, 0, 1, 0, 570),
(1166, 'Амулет Колосса (мф)', 202, 'amulet', 'Танк', NULL, '/generated_items/Танк_8ур/Амулет_Колосса_amulet.png', 16, NULL, 18, NULL, NULL, NULL, NULL, NULL, NULL, 11, NULL, 13, NULL, NULL, NULL, NULL, NULL, NULL, 60, 60, 630, NULL, 8, NULL, 240, NULL, NULL, 340, 'Танк 8ур: Амулет (Магический форсаж: +150 здоровья)', 0, 0, 0, 1, 0, 570),
(1167, 'Амулет Сурта (мф)', 202, 'amulet', 'Маг', NULL, '/generated_items/Маг_8ур/Амулет_Сурта_amulet.png', NULL, NULL, 14, 19, NULL, 16, NULL, NULL, NULL, NULL, NULL, 10, 14, NULL, 12, NULL, NULL, NULL, 45, NULL, 500, NULL, 8, 65, 190, 105, NULL, NULL, 'Маг 8ур: Амулет (Магический форсаж: +150 здоровья)', 0, 0, 0, 1, 0, 570),
(1168, 'Амулет Тектоники (мф)', 202, 'amulet', 'Маг Земли', NULL, '/generated_items/Маг Земли_8ур/Амулет_Тектоники_amulet.png', NULL, NULL, 14, 19, NULL, NULL, NULL, NULL, 16, NULL, NULL, 10, 14, NULL, NULL, NULL, NULL, 12, 45, NULL, 500, NULL, 8, 65, 190, 105, NULL, NULL, 'Маг Земли 8ур: Амулет (Магический форсаж: +150 здоровья)', 0, 0, 0, 1, 0, 570),
(1169, 'Амулет Марины (мф)', 202, 'amulet', 'Маг Воды', NULL, '/generated_items/Маг Воды_8ур/Амулет_Марины_amulet.png', NULL, NULL, 14, 19, NULL, NULL, 16, NULL, NULL, NULL, NULL, 10, 14, NULL, NULL, 12, NULL, NULL, 45, NULL, 500, NULL, 8, 65, 190, 105, NULL, NULL, 'Маг Воды 8ур: Амулет (Магический форсаж: +150 здоровья)', 0, 0, 0, 1, 0, 570),
(1170, 'Серьги Кошмара (мф)', 202, 'earrings', 'Критовик', NULL, '/generated_items/Критовик_8ур/Серьги_Кошмара_earrings.png', 15, NULL, 8, NULL, 12, NULL, NULL, NULL, NULL, 12, NULL, 6, NULL, 9, NULL, NULL, NULL, NULL, 35, NULL, 400, NULL, 8, 300, 50, 85, NULL, NULL, 'Критовик 8ур: Серьги (Магический форсаж: +150 здоровья)', 0, 0, 0, 1, 0, 570),
(1171, 'Серьги Тайфуна (мф)', 202, 'earrings', 'Уворотчик', NULL, '/generated_items/Уворотчик_8ур/Серьги_Тайфуна_earrings.png', 13, 15, 11, NULL, NULL, NULL, NULL, NULL, NULL, 8, 10, 8, NULL, NULL, NULL, NULL, NULL, NULL, 35, NULL, 430, NULL, 8, 170, 110, NULL, 310, 75, 'Уворотчик 8ур: Серьги (Магический форсаж: +150 здоровья)', 0, 0, 0, 1, 0, 570),
(1172, 'Серьги Колосса (мф)', 202, 'earrings', 'Танк', NULL, '/generated_items/Танк_8ур/Серьги_Колосса_earrings.png', 16, NULL, 17, NULL, NULL, NULL, NULL, NULL, NULL, 11, NULL, 12, NULL, NULL, NULL, NULL, NULL, NULL, 60, 60, 630, NULL, 8, NULL, 240, NULL, NULL, 340, 'Танк 8ур: Серьги (Магический форсаж: +150 здоровья)', 0, 0, 0, 1, 0, 570),
(1173, 'Серьги Сурта (мф)', 202, 'earrings', 'Маг', NULL, '/generated_items/Маг_8ур/Серьги_Сурта_earrings.png', NULL, NULL, 14, 16, NULL, 16, NULL, NULL, NULL, NULL, NULL, 10, 12, NULL, 12, NULL, NULL, NULL, 45, NULL, 500, NULL, 8, 65, 190, 105, NULL, NULL, 'Маг 8ур: Серьги (Магический форсаж: +150 здоровья)', 0, 0, 0, 1, 0, 570),
(1174, 'Серьги Тектоники (мф)', 202, 'earrings', 'Маг Земли', NULL, '/generated_items/Маг Земли_8ур/Серьги_Тектоники_earrings.png', NULL, NULL, 14, 16, NULL, NULL, NULL, NULL, 16, NULL, NULL, 10, 12, NULL, NULL, NULL, NULL, 12, 45, NULL, 500, NULL, 8, 65, 190, 105, NULL, NULL, 'Маг Земли 8ур: Серьги (Магический форсаж: +150 здоровья)', 0, 0, 0, 1, 0, 570),
(1175, 'Серьги Марины (мф)', 202, 'earrings', 'Маг Воды', NULL, '/generated_items/Маг Воды_8ур/Серьги_Марины_earrings.png', NULL, NULL, 14, 16, NULL, NULL, 16, NULL, NULL, NULL, NULL, 10, 12, NULL, NULL, 12, NULL, NULL, 45, NULL, 500, NULL, 8, 65, 190, 105, NULL, NULL, 'Маг Воды 8ур: Серьги (Магический форсаж: +150 здоровья)', 0, 0, 0, 1, 0, 570),
(1176, 'Кольцо Кошмара (мф)', 202, 'ring', 'Критовик', NULL, '/generated_items/Критовик_8ур/Кольцо_Кошмара_ring.png', 15, NULL, 8, NULL, 12, NULL, NULL, NULL, NULL, 12, NULL, 6, NULL, 9, NULL, NULL, NULL, NULL, 70, NULL, 700, NULL, 8, 550, 50, 90, NULL, NULL, 'Критовик 8ур: Кольцо (Магический форсаж: +150 здоровья)', 0, 0, 0, 1, 0, 570),
(1177, 'Кольцо Тайфуна (мф)', 202, 'ring', 'Уворотчик', NULL, '/generated_items/Уворотчик_8ур/Кольцо_Тайфуна_ring.png', 13, 15, 11, NULL, NULL, NULL, NULL, NULL, NULL, 8, 10, 8, NULL, NULL, NULL, NULL, NULL, NULL, 90, NULL, 830, NULL, 8, 280, 180, NULL, 750, 85, 'Уворотчик 8ур: Кольцо (Магический форсаж: +150 здоровья)', 0, 0, 0, 1, 0, 570),
(1178, 'Кольцо Колосса (мф)', 202, 'ring', 'Танк', NULL, '/generated_items/Танк_8ур/Кольцо_Колосса_ring.png', 16, NULL, 17, NULL, NULL, NULL, NULL, NULL, NULL, 11, NULL, 12, NULL, NULL, NULL, NULL, NULL, NULL, 135, 100, 1030, NULL, 8, NULL, 300, NULL, NULL, 440, 'Танк 8ур: Кольцо (Магический форсаж: +150 здоровья)', 0, 0, 0, 1, 0, 570),
(1179, 'Кольцо Сурта (мф)', 202, 'ring', 'Маг', NULL, '/generated_items/Маг_8ур/Кольцо_Сурта_ring.png', NULL, NULL, 14, 16, NULL, 16, NULL, NULL, NULL, NULL, NULL, 10, 12, NULL, 12, NULL, NULL, NULL, 110, NULL, 950, NULL, 8, 110, 250, 130, NULL, NULL, 'Маг 8ур: Кольцо (Магический форсаж: +150 здоровья)', 0, 0, 0, 1, 0, 570),
(1180, 'Кольцо Тектоники (мф)', 202, 'ring', 'Маг Земли', NULL, '/generated_items/Маг Земли_8ур/Кольцо_Тектоники_ring.png', NULL, NULL, 14, 16, NULL, NULL, NULL, NULL, 16, NULL, NULL, 10, 12, NULL, NULL, NULL, NULL, 12, 110, NULL, 950, NULL, 8, 110, 250, 130, NULL, NULL, 'Маг Земли 8ур: Кольцо (Магический форсаж: +150 здоровья)', 0, 0, 0, 1, 0, 570),
(1181, 'Кольцо Марины (мф)', 202, 'ring', 'Маг Воды', NULL, '/generated_items/Маг Воды_8ур/Кольцо_Марины_ring.png', NULL, NULL, 14, 16, NULL, NULL, 16, NULL, NULL, NULL, NULL, 10, 12, NULL, NULL, 12, NULL, NULL, 110, NULL, 950, NULL, 8, 110, 250, 130, NULL, NULL, 'Маг Воды 8ур: Кольцо (Магический форсаж: +150 здоровья)', 0, 0, 0, 1, 0, 570),
(1195, 'Легендарный Амулет Теней (мф)', 399, 'amulet', 'Критовик', NULL, '/generated_items/Критовик_10ур/Легендарный_Амулет_Теней_amulet.png', 22, NULL, 15, NULL, 22, NULL, NULL, NULL, NULL, 16, NULL, 12, NULL, 16, NULL, NULL, NULL, NULL, 60, NULL, 600, NULL, 10, 450, 80, 130, NULL, NULL, 'Критовик 10ур: Амулет (Магический форсаж: +200 здоровья)', 0, 0, 0, 1, 0, 760),
(1196, 'Легендарный Амулет Ветра (мф)', 399, 'amulet', 'Уворотчик', NULL, '/generated_items/Уворотчик_10ур/Легендарный_Амулет_Ветра_amulet.png', 19, 22, 17, NULL, NULL, NULL, NULL, NULL, NULL, 12, 15, 13, NULL, NULL, NULL, NULL, NULL, NULL, 55, NULL, 650, NULL, 10, 250, 180, NULL, 460, 110, 'Уворотчик 10ур: Амулет (Магический форсаж: +200 здоровья)', 0, 0, 0, 1, 0, 760),
(1197, 'Легендарный Амулет Титана (мф)', 399, 'amulet', 'Танк', NULL, '/generated_items/Танк_10ур/Легендарный_Амулет_Титана_amulet.png', 23, NULL, 26, NULL, NULL, NULL, NULL, NULL, NULL, 16, NULL, 20, NULL, NULL, NULL, NULL, NULL, NULL, 90, 90, 950, NULL, 10, NULL, 350, NULL, NULL, 490, 'Танк 10ур: Амулет (Магический форсаж: +200 здоровья)', 0, 0, 0, 1, 0, 760),
(1198, 'Легендарный Амулет Пламени (мф)', 399, 'amulet', 'Маг', NULL, '/generated_items/Маг_10ур/Легендарный_Амулет_Пламени_amulet.png', NULL, NULL, 21, 28, NULL, 24, NULL, NULL, NULL, NULL, NULL, 14, 21, NULL, 18, NULL, NULL, NULL, 70, NULL, 750, NULL, 10, 100, 280, 160, NULL, NULL, 'Маг 10ур: Амулет (Магический форсаж: +200 здоровья)', 0, 0, 0, 1, 0, 760),
(1199, 'Легендарный Амулет Земли (мф)', 399, 'amulet', 'Маг Земли', NULL, '/generated_items/Маг Земли_10ур/Легендарный_Амулет_Земли_amulet.png', NULL, NULL, 21, 28, NULL, NULL, NULL, NULL, 24, NULL, NULL, 14, 21, NULL, NULL, NULL, NULL, 18, 70, NULL, 750, NULL, 10, 100, 280, 160, NULL, NULL, 'Маг Земли 10ур: Амулет (Магический форсаж: +200 здоровья)', 0, 0, 0, 1, 0, 760),
(1200, 'Легендарный Амулет Воды (мф)', 399, 'amulet', 'Маг Воды', NULL, '/generated_items/Маг Воды_10ур/Легендарный_Амулет_Воды_amulet.png', NULL, NULL, 21, 28, NULL, NULL, 24, NULL, NULL, NULL, NULL, 14, 21, NULL, NULL, 18, NULL, NULL, 70, NULL, 750, NULL, 10, 100, 280, 160, NULL, NULL, 'Маг Воды 10ур: Амулет (Магический форсаж: +200 здоровья)', 0, 0, 0, 1, 0, 760),
(1201, 'Легендарные Серьги Теней (мф)', 399, 'earrings', 'Критовик', NULL, '/generated_items/Критовик_10ур/Легендарные_Серьги_Теней_earrings.png', 22, NULL, 12, NULL, 18, NULL, NULL, NULL, NULL, 16, NULL, 10, NULL, 14, NULL, NULL, NULL, NULL, 60, NULL, 600, NULL, 10, 450, 80, 130, NULL, NULL, 'Критовик 10ур: Серьги (Магический форсаж: +200 здоровья)', 0, 0, 0, 1, 0, 760),
(1202, 'Легендарные Серьги Ветра (мф)', 399, 'earrings', 'Уворотчик', NULL, '/generated_items/Уворотчик_10ур/Легендарные_Серьги_Ветра_earrings.png', 19, 22, 16, NULL, NULL, NULL, NULL, NULL, NULL, 12, 15, 12, NULL, NULL, NULL, NULL, NULL, NULL, 55, NULL, 650, NULL, 10, 250, 180, NULL, 460, 110, 'Уворотчик 10ур: Серьги (Магический форсаж: +200 здоровья)', 0, 0, 0, 1, 0, 760),
(1203, 'Легендарные Серьги Титана (мф)', 399, 'earrings', 'Танк', NULL, '/generated_items/Танк_10ур/Легендарные_Серьги_Титана_earrings.png', 23, NULL, 24, NULL, NULL, NULL, NULL, NULL, NULL, 16, NULL, 18, NULL, NULL, NULL, NULL, NULL, NULL, 90, 90, 950, NULL, 10, NULL, 350, NULL, NULL, 490, 'Танк 10ур: Серьги (Магический форсаж: +200 здоровья)', 0, 0, 0, 1, 0, 760),
(1204, 'Легендарные Серьги Пламени (мф)', 399, 'earrings', 'Маг', NULL, '/generated_items/Маг_10ур/Легендарные_Серьги_Пламени_earrings.png', NULL, NULL, 21, 24, NULL, 24, NULL, NULL, NULL, NULL, NULL, 14, 18, NULL, 18, NULL, NULL, NULL, 70, NULL, 750, NULL, 10, 100, 280, 160, NULL, NULL, 'Маг 10ур: Серьги (Магический форсаж: +200 здоровья)', 0, 0, 0, 1, 0, 760),
(1205, 'Легендарные Серьги Земли (мф)', 399, 'earrings', 'Маг Земли', NULL, '/generated_items/Маг Земли_10ур/Легендарные_Серьги_Земли_earrings.png', NULL, NULL, 21, 24, NULL, NULL, NULL, NULL, 24, NULL, NULL, 14, 18, NULL, NULL, NULL, NULL, 18, 70, NULL, 750, NULL, 10, 100, 280, 160, NULL, NULL, 'Маг Земли 10ур: Серьги (Магический форсаж: +200 здоровья)', 0, 0, 0, 1, 0, 760),
(1206, 'Легендарные Серьги Воды (мф)', 399, 'earrings', 'Маг Воды', NULL, '/generated_items/Маг Воды_10ур/Легендарные_Серьги_Воды_earrings.png', NULL, NULL, 21, 24, NULL, NULL, 24, NULL, NULL, NULL, NULL, 14, 18, NULL, NULL, 18, NULL, NULL, 70, NULL, 750, NULL, 10, 100, 280, 160, NULL, NULL, 'Маг Воды 10ур: Серьги (Магический форсаж: +200 здоровья)', 0, 0, 0, 1, 0, 760),
(1207, 'Легендарное Кольцо Теней (мф)', 399, 'ring', 'Критовик', NULL, '/generated_items/Критовик_10ур/Легендарное_Кольцо_Теней_ring.png', 22, NULL, 12, NULL, 18, NULL, NULL, NULL, NULL, 16, NULL, 10, NULL, 14, NULL, NULL, NULL, NULL, 120, NULL, 1000, NULL, 10, 800, 80, 140, NULL, NULL, 'Критовик 10ур: Кольцо (Магический форсаж: +200 здоровья)', 0, 0, 0, 1, 0, 760),
(1208, 'Легендарное Кольцо Ветра (мф)', 399, 'ring', 'Уворотчик', NULL, '/generated_items/Уворотчик_10ур/Легендарное_Кольцо_Ветра_ring.png', 19, 22, 16, NULL, NULL, NULL, NULL, NULL, NULL, 12, 15, 12, NULL, NULL, NULL, NULL, NULL, NULL, 130, NULL, 1200, NULL, 10, 410, 300, NULL, 1100, 130, 'Уворотчик 10ур: Кольцо (Магический форсаж: +200 здоровья)', 0, 0, 0, 1, 0, 760),
(1209, 'Легендарное Кольцо Титана (мф)', 399, 'ring', 'Танк', NULL, '/generated_items/Танк_10ур/Легендарное_Кольцо_Титана_ring.png', 23, NULL, 24, NULL, NULL, NULL, NULL, NULL, NULL, 16, NULL, 18, NULL, NULL, NULL, NULL, NULL, NULL, 200, 150, 1550, NULL, 10, NULL, 430, NULL, NULL, 640, 'Танк 10ур: Кольцо (Магический форсаж: +200 здоровья)', 0, 0, 0, 1, 0, 760),
(1210, 'Легендарное Кольцо Пламени (мф)', 399, 'ring', 'Маг', NULL, '/generated_items/Маг_10ур/Легендарное_Кольцо_Пламени_ring.png', NULL, NULL, 21, 24, NULL, 24, NULL, NULL, NULL, NULL, NULL, 14, 18, NULL, 18, NULL, NULL, NULL, 170, NULL, 1450, NULL, 10, 165, 380, 200, NULL, NULL, 'Маг 10ур: Кольцо (Магический форсаж: +200 здоровья)', 0, 0, 0, 1, 0, 760),
(1211, 'Легендарное Кольцо Земли (мф)', 399, 'ring', 'Маг Земли', NULL, '/generated_items/Маг Земли_10ур/Легендарное_Кольцо_Земли_ring.png', NULL, NULL, 21, 24, NULL, NULL, NULL, NULL, 24, NULL, NULL, 14, 18, NULL, NULL, NULL, NULL, 18, 170, NULL, 1450, NULL, 10, 165, 380, 200, NULL, NULL, 'Маг Земли 10ур: Кольцо (Магический форсаж: +200 здоровья)', 0, 0, 0, 1, 0, 760),
(1212, 'Легендарное Кольцо Воды (мф)', 399, 'ring', 'Маг Воды', NULL, '/generated_items/Маг Воды_10ур/Легендарное_Кольцо_Воды_ring.png', NULL, NULL, 21, 24, NULL, NULL, 24, NULL, NULL, NULL, NULL, 14, 18, NULL, NULL, 18, NULL, NULL, 170, NULL, 1450, NULL, 10, 165, 380, 200, NULL, NULL, 'Маг Воды 10ур: Кольцо (Магический форсаж: +200 здоровья)', 0, 0, 0, 1, 0, 760);

-- --------------------------------------------------------

--
-- Структура таблицы `mailed`
--

CREATE TABLE `mailed` (
  `id` int NOT NULL,
  `from_user_id` int NOT NULL,
  `to_user_id` int NOT NULL,
  `created_time` int NOT NULL,
  `complited` int NOT NULL,
  `item_id` int NOT NULL,
  `cost` int NOT NULL
) ENGINE=InnoDB DEFAULT CHARSET=utf8mb4 COLLATE=utf8mb4_0900_ai_ci;

--
-- Дамп данных таблицы `mailed`
--

INSERT INTO `mailed` (`id`, `from_user_id`, `to_user_id`, `created_time`, `complited`, `item_id`, `cost`) VALUES
(1, 2, 3, 1780142193, 1, 191, 5),
(3, 3, 2, 1780142767, 1, 191, 900000),
(4, 2, 3, 1780143665, 1, 189, 1),
(6, 2, 3, 1780323832, 1, 203, 10),
(18, 2, 3, 1780505935, 1, 245, 0);

-- --------------------------------------------------------

--
-- Структура таблицы `spells`
--

CREATE TABLE `spells` (
  `id` int NOT NULL,
  `name` varchar(255) NOT NULL,
  `img` varchar(255) NOT NULL
) ENGINE=InnoDB DEFAULT CHARSET=utf8mb4 COLLATE=utf8mb4_0900_ai_ci;

--
-- Дамп данных таблицы `spells`
--

INSERT INTO `spells` (`id`, `name`, `img`) VALUES
(1, 'Заточка', '/img/spells/ench.png');

-- --------------------------------------------------------

--
-- Структура таблицы `user`
--

CREATE TABLE `user` (
  `id` int NOT NULL,
  `username` varchar(255) NOT NULL,
  `password_hash` varchar(255) NOT NULL,
  `auth_key` varchar(255) NOT NULL,
  `session_id` varchar(255) CHARACTER SET utf8mb4 COLLATE utf8mb4_0900_ai_ci DEFAULT NULL,
  `session_expire` int DEFAULT NULL,
  `created_at` int NOT NULL,
  `updated_at` int NOT NULL,
  `email` varchar(255) NOT NULL,
  `password_reset_token` varchar(255) CHARACTER SET utf8mb4 COLLATE utf8mb4_0900_ai_ci DEFAULT NULL,
  `status` int NOT NULL DEFAULT '10',
  `kr` int NOT NULL DEFAULT '0',
  `ekr` int NOT NULL DEFAULT '0',
  `str` int NOT NULL DEFAULT '3',
  `dex` int NOT NULL DEFAULT '3',
  `inte` int NOT NULL DEFAULT '3',
  `intu` int NOT NULL DEFAULT '3',
  `level` int NOT NULL DEFAULT '1',
  `exp` int NOT NULL DEFAULT '0',
  `endu` int NOT NULL DEFAULT '3',
  `points` int NOT NULL DEFAULT '12',
  `fire` int NOT NULL DEFAULT '0',
  `water` int NOT NULL DEFAULT '0',
  `air` int NOT NULL DEFAULT '0',
  `earth` int NOT NULL DEFAULT '0',
  `damage` int NOT NULL DEFAULT '10',
  `defence` int NOT NULL DEFAULT '0',
  `health` int NOT NULL DEFAULT '50',
  `mana` int NOT NULL DEFAULT '0',
  `crit` int NOT NULL DEFAULT '0',
  `anticrit` int NOT NULL DEFAULT '0',
  `mdef` int NOT NULL DEFAULT '0',
  `evaision` int NOT NULL DEFAULT '0',
  `aeveision` int NOT NULL DEFAULT '0',
  `helm` int DEFAULT NULL,
  `weapon` int DEFAULT NULL,
  `shild` int DEFAULT NULL,
  `chest` int DEFAULT NULL,
  `leg` int DEFAULT NULL,
  `brasers` int DEFAULT NULL,
  `belt` int DEFAULT NULL,
  `gloves` int DEFAULT NULL,
  `boots` int DEFAULT NULL,
  `earrings` int DEFAULT NULL,
  `amulet` int DEFAULT NULL,
  `ring1` int DEFAULT NULL,
  `ring2` int DEFAULT NULL,
  `ring3` int DEFAULT NULL,
  `battle_id` int DEFAULT NULL,
  `in_battle` int DEFAULT NULL,
  `instance_id` int DEFAULT NULL,
  `ava` varchar(255) NOT NULL DEFAULT '/img/player/1.png',
  `isOnline` int DEFAULT NULL,
  `chat_height` int NOT NULL DEFAULT '150',
  `chat_collapsed` int DEFAULT '0',
  `up` int NOT NULL DEFAULT '0',
  `win` int NOT NULL DEFAULT '0',
  `loose` int NOT NULL DEFAULT '0',
  `clan_id` int DEFAULT NULL,
  `repa` int NOT NULL DEFAULT '0',
  `bot` int NOT NULL DEFAULT '0'
) ENGINE=InnoDB DEFAULT CHARSET=utf8mb4 COLLATE=utf8mb4_0900_ai_ci;

--
-- Дамп данных таблицы `user`
--

INSERT INTO `user` (`id`, `username`, `password_hash`, `auth_key`, `session_id`, `session_expire`, `created_at`, `updated_at`, `email`, `password_reset_token`, `status`, `kr`, `ekr`, `str`, `dex`, `inte`, `intu`, `level`, `exp`, `endu`, `points`, `fire`, `water`, `air`, `earth`, `damage`, `defence`, `health`, `mana`, `crit`, `anticrit`, `mdef`, `evaision`, `aeveision`, `helm`, `weapon`, `shild`, `chest`, `leg`, `brasers`, `belt`, `gloves`, `boots`, `earrings`, `amulet`, `ring1`, `ring2`, `ring3`, `battle_id`, `in_battle`, `instance_id`, `ava`, `isOnline`, `chat_height`, `chat_collapsed`, `up`, `win`, `loose`, `clan_id`, `repa`, `bot`) VALUES
(0, 'System', '$2y$13$i5..COnD9bgaodFHWFoCge0dD7OiYQ2AWglfawwl9TfCKyg251ltS', 'XFPAza5R6NvepRubgUm76OoY31Di0rSR', 'fpugpob9anjflriu8742i7pd63sbba8j', NULL, 1777377334, 1777377334, 'test@ya.ru', NULL, 10, 10151, 0, 152, 149, 144, 144, 1, 1534, 144, 0, 141, 141, 141, 141, 140, 140, 1500, 140, 600, 100, 140, 600, 100, 8, 20, 16, 10, 17, 9, 12, 15, 18, 13, 14, 19, 19, 19, NULL, NULL, NULL, '/img/player/1.png', NULL, 200, 0, 0, 0, 0, 0, 0, 1),
(2, 'Admin', '$2y$13$i5..COnD9bgaodFHWFoCge0dD7OiYQ2AWglfawwl9TfCKyg251ltS', 'XFPAza5R6NvepRubgUm76OoY31Di0rSR', '4b0ahldner8t5j1loitj2c6jj7k1nja0', NULL, 1777377334, 1780429462, 'test@ya.ru', NULL, 10, 24646, 997395, 195, 160, 1000, 96, 10, 16455, 135, 269, 1000, 3, 3, 53, 430, 419, 6300, 50, 215, 159, 340, 207, 143, 227, 244, 228, 226, NULL, NULL, NULL, NULL, NULL, NULL, NULL, NULL, NULL, NULL, NULL, NULL, NULL, '/img/player/3.png', 1780584012, 40, 1, 1, 35, 18, 6, 1007, 0),
(3, 'test2', '$2y$13$i5..COnD9bgaodFHWFoCge0dD7OiYQ2AWglfawwl9TfCKyg251ltS', 'XFPAza5R6NvepRubgUm76OoY31Di0rSR', 'i0ofrr7ga095ugfehjmq8m4bhog99ec8', NULL, 1777377334, 1777377334, 'test@ya.ru', NULL, 10, 909694, 0, 152, 144, 144, 144, 4, 780, 144, 5, 141, 141, 141, 141, 140, 140, 1500, 140, 600, 100, 140, 600, 100, NULL, NULL, NULL, NULL, NULL, NULL, NULL, NULL, NULL, NULL, NULL, NULL, NULL, NULL, NULL, NULL, NULL, '/img/player/1.png', 1780518083, 311, 0, 0, 7, 1, NULL, 0, 0),
(6, 'Скелет', '', '', NULL, NULL, 1780083465, 1780083465, 'bot_skeleton@combats.local', NULL, 10, 0, 0, 5, 5, 0, 0, 1, 0, 5, 15, 0, 0, 0, 0, 25, 30, 180, 0, 30, 100, 20, 30, 80, NULL, NULL, NULL, NULL, NULL, NULL, NULL, NULL, NULL, NULL, NULL, NULL, NULL, NULL, NULL, NULL, 1, '/img/bot/skeleton.png', NULL, 150, 0, 0, 0, 0, 0, 0, 1),
(7, 'Зомби', '', '', NULL, NULL, 1780083465, 1780083465, 'bot_zombie@combats.local', NULL, 10, 0, 0, 7, 5, 0, 0, 2, 100, 7, 20, 0, 0, 0, 0, 35, 45, 220, 0, 35, 120, 25, 35, 100, NULL, NULL, NULL, NULL, NULL, NULL, NULL, NULL, NULL, NULL, NULL, NULL, NULL, NULL, NULL, NULL, 1, '/img/bot/zombie.png', NULL, 150, 0, 0, 0, 0, 0, 0, 1),
(8, 'Гоблин', '', '', NULL, NULL, 1780083465, 1780083465, 'bot_goblin_shaman@combats.local', NULL, 10, 0, 0, 6, 8, 6, 4, 3, 250, 6, 25, 4, 0, 0, 2, 40, 50, 280, 40, 40, 140, 35, 45, 120, NULL, NULL, NULL, NULL, NULL, NULL, NULL, NULL, NULL, NULL, NULL, NULL, NULL, NULL, NULL, NULL, 1, '/img/bot/goblin.png', NULL, 150, 0, 0, 0, 0, 0, 0, 1),
(9, 'Гарпия', '', '', NULL, NULL, 1780083465, 1780083465, 'bot_harpy@combats.local', NULL, 10, 0, 0, 8, 10, 4, 4, 4, 450, 8, 30, 0, 0, 6, 0, 50, 60, 350, 30, 45, 160, 40, 55, 140, NULL, NULL, NULL, NULL, NULL, NULL, NULL, NULL, NULL, NULL, NULL, NULL, NULL, NULL, NULL, NULL, 1, '/img/bot/harpy.png', NULL, 150, 0, 0, 0, 0, 0, 0, 1),
(10, 'Голем', '', '', NULL, NULL, 1780083465, 1780083465, 'bot_stone_golem@combats.local', NULL, 10, 0, 0, 12, 5, 0, 0, 5, 700, 12, 35, 0, 0, 0, 8, 55, 80, 450, 0, 35, 200, 60, 30, 180, NULL, NULL, NULL, NULL, NULL, NULL, NULL, NULL, NULL, NULL, NULL, NULL, NULL, NULL, NULL, NULL, 1, '/img/bot/golem.png', NULL, 150, 0, 0, 0, 0, 0, 0, 1),
(11, 'Вампир', '', '', NULL, NULL, 1780083465, 1780083465, 'bot_vampire@combats.local', NULL, 10, 0, 0, 10, 12, 5, 8, 6, 1000, 10, 40, 0, 5, 0, 0, 65, 70, 550, 50, 50, 240, 55, 60, 220, NULL, NULL, NULL, NULL, NULL, NULL, NULL, NULL, NULL, NULL, NULL, NULL, NULL, NULL, NULL, NULL, 1, '/img/bot/vampire.png', NULL, 150, 0, 0, 0, 0, 0, 0, 1),
(12, 'Элементаль', '', '', NULL, NULL, 1780083465, 1780083465, 'bot_fire_spirit@combats.local', NULL, 10, 0, 0, 8, 10, 10, 8, 7, 1400, 9, 45, 10, 0, 0, 0, 75, 75, 650, 70, 55, 280, 70, 65, 260, NULL, NULL, NULL, NULL, NULL, NULL, NULL, NULL, NULL, NULL, NULL, NULL, NULL, NULL, NULL, NULL, 1, '/img/bot/spirit.png', NULL, 150, 0, 0, 0, 0, 0, 0, 1),
(13, 'Дракон', '', '', NULL, NULL, 1780083465, 1780083465, 'bot_ice_dragon@combats.local', NULL, 10, 0, 0, 12, 8, 12, 10, 8, 1900, 12, 50, 0, 12, 0, 5, 90, 95, 800, 90, 60, 320, 85, 70, 300, NULL, NULL, NULL, NULL, NULL, NULL, NULL, NULL, NULL, NULL, NULL, NULL, NULL, NULL, NULL, NULL, 1, '/img/bot/dragon.png', NULL, 150, 0, 0, 0, 0, 0, 0, 1),
(14, 'Демон', '', '', NULL, NULL, 1780083465, 1780083465, 'bot_demon_knight@combats.local', NULL, 10, 0, 0, 15, 10, 8, 8, 9, 2500, 14, 55, 5, 0, 5, 5, 105, 120, 950, 80, 65, 360, 100, 75, 340, NULL, NULL, NULL, NULL, NULL, NULL, NULL, NULL, NULL, NULL, NULL, NULL, NULL, NULL, NULL, NULL, 1, '/img/bot/demon.png', NULL, 150, 0, 0, 0, 0, 0, 0, 1),
(15, 'Лич', '', '', NULL, NULL, 1780083465, 1780083465, 'bot_lich_king@combats.local', NULL, 10, 0, 0, 14, 12, 14, 14, 10, 3200, 14, 65, 8, 8, 8, 8, 125, 140, 1100, 120, 70, 400, 120, 80, 380, NULL, NULL, NULL, NULL, NULL, NULL, NULL, NULL, NULL, NULL, NULL, NULL, NULL, NULL, NULL, NULL, 1, '/img/bot/lich.png', NULL, 150, 0, 0, 0, 0, 0, 0, 1),
(16, 'Общий враг', '', '', NULL, NULL, 1780083465, 1780083465, 'bot_lich_king@combats.local', NULL, 10, 0, 0, 14, 12, 14, 14, 10, 3200, 14, 65, 8, 8, 8, 8, 125, 140, 3100, 120, 70, 400, 120, 80, 380, NULL, NULL, NULL, NULL, NULL, NULL, NULL, NULL, NULL, NULL, NULL, NULL, NULL, NULL, NULL, NULL, 1, '/img/bot/boss.png', NULL, 150, 0, 0, 0, 0, 0, 0, 1),
(17, 'jetananas', '$2y$13$JqgzQ8.NowlTB6Ys5gvjnuqRuksBMwW/LBN58PBlFudOI6uCm6oeG', 'wPZMrYmM-Br8y1ZqMQv9tXJNkDVT-GbM', NULL, NULL, 1780429582, 1780429922, 'jetananas@yandex.ru', NULL, 10, 0, 0, 3, 3, 3, 3, 1, 0, 3, 12, 0, 0, 0, 0, 10, 0, 50, 0, 0, 0, 0, 0, 0, NULL, NULL, NULL, NULL, NULL, NULL, NULL, NULL, NULL, NULL, NULL, NULL, NULL, NULL, NULL, NULL, NULL, '/img/player/1.png', NULL, 40, 1, 0, 0, 0, NULL, 0, 0);

-- --------------------------------------------------------

--
-- Структура таблицы `user_battle`
--

CREATE TABLE `user_battle` (
  `id` int NOT NULL,
  `battle_id` int DEFAULT NULL,
  `user_session` varchar(255) DEFAULT NULL,
  `komand` int DEFAULT NULL,
  `IsAlive` tinyint DEFAULT '1',
  `priority` int DEFAULT NULL,
  `hp` int DEFAULT NULL,
  `bot_id` int DEFAULT NULL,
  `user_id` int DEFAULT NULL,
  `target` int DEFAULT '1',
  `shild` int DEFAULT NULL,
  `total_damage` int DEFAULT NULL
) ENGINE=InnoDB DEFAULT CHARSET=utf8mb4 COLLATE=utf8mb4_0900_ai_ci;

--
-- Дамп данных таблицы `user_battle`
--

INSERT INTO `user_battle` (`id`, `battle_id`, `user_session`, `komand`, `IsAlive`, `priority`, `hp`, `bot_id`, `user_id`, `target`, `shild`, `total_damage`) VALUES
(204, 105, 'kqrd63dmbmboonbg1ildro6srqqpkc1e', 1, 1, 1, 3725, NULL, 2, NULL, 0, 7892),
(205, 105, NULL, 2, 0, 1, -989, 2, NULL, 1, 0, 3178),
(206, 106, 'kqrd63dmbmboonbg1ildro6srqqpkc1e', 1, 1, 1, 5084, NULL, 2, NULL, NULL, 7308),
(207, 106, NULL, 2, 0, 1, -1008, 2, NULL, 1, 0, 1216),
(208, 107, 'kqrd63dmbmboonbg1ildro6srqqpkc1e', 1, 1, 1, 6282, NULL, 2, NULL, 0, 1284),
(209, 107, NULL, 2, 0, 1, -184, 15, NULL, 1, 0, 18),
(210, 108, 'kqrd63dmbmboonbg1ildro6srqqpkc1e', 1, 1, 1, 6263, NULL, 2, NULL, 0, 1284),
(211, 108, NULL, 2, 0, 1, -184, 15, NULL, 1, 0, 37),
(212, 109, NULL, 2, 1, 1, 3100, 16, NULL, 1, 0, 0),
(213, 110, NULL, 2, 0, 1, -64, 16, NULL, 1, 0, 78),
(214, 110, 'kqrd63dmbmboonbg1ildro6srqqpkc1e', 1, 1, 1, 6263, NULL, 2, NULL, 0, 3164),
(215, 110, 'i0ofrr7ga095ugfehjmq8m4bhog99ec8', 1, 1, 2, 1459, NULL, 3, NULL, 0, 0),
(216, 111, NULL, 2, 1, 1, 3100, 16, NULL, 1, 0, 0),
(217, 112, NULL, 2, 0, 1, -1036, 16, NULL, 1, 0, 376),
(218, 112, 'kqrd63dmbmboonbg1ildro6srqqpkc1e', 1, 1, 1, 6172, NULL, 2, NULL, 0, 3940),
(219, 112, 'i0ofrr7ga095ugfehjmq8m4bhog99ec8', 1, 1, 2, 1252, NULL, 3, NULL, 0, 196),
(220, 113, 'kqrd63dmbmboonbg1ildro6srqqpkc1e', 1, 1, 1, 5692, NULL, 2, NULL, NULL, 9294),
(221, 113, NULL, 2, 0, 1, -2994, 2, NULL, 1, 0, 608),
(222, 114, 'avrnkpcd8iuc4vk6m1m50pjvi7p3blee', 1, 1, 1, 5844, NULL, 2, NULL, NULL, 9294),
(223, 114, NULL, 2, 0, 1, -2994, 2, NULL, 1, 0, 456),
(224, 115, NULL, 2, 0, 1, -64, 16, NULL, 1, 0, 37),
(225, 115, '4b0ahldner8t5j1loitj2c6jj7k1nja0', 1, 1, 1, 6263, NULL, 2, NULL, 0, 3164),
(226, 116, '4b0ahldner8t5j1loitj2c6jj7k1nja0', 1, 1, 1, 6263, NULL, 2, NULL, 0, 3164),
(227, 116, NULL, 2, 0, 1, -2064, 15, NULL, 1, 0, 37);

-- --------------------------------------------------------

--
-- Структура таблицы `user_elexir`
--

CREATE TABLE `user_elexir` (
  `id` int NOT NULL,
  `name` varchar(255) NOT NULL,
  `type` varchar(255) NOT NULL,
  `user_id` int NOT NULL,
  `img` varchar(255) NOT NULL,
  `use_time` int NOT NULL
) ENGINE=InnoDB DEFAULT CHARSET=utf8mb4 COLLATE=utf8mb4_0900_ai_ci;

-- --------------------------------------------------------

--
-- Структура таблицы `user_levels`
--

CREATE TABLE `user_levels` (
  `id` int NOT NULL,
  `level` int NOT NULL,
  `up` int NOT NULL COMMENT 'Номер UP внутри уровня (1,2,3...)',
  `exp_required` int NOT NULL COMMENT 'Опыт для получения этого UP',
  `points_reward` int NOT NULL COMMENT 'Points за этот UP',
  `kr_reward` int NOT NULL COMMENT 'KR за этот UP',
  `total_exp_to_this_up` int NOT NULL COMMENT 'Общий опыт для достижения этого UP',
  `total_points_to_this_up` int NOT NULL COMMENT 'Общее количество points накопленное к этому UP',
  `total_kr_to_this_up` int NOT NULL DEFAULT '0',
  `base_hp` int NOT NULL DEFAULT '100' COMMENT 'Базовое HP на этом уровне',
  `base_damage` int NOT NULL DEFAULT '10' COMMENT 'Базовый урон на этом уровне'
) ENGINE=InnoDB DEFAULT CHARSET=utf8mb4 COLLATE=utf8mb4_0900_ai_ci;

--
-- Дамп данных таблицы `user_levels`
--

INSERT INTO `user_levels` (`id`, `level`, `up`, `exp_required`, `points_reward`, `kr_reward`, `total_exp_to_this_up`, `total_points_to_this_up`, `total_kr_to_this_up`, `base_hp`, `base_damage`) VALUES
(1, 1, 1, 400, 5, 50, 0, 5, 50, 160, 10),
(2, 2, 1, 600, 5, 55, 400, 10, 105, 320, 15),
(3, 2, 2, 800, 5, 55, 1000, 15, 160, 320, 15),
(4, 2, 3, 1000, 5, 55, 1800, 20, 215, 320, 15),
(5, 3, 1, 1200, 5, 60, 2800, 25, 275, 480, 20),
(6, 3, 2, 1400, 5, 60, 4000, 30, 335, 480, 20),
(7, 3, 3, 1600, 5, 60, 5400, 35, 395, 480, 20),
(8, 3, 4, 2000, 5, 60, 7000, 40, 455, 480, 20),
(9, 4, 1, 2400, 6, 70, 9000, 46, 525, 640, 25),
(10, 4, 2, 2800, 6, 70, 11400, 52, 595, 640, 25),
(11, 4, 3, 3200, 6, 70, 14200, 58, 665, 640, 25),
(12, 4, 4, 3600, 6, 70, 17400, 64, 735, 640, 25),
(13, 5, 1, 4000, 6, 80, 21000, 70, 815, 800, 35),
(14, 5, 2, 4400, 6, 80, 25000, 76, 895, 800, 35),
(15, 5, 3, 4800, 6, 80, 29400, 82, 975, 800, 35),
(16, 5, 4, 5200, 6, 80, 34200, 88, 1055, 800, 35),
(17, 6, 1, 6000, 7, 100, 39400, 95, 1155, 960, 45),
(18, 6, 2, 6800, 7, 100, 45400, 102, 1255, 960, 45),
(19, 6, 3, 7600, 7, 100, 52200, 109, 1355, 960, 45),
(20, 6, 4, 8400, 7, 100, 59800, 116, 1455, 960, 45),
(21, 6, 5, 9200, 7, 100, 68200, 123, 1555, 960, 45),
(22, 7, 1, 10000, 8, 120, 77400, 131, 1675, 1120, 60),
(23, 7, 2, 11000, 8, 120, 87400, 139, 1795, 1120, 60),
(24, 7, 3, 12000, 8, 120, 98400, 147, 1915, 1120, 60),
(25, 7, 4, 13000, 8, 120, 110400, 155, 2035, 1120, 60),
(26, 7, 5, 14000, 8, 120, 123400, 163, 2155, 1120, 60),
(27, 8, 1, 16000, 9, 150, 137400, 172, 2305, 1280, 75),
(28, 8, 2, 18000, 9, 150, 153400, 181, 2455, 1280, 75),
(29, 8, 3, 20000, 9, 150, 171400, 190, 2605, 1280, 75),
(30, 8, 4, 22000, 9, 150, 191400, 199, 2755, 1280, 75),
(31, 8, 5, 24000, 9, 150, 213400, 208, 2905, 1280, 75),
(32, 8, 6, 26000, 9, 150, 237400, 217, 3055, 1280, 75),
(33, 9, 1, 30000, 10, 180, 263400, 227, 3235, 1440, 95),
(34, 9, 2, 34000, 10, 180, 293400, 237, 3415, 1440, 95),
(35, 9, 3, 38000, 10, 180, 327400, 247, 3595, 1440, 95),
(36, 9, 4, 42000, 10, 180, 365400, 257, 3775, 1440, 95),
(37, 9, 5, 46000, 10, 180, 407400, 267, 3955, 1440, 95),
(38, 9, 6, 50000, 10, 180, 453400, 277, 4135, 1440, 95),
(39, 10, 1, 60000, 12, 250, 503400, 289, 4385, 1600, 120),
(40, 10, 2, 70000, 12, 250, 563400, 301, 4635, 1600, 120),
(41, 10, 3, 80000, 12, 250, 633400, 313, 4885, 1600, 120),
(42, 10, 4, 90000, 12, 250, 713400, 325, 5135, 1600, 120),
(43, 10, 5, 100000, 12, 250, 803400, 337, 5385, 1600, 120),
(44, 10, 6, 110000, 12, 250, 903400, 349, 5635, 1600, 120),
(45, 10, 7, 120000, 12, 250, 1013400, 361, 5885, 1600, 120);

-- --------------------------------------------------------

--
-- Структура таблицы `user_spells`
--

CREATE TABLE `user_spells` (
  `id` int NOT NULL,
  `user_id` int NOT NULL,
  `spell_id` int NOT NULL
) ENGINE=InnoDB DEFAULT CHARSET=utf8mb4 COLLATE=utf8mb4_0900_ai_ci;

--
-- Дамп данных таблицы `user_spells`
--

INSERT INTO `user_spells` (`id`, `user_id`, `spell_id`) VALUES
(16, 2, 1),
(17, 2, 1),
(18, 2, 1),
(19, 2, 1),
(20, 2, 1),
(21, 2, 1),
(22, 2, 1);

--
-- Индексы сохранённых таблиц
--

--
-- Индексы таблицы `auction`
--
ALTER TABLE `auction`
  ADD PRIMARY KEY (`id`),
  ADD KEY `idx_user_id` (`user_id`),
  ADD KEY `idx_item_id` (`item_id`),
  ADD KEY `idx_create_time` (`create_time`);

--
-- Индексы таблицы `avatar`
--
ALTER TABLE `avatar`
  ADD PRIMARY KEY (`id`);

--
-- Индексы таблицы `battle`
--
ALTER TABLE `battle`
  ADD PRIMARY KEY (`id`);

--
-- Индексы таблицы `battle_attack`
--
ALTER TABLE `battle_attack`
  ADD PRIMARY KEY (`id`);

--
-- Индексы таблицы `battle_log`
--
ALTER TABLE `battle_log`
  ADD PRIMARY KEY (`id`);

--
-- Индексы таблицы `chat`
--
ALTER TABLE `chat`
  ADD PRIMARY KEY (`id`);

--
-- Индексы таблицы `clan`
--
ALTER TABLE `clan`
  ADD PRIMARY KEY (`id`);

--
-- Индексы таблицы `clan_user`
--
ALTER TABLE `clan_user`
  ADD PRIMARY KEY (`id`);

--
-- Индексы таблицы `class_stats`
--
ALTER TABLE `class_stats`
  ADD PRIMARY KEY (`id`),
  ADD UNIQUE KEY `unique_class_level` (`level`,`class`);

--
-- Индексы таблицы `elexir`
--
ALTER TABLE `elexir`
  ADD PRIMARY KEY (`id`);

--
-- Индексы таблицы `event_boss`
--
ALTER TABLE `event_boss`
  ADD PRIMARY KEY (`id`),
  ADD KEY `idx_event_date` (`event_date`),
  ADD KEY `idx_is_active` (`is_active`);

--
-- Индексы таблицы `event_participants`
--
ALTER TABLE `event_participants`
  ADD PRIMARY KEY (`id`),
  ADD KEY `idx_event_id` (`event_id`),
  ADD KEY `idx_user_id` (`user_id`);

--
-- Индексы таблицы `forum_replies`
--
ALTER TABLE `forum_replies`
  ADD PRIMARY KEY (`id`),
  ADD KEY `idx_topic_id` (`topic_id`),
  ADD KEY `idx_user_id` (`user_id`);

--
-- Индексы таблицы `forum_topics`
--
ALTER TABLE `forum_topics`
  ADD PRIMARY KEY (`id`),
  ADD KEY `idx_user_id` (`user_id`),
  ADD KEY `idx_created_at` (`created_at`);

--
-- Индексы таблицы `instance`
--
ALTER TABLE `instance`
  ADD PRIMARY KEY (`id`);

--
-- Индексы таблицы `instance_bots`
--
ALTER TABLE `instance_bots`
  ADD PRIMARY KEY (`id`);

--
-- Индексы таблицы `inventory`
--
ALTER TABLE `inventory`
  ADD PRIMARY KEY (`id`);

--
-- Индексы таблицы `invetory_elexir`
--
ALTER TABLE `invetory_elexir`
  ADD PRIMARY KEY (`id`);

--
-- Индексы таблицы `item`
--
ALTER TABLE `item`
  ADD PRIMARY KEY (`id`),
  ADD KEY `idx_type` (`type`),
  ADD KEY `idx_n_level` (`n_level`),
  ADD KEY `idx_img` (`img`),
  ADD KEY `idx_type_n_level` (`type`,`n_level`),
  ADD KEY `idx_description` (`description`(50)),
  ADD KEY `idx_class` (`class`);

--
-- Индексы таблицы `mailed`
--
ALTER TABLE `mailed`
  ADD PRIMARY KEY (`id`);

--
-- Индексы таблицы `spells`
--
ALTER TABLE `spells`
  ADD PRIMARY KEY (`id`);

--
-- Индексы таблицы `user`
--
ALTER TABLE `user`
  ADD PRIMARY KEY (`id`);

--
-- Индексы таблицы `user_battle`
--
ALTER TABLE `user_battle`
  ADD PRIMARY KEY (`id`);

--
-- Индексы таблицы `user_elexir`
--
ALTER TABLE `user_elexir`
  ADD PRIMARY KEY (`id`);

--
-- Индексы таблицы `user_levels`
--
ALTER TABLE `user_levels`
  ADD PRIMARY KEY (`id`);

--
-- Индексы таблицы `user_spells`
--
ALTER TABLE `user_spells`
  ADD PRIMARY KEY (`id`);

--
-- AUTO_INCREMENT для сохранённых таблиц
--

--
-- AUTO_INCREMENT для таблицы `auction`
--
ALTER TABLE `auction`
  MODIFY `id` int NOT NULL AUTO_INCREMENT, AUTO_INCREMENT=24;

--
-- AUTO_INCREMENT для таблицы `avatar`
--
ALTER TABLE `avatar`
  MODIFY `id` int NOT NULL AUTO_INCREMENT, AUTO_INCREMENT=5;

--
-- AUTO_INCREMENT для таблицы `battle`
--
ALTER TABLE `battle`
  MODIFY `id` int NOT NULL AUTO_INCREMENT, AUTO_INCREMENT=117;

--
-- AUTO_INCREMENT для таблицы `battle_attack`
--
ALTER TABLE `battle_attack`
  MODIFY `id` int NOT NULL AUTO_INCREMENT, AUTO_INCREMENT=924;

--
-- AUTO_INCREMENT для таблицы `battle_log`
--
ALTER TABLE `battle_log`
  MODIFY `id` int NOT NULL AUTO_INCREMENT, AUTO_INCREMENT=957;

--
-- AUTO_INCREMENT для таблицы `chat`
--
ALTER TABLE `chat`
  MODIFY `id` int NOT NULL AUTO_INCREMENT, AUTO_INCREMENT=104;

--
-- AUTO_INCREMENT для таблицы `clan`
--
ALTER TABLE `clan`
  MODIFY `id` int NOT NULL AUTO_INCREMENT, AUTO_INCREMENT=7;

--
-- AUTO_INCREMENT для таблицы `clan_user`
--
ALTER TABLE `clan_user`
  MODIFY `id` int NOT NULL AUTO_INCREMENT, AUTO_INCREMENT=13;

--
-- AUTO_INCREMENT для таблицы `class_stats`
--
ALTER TABLE `class_stats`
  MODIFY `id` int NOT NULL AUTO_INCREMENT, AUTO_INCREMENT=37;

--
-- AUTO_INCREMENT для таблицы `elexir`
--
ALTER TABLE `elexir`
  MODIFY `id` int NOT NULL AUTO_INCREMENT, AUTO_INCREMENT=5;

--
-- AUTO_INCREMENT для таблицы `event_boss`
--
ALTER TABLE `event_boss`
  MODIFY `id` int NOT NULL AUTO_INCREMENT, AUTO_INCREMENT=23;

--
-- AUTO_INCREMENT для таблицы `event_participants`
--
ALTER TABLE `event_participants`
  MODIFY `id` int NOT NULL AUTO_INCREMENT, AUTO_INCREMENT=26;

--
-- AUTO_INCREMENT для таблицы `forum_replies`
--
ALTER TABLE `forum_replies`
  MODIFY `id` int NOT NULL AUTO_INCREMENT, AUTO_INCREMENT=10;

--
-- AUTO_INCREMENT для таблицы `forum_topics`
--
ALTER TABLE `forum_topics`
  MODIFY `id` int NOT NULL AUTO_INCREMENT, AUTO_INCREMENT=12;

--
-- AUTO_INCREMENT для таблицы `instance`
--
ALTER TABLE `instance`
  MODIFY `id` int NOT NULL AUTO_INCREMENT, AUTO_INCREMENT=49;

--
-- AUTO_INCREMENT для таблицы `instance_bots`
--
ALTER TABLE `instance_bots`
  MODIFY `id` int NOT NULL AUTO_INCREMENT, AUTO_INCREMENT=917;

--
-- AUTO_INCREMENT для таблицы `inventory`
--
ALTER TABLE `inventory`
  MODIFY `id` int NOT NULL AUTO_INCREMENT, AUTO_INCREMENT=246;

--
-- AUTO_INCREMENT для таблицы `invetory_elexir`
--
ALTER TABLE `invetory_elexir`
  MODIFY `id` int NOT NULL AUTO_INCREMENT, AUTO_INCREMENT=39;

--
-- AUTO_INCREMENT для таблицы `item`
--
ALTER TABLE `item`
  MODIFY `id` int NOT NULL AUTO_INCREMENT, AUTO_INCREMENT=1213;

--
-- AUTO_INCREMENT для таблицы `mailed`
--
ALTER TABLE `mailed`
  MODIFY `id` int NOT NULL AUTO_INCREMENT, AUTO_INCREMENT=19;

--
-- AUTO_INCREMENT для таблицы `spells`
--
ALTER TABLE `spells`
  MODIFY `id` int NOT NULL AUTO_INCREMENT, AUTO_INCREMENT=2;

--
-- AUTO_INCREMENT для таблицы `user`
--
ALTER TABLE `user`
  MODIFY `id` int NOT NULL AUTO_INCREMENT, AUTO_INCREMENT=18;

--
-- AUTO_INCREMENT для таблицы `user_battle`
--
ALTER TABLE `user_battle`
  MODIFY `id` int NOT NULL AUTO_INCREMENT, AUTO_INCREMENT=228;

--
-- AUTO_INCREMENT для таблицы `user_elexir`
--
ALTER TABLE `user_elexir`
  MODIFY `id` int NOT NULL AUTO_INCREMENT, AUTO_INCREMENT=33;

--
-- AUTO_INCREMENT для таблицы `user_levels`
--
ALTER TABLE `user_levels`
  MODIFY `id` int NOT NULL AUTO_INCREMENT, AUTO_INCREMENT=46;

--
-- AUTO_INCREMENT для таблицы `user_spells`
--
ALTER TABLE `user_spells`
  MODIFY `id` int NOT NULL AUTO_INCREMENT, AUTO_INCREMENT=23;
COMMIT;

/*!40101 SET CHARACTER_SET_CLIENT=@OLD_CHARACTER_SET_CLIENT */;
/*!40101 SET CHARACTER_SET_RESULTS=@OLD_CHARACTER_SET_RESULTS */;
/*!40101 SET COLLATION_CONNECTION=@OLD_COLLATION_CONNECTION */;
